First Name,Middle Name,Last Name,Phonetic First Name,Phonetic Middle Name,Phonetic Last Name,Name Prefix,Name Suffix,Nickname,File As,Organization Name,Organization Title,Organization Department,Birthday,Notes,Photo,Labels,E-mail 1 - Label,E-mail 1 - Value,E-mail 2 - Label,E-mail 2 - Value,E-mail 3 - Label,E-mail 3 - Value,Phone 1 - Label,Phone 1 - Value,Phone 2 - Label,Phone 2 - Value,Phone 3 - Label,Phone 3 - Value,Phone 4 - Label,Phone 4 - Value,Phone 5 - Label,Phone 5 - Value,Phone 6 - Label,Phone 6 - Value,Phone 7 - Label,Phone 7 - Value,Phone 8 - Label,Phone 8 - Value,Phone 9 - Label,Phone 9 - Value,Phone 10 - Label,Phone 10 - Value,Address 1 - Label,Address 1 - Formatted,Address 1 - Street,Address 1 - City,Address 1 - PO Box,Address 1 - Region,Address 1 - Postal Code,Address 1 - Country,Address 1 - Extended Address,Address 2 - Label,Address 2 - Formatted,Address 2 - Street,Address 2 - City,Address 2 - PO Box,Address 2 - Region,Address 2 - Postal Code,Address 2 - Country,Address 2 - Extended Address,Address 3 - Label,Address 3 - Formatted,Address 3 - Street,Address 3 - City,Address 3 - PO Box,Address 3 - Region,Address 3 - Postal Code,Address 3 - Country,Address 3 - Extended Address,Relation 1 - Label,Relation 1 - Value,Website 1 - Label,Website 1 - Value,Event 1 - Label,Event 1 - Value,Event 2 - Label,Event 2 - Value,Event 3 - Label,Event 3 - Value,Event 4 - Label,Event 4 - Value,Custom Field 1 - Label,Custom Field 1 - Value
AANUOLUWAPO OLUWASONA,,,,,,,,,,,,, --10-18,,,RCCG ::: * myContacts,,,,,,,Other,+2347089721733,,,,,,,,,,,,,,,,,,,,,,,,,,,,,,,,,,,,,,,,,,,,,,,,,,,,,,,,,,,
AANUOLUWAPO PRISCILLA AYANFE,,,,,,,,,,,,,2020-02-16,,,* myContacts,,,,,,,Mobile,+2348119575281,Other,+2348119575281,,,,,,,,,,,,,,,,,,,,,,,,,,,,,,,,,,,,,,,,,,,,,,,,,,,,,,,,,
AANUOLUWAPO RACHAEL OGUNDARE,,,,,,,,,,,,, --09-03,"Qualification.   : Bsc mass communication
School graduated from: not yet a graduate
Employment contract :
Designation : play group
Class: PG 1
Resumption day : 23 of September",,KBI Ex Staff ::: * myContacts,* Home,rachealaanu57@gmail.com,,,,,Mobile,+2349067620640,Other,+2349067620640,,,,,,,,,,,,,,,,,,,,,,,,,,,,,,,,,,,,,,,,,,,,,,,,,,,,,,,,,
AARON,OLUWADEMILADE,ONI,,,,,,,,,,,2021-05-12,,,KBI Parents ::: * myContacts,,,,,,,,0703 986 7775 ::: 0807 176 7032,,,,,,,,,,,,,,,,,,,,,,,,,,,,,,,,,,,,,,,,,,,,,,,,,,,,,,,,,,,
ABAYOMI AWOYEMI,,,,,,,,,,,,,,,,Relatives ::: * myContacts,,,,,,,Mobile,+2348034071611,Other,+2348034071611,,,,,,,,,,,,,,,,,,,,,,,,,,,,,,,,,,,,,,,,,,,,,,,,,,,,,,,,,
ABAYOMI IITA,,,,,,,,,,,,,,,,* myContacts,,,,,,,Other,+2348102720538,,,,,,,,,,,,,,,,,,,,,,,,,,,,,,,,,,,,,,,,,,,,,,,,,,,,,,,,,,,
ABBEY SAMUEL FATOYINBO,,,,,,,,,,,,,,,,RCCG ::: * myContacts,,,,,,,Other,+2348132121903,,,,,,,,,,,,,,,,,,,,,,,,,,,,,,,,,,,,,,,,,,,,,,,,,,,,,,,,,,,
Abdallah Ishaq,,,,,,,,,,,,,,,,* myContacts,* Other,ishaqabdallah264@gmail.com,,,,,Other,233545656264,,,,,,,,,,,,,,,,,,,,,,,,,,,,,,,,,,,,,,,,,,,,,,,,,,,,,,,,,,,
Abdoulie Jallow,,,,,,,,,,,,,,,,* myContacts,* Other,jallowabdoulie130@gmail.com,,,,,Other,2203416908,,,,,,,,,,,,,,,,,,,,,,,,,,,,,,,,,,,,,,,,,,,,,,,,,,,,,,,,,,,
ABDULAHI,,ALIU,,,,,,,,,,,2011-05-06,"SCHOLARSHIP FROM IDC PRIMARY SCHOOL, APAPA, MONIYA, IBADAN",,KBI Ex Parents ::: * myContacts,,,,,,,Other,+2348054388869 ::: +2349076745353,,,,,,,,,,,,,,,,,,,,"RAMAT AREAMONIYA
IBADAN, YO
NG",RAMAT AREAMONIYA,IBADAN,,YO,,NG,,,,,,,,,,,,,,,,,,,,,,,,ADMISSION INTO JSS1,2022-09-27,,,,,,,,
Abdulbaqi Adebiyi,,,,,,,,,,,,,,,,* myContacts,* Other,adebiyijnr@gmail.com,,,,,Other,2439160994878,,,,,,,,,,,,,,,,,,,,,,,,,,,,,,,,,,,,,,,,,,,,,,,,,,,,,,,,,,,
ABDULLAHI,OLUWASEYI,OLADOSU,,,,,,,,,,,2023-03-21,,,KBI Parents ::: * myContacts,,,,,,,,0703 506 4023,,,,,,,,,,,,,,,,,,,,,,,,,,,,,,,,,,,,,,,,,,,,,,,,,,,,,,,,,,,
ABDULLATEEF & ABDULSAMAD,,FASASI,,,,,,,,,,,,,,KBI Parents ::: * myContacts,,,,,,,,0803 578 7146 ::: 0702 525 9691,,,,,,,,,,,,,,,,,,,,,,,,,,,,,,,,,,,,,,,,,,,,,,,,,,ABDULSAMAD,2014-01-04,ABDULLATEEF,2011-06-23,,,,,,
ABDULLATEEF OPEYEMI ABDULGANIYU,,,,,,,,,,,,, --05-13,,,RCCG ::: * myContacts,,,,,,,Other,+2348137755960,,,,,,,,,,,,,,,,,,,,,,,,,,,,,,,,,,,,,,,,,,,,,,,,,,,,,,,,,,,
ABDULMUIZ,,ADELEKE,,,,,,,,,TRADER / TRADER,,2008-09-19,,,KBI Ex Parents ::: * myContacts,* Home,madelekebayo@gmail.com,,,,,Other,+2348053931347 ::: +2349058998709 ::: +2348058246338,,,,,,,,,,,,,,,,,,,Other,"PALM GARDEN AVENUE, DABIRI ROAD
NO 1, ROAD 7B
IBADAN, YO
NG","PALM GARDEN AVENUE, DABIRI ROAD
NO 1, ROAD 7B",IBADAN,,YO,,NG,,,,,,,,,,,,,,,,,,,,,,,,,,,,,,,,,
ABDULQUDUS ADENIYI,,,,,,,,,,,,,2023-05-06,,,KBI Parents ::: * myContacts,,,,,,,Mobile,+2347071064203,Other,2347071064203,,,,,,,,,,,,,,,,,,,,,,,,,,,,,,,,,,,,,,,,,,,,,,,,,,,,,,,,,
ABDULRASAQ HALIMAT OLAMIDE,,,,,,,,,,,,,,,,* myContacts,* Other,abdulrasahalimat56@gmail.com,,,,,Other,+2349043701534 ::: 0904370153,,,,,,,,,,,,,,,,,,,,,,,,,,,,,,,,,,,,,,,,,,,,,,,,,,,,,,,,,,,
Abeiku Coach Bentsi,,,,,,,,,,,,,,,,* myContacts,,,,,,,Mobile,+233200866214,Other,+233244615524,,,,,,,,,,,,,,,,,,,,,,,,,,,,,,,,,,,,,,,,,,,,,,,,,,,,,,,,,
Abel Okudjeto,,,,,,,,,,,,,,,,* myContacts,* Other,abelokudjeto5@gmail.com,,,,,Other,233241527242,,,,,,,,,,,,,,,,,,,,,,,,,,,,,,,,,,,,,,,,,,,,,,,,,,,,,,,,,,,
ABIGAIL OSARIEMEN  OGHOMWENYEMWEN OKORO,,,,,,,,,,,,,2000-09-12,,,KBI Ex Staff ::: RCCG ::: * myContacts,* Other,abigailosariemenokoro@gmail.com,,,,,Other,+2347052450287,,,,,,,,,,,,,,,,,,,,,,,,,,,,,,,,,,,,,,,,,,,,,,,,,,,,,,,,,,,
ABIMBOLA OWOLABI,,,,,,,,,,,,,2003-06-04,,,* myContacts,* Home,nifemiowolabi454@gmail.com,,,,,Other,+2349064936710,,,,,,,,,,,,,,,,,,,,,,,,,,,,,,,,,,,,,,,,,,,,,,,,,,,,,,,,,,,
ABIMBOLA,,TAIWO,,,,,,,,,,, --07-20,,,Relatives ::: * myContacts,,,,,,,Mobile,+2347032435548,,,,,,,,,,,,,,,,,,,,Nigeria,,,,,,Nigeria,,,,,,,,,,,,,,,,,,,,,,,,,,,,,,,,,
ABIODUN,ADEDOTUN,OKUNLOLA,,,,,,,,,,,,,,TESCOM ::: * myContacts,,,,,,,Mobile,+2347064388915,,,,,,,,,,,,,,,,,,,,,,,,,,,,,,,,,,,,,,,,,,,,,,,,,,,,,,,,,,,
ABIODUN AWONIYI,,,,,,,,,,,,,1996-12-04,,,KBI Ex Staff ::: * myContacts,* Other,awoniyiabiodun96@gmail.com,,,,,Mobile,+2349123886202,Other,+2348171703584,,,,,,,,,,,,,,,,,,,,,,,,,,,,,,,,,,,,,,,,,,,,,,,,,,,,,,,,,
ABIODUN PAUL ADEKOYA,,,,,,,,,,,,, --05-25,,,RCCG ::: * myContacts,,,,,,,Other,+2348161301305,,,,,,,,,,,,,,,,,,,,,,,,,,,,,,,,,,,,,,,,,,,,,,,,,,,,,,,,,,,
ABIOLA ILORI,,,,,,,,,,,,,,,,Scholarship Processing ::: * myContacts,* Home,iloriabiola99@gmail.com,,,,,Mobile,+2348036381583,Other,+2348036381583,,,,,,,,,,,,,,,,,,Nigeria,,,,,,Nigeria,,,,,,,,,,,,,,,,,,,,,,,,,,,,,,,,,
Abiola Ojo,,,,,,,,,,,,,,,,* myContacts,* Other,abiolaojoj18@gmail.com,,,,,Other,+2348155960127,,,,,,,,,,,,,,,,,,,,,,,,,,,,,,,,,,,,,,,,,,,,,,,,,,,,,,,,,,,
ABIOLA,,OWOLABI,,,,,,,,,,,,,https://lh3.googleusercontent.com/contacts/AG6tpzEnJfYYKtSiRQXSC8Mu0t8oMb7P3whOdjCEn-hbPS-hLT8FBh49,Businesses ::: * myContacts,,,,,,,Mobile,+2348032437270,,,,,,,,,,,,,,,,,,,,Nigeria,Nigeria,,,,,,,,,,,,,,,,,,,,,,,,,,,,,,,,,,,,,,
Abire SIGBESSIA,,,,,,,,,,,,,,,,* myContacts,* Other,biensigbe@gmail.com,,,,,Other,22892038244,,,,,,,,,,,,,,,,,,,,,,,,,,,,,,,,,,,,,,,,,,,,,,,,,,,,,,,,,,,
ABISADE ADEGBOYE,,,,,,,,,,,,, --05-27,,,RCCG ::: * myContacts,* Home,abisadeadegboye101@gmail.com,,,,,Mobile,+2347038900123,Other,+2347038900123,,,,,,,,,,,,,,,,,,,,,,,,,,,,,,,,,,,,,,,,,,,,,,,,,,,,,,,,,
ABISOLA & BABATUNDE,FARIDAT & IBRAHIM,SAHEED,,,,,,,,,,,,,,KBI Parents ::: * myContacts,,,,,,,Other,+2348057265525 ::: +2348078578180,Mobile,+2348152522227,,,,,,,,,,,,,,,,,Other,"NO 4, AKURO OLOKUN, MONIYA
NG","NO 4, AKURO OLOKUN, MONIYA NG",,,,,,,,,,,,,,,,,,,,,,,,,,,,,SAHEED IBRAHIM,2016-08-14,SAHEED BISOLA,2012-10-02,,,,,,
Abisola Abioye,,,,,,,,,,,,,,,,* myContacts,* Other,abisolaoyegbenro@gmail.com,,,,,Other,+2349036999927,,,,,,,,,,,,,,,,,,,,,,,,,,,,,,,,,,,,,,,,,,,,,,,,,,,,,,,,,,,
ABODUNDE AWOYEMI,,,,,,,,,,,,,,,,Relatives ::: * myContacts,,,,,,,Other,+2348035729453,,,,,,,,,,,,,,,,,,,,,,,,,,,,,,,,,,,,,,,,,,,,,,,,,,,,,,,,,,,
ABOLARIN OLUSOLA SAMUEL,,,,,,,,,,,,,,,,* myContacts,* Other,aosamuel0710@gmail.com,,,,,Other,+2347035906964,,,,,,,,,,,,,,,,,,,,,,,,,,,,,,,,,,,,,,,,,,,,,,,,,,,,,,,,,,,
ABOSEDE ADISA,,,,,,,,,,,,,,,,* myContacts,,,,,,,Mobile,+2349024402870,Other,+2348073585977,,,,,,,,,,,,,,,,,,,,,,,,,,,,,,,,,,,,,,,,,,,,,,,,,,,,,,,,,
ABOSEDE,MARIA,KUSEMON,,,,,,,,,,,1991-03-08,,,KBI Staff ::: * myContacts,,,,,,,Mobile,+234 902 440 2870,,+234 807 358 5977,SISTER,0916 044 2520,,,,,,,,,,,,,,,Home,NG,,,,,,NG,,,,,,,,,,,,,,,,,,,,,,,,,,,,,,,,,
ABOSEDE MARY ONI,,,,,,,,,,,,,,,,* myContacts,,,,,,,Mobile,+2348035140400,Other,+2348035140400,,,,,,,,,,,,,,,,,,Nigeria,,,,,,Nigeria,,,,,,,,,,,,,,,,,,,,,,,,,,,,,,,,,
Abraham Amoako Mensah,,,,,,,,,,,,,,,,* myContacts,* Other,fadamensah19@gmail.com,,,,,Other,+233545169853,,,,,,,,,,,,,,,,,,,,,,,,,,,,,,,,,,,,,,,,,,,,,,,,,,,,,,,,,,,
Abubakar Lawali,,,,,,,,,,,,,,,,* myContacts,* Other,absongymailayi@gmail.com,,,,,Mobile,+2348165102712,Other,+2348165102712,,,,,,,,,,,,,,,,,,,,,,,,,,,,,,,,,,,,,,,,,,,,,,,,,,,,,,,,,
Abubakar Sadiq Muhammad,,,,,,,,,,,,,,,,* myContacts,* Other,sadiqdouble851@gmail.com,,,,,Mobile,+2348103594743,Other,+2348103594743,,,,,,,,,,,,,,,,,,,,,,,,,,,,,,,,,,,,,,,,,,,,,,,,,,,,,,,,,
ABUDSALAM REWIRE,,LUKMAN MOBIL,,,,,,,,,,,,,,* myContacts,* Home,lukmanabudsalam@gmail.com,,,,,Mobile,+2348144636240,,,,,,,,,,,,,,,,,,,,Nigeria,,,,,,Nigeria,,,,,,,,,,,,,,,,,,,,,,,,,,,,,,,,,
ADAKO ABIOLA,,,,,,,,,,,,,,,,* myContacts,,,,,,,Other,+2347032053695,,,,,,,,,,,,,,,,,,,,,,,,,,,,,,,,,,,,,,,,,,,,,,,,,,,,,,,,,,,
Adams Seidu,,,,,,,,,,,,,,,,* myContacts,* Other,adamsbolt@gmail.com,,,,,Other,2330545184741,,,,,,,,,,,,,,,,,,,,,,,,,,,,,,,,,,,,,,,,,,,,,,,,,,,,,,,,,,,
ADAMU AGAJI,,,,,,,,,,,,,,,,* myContacts,,,,,,,Other,+2348139099791,,,,,,,,,,,,,,,,,,,,,,,,,,,,,,,,,,,,,,,,,,,,,,,,,,,,,,,,,,,
ADEBAYO MATTHEW ADEOYE,,,,,,,,,,,,,,,,RCCG ::: * myContacts,,,,,,,Mobile,+2348168153114,Other,+2348168153114,,,,,,,,,,,,,,,,,,,,,,,,,,,,,,,,,,,,,,,,,,,,,,,,,,,,,,,,,
,,ADEBISI,,,,PASTOR,,,,,,,,,,* myContacts,,,,,,,Mobile,+2347015201938,,,,,,,,,,,,,,,,,,,,Nigeria,,,,,,Nigeria,,,,,,,,,,,,,,,,,,,,,,,,,,,,,,,,,
ADEDAPO,ADEFEMI,ADEOYE,,,,,,,,,,,2018-07-27,,,RCCG ::: * myContacts,* ,JUSTMEADEOYE@YAHOO.COM,,,,,Mobile,+2349078443303,,,,,,,,,,,,,,,,,,,,,,,,,,,,,,,,,,,,,,,,,,,,,,,,,,Anniversary,2018-04-08,,,,,,,Photo,https://lh3.googleusercontent.com/contacts/ABsqplsPi12iHBfPt6rfnqglRfnnaS4YMjOGN6GR0OpYES0pIbv7qcpv
ADEDAPO,,ADEGUNJU,,,,,,,,,,,,,https://lh3.googleusercontent.com/contacts/AG6tpzHES5hmBtce_8ipEzIABgl-Y69xPUGH9x5Yypo8VhuWqV1ZtX0b,School University of Ibadan Students ::: * myContacts,,,,,,,Mobile,+2348063125879,,,,,,,,,,,,,,,,,,,,Nigeria,,,,,,Nigeria,,,,,,,,,,,,,,,,,,,,,,,,,,,,,,,,,
ADEDAPO BENJAMIN GBENGA,,,,,,,,,,,,,,,,* myContacts,* Other,adedapobenjamin92@gmail.com,,,,,Other,+2348109700252,,,,,,,,,,,,,,,,,,,,,,,,,,,,,,,,,,,,,,,,,,,,,,,,,,,,,,,,,,,
ADEDAYO,,FATOLU,,,,,,,,,,, --02-18,,,RCCG ::: * myContacts,* Home,adesmatte761@gmail.com,,,,,Mobile,+234 907 081 8109,Other,+2349070878109,,,,,,,,,,,,,,,,,,,,,,,,,,,,,,,,,,,,,,,,,,,,,,,,,,,,,,,,,
ADEDOJA,,,,,,,,,,,,,,,,* myContacts,* Home,yetundeadedoja3@gmail.com,,,,,Mobile,+234 803 361 0952,,,,,,,,,,,,,,,,,,,Home,Nigeria,,,,,,Nigeria,,,,,,,,,,,,,,,,,,,,,,,,,,,,,,,,,
ADEGASOLU BOSUN PHILIPS,,,,,,,,,,,,,,,,* myContacts,* Other,bosunphilips@gmail.com,,,,,Mobile,+2349037472470,Other,+2349037472470,,,,,,,,,,,,,,,,,,,,,,,,,,,,,,,,,,,,,,,,,,,,,,,,,,,,,,,,,
ADEJOKE,,JAMES,,,,,,,,,,,,,https://lh3.googleusercontent.com/contacts/AG6tpzHoxIGrSZevSJaBmpk46fbvN6W8U83VWekWkVUOq8lpdF0ltpJj,* myContacts,,,,,,,Home,+2348177158686,Mobile,+2348064684796,,,,,,,,,,,,,,,,,,,,,,,,,,,,,,,,,,,,,,,,,,,,,,,,,,,,,,,,,
ADEJOKE OLAYINKA,,,,,,,,,,,,,2024-06-14,,,RCCG ::: * myContacts,,,,,,,Mobile,+2349155114468,Other,09155114468,,,,,,,,,,,,,,,,,,,,,,,,,,,,,,,,,,,,,,,,,,,,,,,,,,,,,,,,,
ADEJUMO,,OLUWABUNMI,,,,,,,,BRENT MALL,,,,,,Businesses ::: * myContacts,* Home,adekunmi2017@gmail.com,,,,,Mobile,+2347032029204,,,,,,,,,,,,,,,,,,,,Nigeria,Nigeria,,,,,,,,,,,,,,,,,,,,,,,,,,,,,,,,,,,,,,
ADEKUNLE,,,,,,,,,,,,,,,,RCCG ::: * myContacts,,,,,,,Mobile,+2349065574001,Other,+2349065574001,,,,,,,,,,,,,,,,,,,,,,,,,,,,,,,,,,,,,,,,,,,,,,,,,,,,,,,,Photo,https://lh3.googleusercontent.com/contacts/ABsqplteIlWZI-TVudS_l6f8CEcSpirNImHAgiKHkT5Kbp79JkRhVEPo
ADEKUNLE,,ALABI,,,,,,,,,,,2025-03-13,,,KBI Parents ::: * myContacts,* ,IMOLEOLUWAPEACE@GMAILCOM,,,,,,0701 645 1632,,,,,,,,,,,,,,,,,,,,,,,,,,,,,,,,,,,,,,,,,,,,,,,,,,,,,,,,,,,
,,ADELABU,,,,,,,,,,,,,,TESCOM ::: * myContacts,,,,,,,Mobile,+2348137289884,,,,,,,,,,,,,,,,,,,,Nigeria,,,,,,Nigeria,,,,,,,,,,,,,,,,,,,,,,,,,,,,,,,,,
ADELEKE JOHNSON THAMES OSHIN,,,,,,,,,,,,,,,,* myContacts,* Other,adelekejohnson4real@gmail.com,,,,,Work,+2347051861298,Other,+2348034147431,,,,,,,,,,,,,,,,,,,,,,,,,,,,,,,,,,,,,,,,,,,,,,,,,,,,,,,,,
ADELOVE ADEWURA,,,,,,,,,,,,,2024-01-13,,,RCCG ::: * myContacts,,,,,,,Mobile,+2348167121111,Other,+2348167121111,,,,,,,,,,,,,,,,,,,,,,,,,,,,,,,,,,,,,,,,,,,,,,,,,,,,,,,,,
ADEMIDE OBAREMI,,,,,,,,,,,,,2024-05-29,,,KBI Ex Parents ::: * myContacts,,,,,,,Mobile,+2347030291628,Work,+2347034236820 ::: +2347034236820,Other,+2347030291628,,,,,,,,,,,,,,,,,,,,,,,,,,,,,,,,,,,,,,,,,,,,,,,,,,,,,,,
ADEMIDE,SAMUEL,OLALEMI,,,,,,,,,,,2024-05-07,,,KBI Parents ::: * myContacts,* ,ADEDEJIOLALEMI@GMAIL.COM,,,,,,0902 088 1390 ::: 0808 991 4626,,,,,,,,,,,,,,,,,,,,,,,,,,,,,,,,,,,,,,,,,,,,,,,,,,,,,,,,,,,
ADEMOLA,,,,,,,,,,,,,,,,Techbase Customers Ex ::: * myContacts,,,,,,,Mobile,+2348034990575,Other,+2348034990575,,,,,,,,,,,,,,,,,,,,,,,,,,,,,,,,,,,,,,,,,,,,,,,,,,,,,,,,,
ADEMOLA,,ADEOSUN,,,,,,,,,,,,,,* myContacts,,,,,,,Mobile,+2347033321007,Work,+234 902 223 3640,,,,,,,,,,,,,,,,,,Nigeria,,,,,,Nigeria,,,,,,,,,,,,,,,,,,,,Assistant,Aunt Funke Delivery From UK,,,,,,,,,,,,
ADENIKE ESTHER ADEDIBU,,,,,,,,,,,,,,,,* myContacts,* Other,estheradenike576@gmail.com,,,,,Other,+2349073949352,,,,,,,,,,,,,,,,,,,,,,,,,,,,,,,,,,,,,,,,,,,,,,,,,,,,,,,,,,,
ADENIYI ODOFIN,,,,,,,,,,,,,2020-10-12,,,RCCG ::: * myContacts,,,,,,,Mobile,+2349093910818,Other,+2349093910818,,,,,,,,,,,,,,,,,,,,,,,,,,,,,,,,,,,,,,,,,,,,,,,,,,,,,,,,Photo,https://lh3.googleusercontent.com/contacts/ABsqplv7Lr4bqDsthvqfegdZXFs2T0Z4CAONeYjHw7X5O53wUjmEFPRP
ADEOLA,EUNICE,ADESINA,,,,,,,,,,,2001-12-22,,https://lh3.googleusercontent.com/contacts/AG6tpzEEGKn3p95Vl4D2xeumg671L8P_yW6BkbgSLf1bkegDKrFrWNC0,* myContacts,* Home,adesinadeola247@gmail.com,,,,,Mobile,+2347067009391,,,,,,,,,,,,,,,,,,,,Nigeria,,,,,,Nigeria,,,,,,,,,,,,,,,,,,,,,,,,,,,,,,,,,
Adeoti Oladejo Kolawole,,,,,,,,,,,,,,,,* myContacts,* Other,adeotidejo.69@gmail.com,,,,,Mobile,+2348038042563,Other,+2348038042563,,,,,,,,,,,,,,,,,,,,,,,,,,,,,,,,,,,,,,,,,,,,,,,,,,,,,,,,,
ADEOYE,,OFFICER,,,,,,,,,,,,,,Businesses ::: * myContacts,,,,,,,Mobile,+2349097374199,,,,,,,,,,,,,,,,,,,,Nigeria,,,,,,Nigeria,,,,,,,,,,,,,,,,,,,,,,,,,,,,,,,,,
ADEOYE OLAMOYEGUN,,,,,,,,,,,,,,,,* myContacts,* Home,adeoyeolamoyegun@gmail.com,,,,,Mobile,+2348038204445,Other,+2348038204445,,,,,,,,,,,,,,,,,,Nigeria,,,,,,Nigeria,,,,,,,,,,,,,,,,,,,,,,,,,,,,,,,,,
ADEREMI BANKOLE MUBARAK OKORO,,,,,,,,,,,,,,,,* myContacts,* Other,okoromubarak@gmail.com,,,,,Other,22890063509,,,,,,,,,,,,,,,,,,,,,,,,,,,,,,,,,,,,,,,,,,,,,,,,,,,,,,,,,,,
ADERONKE,ESTHER,DAVID,,,,,,,,,,, --03-10,,,RCCG ::: * myContacts,,,,,,,Other,+2348107843984,,,,,,,,,,,,,,,,,,,,,,,,,,,,,,,,,,,,,,,,,,,,,,,,,,,,,,,,,,,
ADESANYA HAPPINESS DAMILOLA,,,,,,,,,,,,,,,,RCCG ::: * myContacts,* Home,adesanyadamlola1996@gmail.com,,,,,Mobile,+2348136145132,Other,+2348136145132,,,,,,,,,,,,,,,,,,Nigeria,,,,,,Nigeria,,,,,,,,,,,,,,,,,,,,,,,,,,,,,,,,,
ADESEWA ADELEGAN,,,,,,,,,,,,,2025-02-03,,,RCCG ::: * myContacts,,,,,,,Other,+2347038201986,,,,,,,,,,,,,,,,,,,,,,,,,,,,,,,,,,,,,,,,,,,,,,,,,,,,,,,,,,,
ADESINA,,ADESINA,,,,,,,,,,,,,,TESCOM ::: * myContacts,,,,,,,Mobile,+2348132383212,,,,,,,,,,,,,,,,,,,,Nigeria,,,,,,Nigeria,,,,,,,,,,,,,,,,,,,,,,,,,,,,,,,,,
ADESIRE,,ADEDAYO,,,,,,,,,,,2018-12-26,,,KBI Parents ::: * myContacts,* ,adedayodesire@gmail.com,,,,,Other,+2348058288142 ::: +2348033877121,,,,,,,,,,,,,,,,,,,,"3, BAGADAJEUNITY ROADMONIYA
IBADAN
NG","3, BAGADAJEUNITY ROADMONIYA",IBADAN,,,,NG,,,,,,,,,,,,,,,,,,,,,,,,,,,,,,,,,
ADETOLA AKINOLA,,,,,,,,,,,,,2018-01-19,,,RCCG ::: * myContacts,,,,,,,Work,+2348103112805 ::: +2348103112805,Mobile,+2348059167424,Other,+2348103112805,,,,,,,,,,,,,,,,,,,,,,,,,,,,,,,,,,,,,,,,,,,,,,,,,,,,,,Photo,https://lh3.googleusercontent.com/contacts/ABsqplsV6NNjxX74yzS89y5UPcTp7qMITnvLn-isTXTmlKrL1btypQhx
ADETUNJI JOS,,,,,,,,,,,,,,,,RCCG ::: * myContacts,,,,,,,Mobile,+2348062531933,Other,+2348062531933,,,,,,,,,,,,,,,,,Home,Nigeria,,,,,,Nigeria,,,,,,,,,,,,,,,,,,,,,,,,,,,,,,,,,
Adewale Adepoju PROJECTOR,,,,,,,,,,,,,,,,Businesses ::: * myContacts,* Home,adewaleadepoju2024@gmail.com,,,,,Mobile,+2348060226590,Other,+2348060226590,,,,,,,,,,,,,,,,,,Nigeria,,,,,,Nigeria,,,,,,,,,,,,,,,,,,,,,,,,,,,,,,,,,
ADEWALE PROJECTOR ADEPOJU,,,,,,,,,,,,,,,,* myContacts,* Other,adewaleadepoju2024@gmail.com,,,,,Other,+2348060226590,,,,,,,,,,,,,,,,,,,,,,,,,,,,,,,,,,,,,,,,,,,,,,,,,,,,,,,,,,,
ADEWUNMI ABDULBASIT ADEOLA,,,,,,,,,,,,,,,,* myContacts,* Other,adewunmiadeola.aa@gmail.com,,,,,Other,+2348169961855,,,,,,,,,,,,,,,,,,,,,,,,,,,,,,,,,,,,,,,,,,,,,,,,,,,,,,,,,,,
ADEWUYI,,ADEKUNLE,,,,,,,,,,,,,,TESCOM ::: * myContacts,,,,,,,Mobile,+2347034372318,,,,,,,,,,,,,,,,,,,,Nigeria,,,,,,Nigeria,,,,,,,,,,,,,,,,,,,,,,,,,,,,,,,,,
ADEWUYI OYINLOLA,,,,,,,,,,,,,,,,Businesses ::: * myContacts,* Home,adewuyioyinlola@gmail.com,,,,,Mobile,+2347068371877,Other,+2347068371877,,,,,,,,,,,,,,,,,,Nigeria,,,,,,Nigeria,,,,,,,,,,,,,,,,,,,,,,,,,,,,,,,,,
,,ADEYANJU,,,,,,,,,,,,Lady from Ibadan that we met in Iseyin,,TESCOM ::: * myContacts,,,,,,,Mobile,+2348146885882,,,,,,,,,,,,,,,,,,,,Nigeria,,,,,,Nigeria,,,,,,,,,,,,,,,,,,,,,,,,,,,,,,,,,
ADEYANJU OLALEKAN,,,,,,,,,,,,,,,,* myContacts,* Other,horlamy47@gmail.com,,,,,Other,+2349066271645,,,,,,,,,,,,,,,,,,,,,,,,,,,,,,,,,,,,,,,,,,,,,,,,,,,,,,,,,,,
ADEYEMO AISHA AYOMIDE,,,,,,,,,,,,,,,,* myContacts,* Other,aishaadeyemo3@gmail.com,,,,,Other,+2349093557320,,,,,,,,,,,,,,,,,,,,,,,,,,,,,,,,,,,,,,,,,,,,,,,,,,,,,,,,,,,
ADEYINKA,,,,,,,,,,EXAM & RECORDS,,,,,,School University of Ibadan Staff ::: * myContacts,,,,,,,Mobile,+2348061139089,Other,+2348061139089,,,,,,,,,,,,,,,,,,,,,,,,,,,,,,,,,,,,,,,,,,,,,,,,,,,,,,,,,
ADISA YOMI,,,,,,,,,,,,,,,,* myContacts,,,,,,,Mobile,+2348079803312,Other,+2348079803312,,,,,,,,,,,,,,,,,,,,,,,,,,,,,,,,,,,,,,,,,,,,,,,,,,,,,,,,,
Adjoa Achiaa Kesse-Sam,,,,,,,,,,,,,,,,* myContacts,* Other,nana.achaa.1992@gmail.com,,,,,Other,2330246184479,,,,,,,,,,,,,,,,,,,,,,,,,,,,,,,,,,,,,,,,,,,,,,,,,,,,,,,,,,,
Adrena kyeremateng Asamoah,,,,,,,,,,,,,,,,* myContacts,* Other,adrenakyeremateng@gmail.com,,,,,Other,2230240251691,,,,,,,,,,,,,,,,,,,,,,,,,,,,,,,,,,,,,,,,,,,,,,,,,,,,,,,,,,,
ADURAGBEMI OLUWAPELUMI OGUNJOBI,,,,,,,,,,,,, --02-18,,,RCCG ::: * myContacts,,,,,,,Other,+2349059899246,,,,,,,,,,,,,,,,,,,,,,,,,,,,,,,,,,,,,,,,,,,,,,,,,,,,,,,,,,,
Afi Françoise Fabienne Leguede,,,,,,,,,,,,,,,,* myContacts,* Other,afileguede@gmail.com,,,,,Other,22655447433,,,,,,,,,,,,,,,,,,,,,,,,,,,,,,,,,,,,,,,,,,,,,,,,,,,,,,,,,,,
AFOLAHANMI,VINCENT,ALADESAYE,,,,,,,,,,,2023-12-18,,,KBI Parents ::: * myContacts,,,,,,,Other,+2348108685721,,0704 873 3052,,,,,,,,,,,,,,,,,,,,,,,,,,,,,,,,,,,,,,,,,,,,,,,,,,,,,,,,,
AFOLASADE,MOTUNRAYO,OLAGOKE,,,,,,,,,,,1993-11-22,,,KBI Staff ::: * myContacts,* ,akinolaafolashademotunrayo@gmail.com,,,,,,0703 545 0373,,,,,,,,,,,,,,,,,,,,,,,,,,,,,,,,,,,,,,,,,,,,,,,,,,,,,,,,,,,
AFUSAT ADEBIYI,,,,,,,,,,KBI Schools,,,1996-05-15,,,KBI Ex Staff ::: * myContacts,* Other,adebiyi191@gmail.com,,,,,Other,+2347060499144,,,,,,,,,,,,,,,,,,,,,,,,,,,,,,,,,,,,,,,,,,,,,,,,,,,,,,,,,,,
AGBEDE PRINTER XTOPHER,,,,,,,,,,,,,,,,Businesses ::: * myContacts,* Home,agbedextopher@gmail.com,,,,,Mobile,+2348145634879,Other,+2348145634879,,,,,,,,,,,,,,,,,,Nigeria,,,,,,Nigeria,,,,,,,,,,,,,,,,,,,,,,,,,,,,,,,,,
AHNAT,ARAOLA,ADIGUN,,,,,,,,,,,2023-12-26,CRECHE,,KBI Parents ::: * myContacts,* ,MYMILLY33@GMAIL.COM,,,,,,0704 202 9764,Other,+2348126721286,,,,,,,,,,,,,,,,,,,,,,,,,,,,,,,,,,,,,,,,,,,,,,,,,,,,,,,,,
Aisha Ahmad,,,,,,,,,,,,,,,,* myContacts,* Other,aisha@followtaxes.com,,,,,Other,+2348067342022,,,,,,,,,,,,,,,,,,,,,,,,,,,,,,,,,,,,,,,,,,,,,,,,,,,,,,,,,,,
Aisha Rilwanu Musa,,,,,,,,,,,,,,,,* myContacts,* Other,aisharilwanmusa@gmail.com,,,,,Other,+2349035297314,,,,,,,,,,,,,,,,,,,,,,,,,,,,,,,,,,,,,,,,,,,,,,,,,,,,,,,,,,,
AISHAT WURAOLA TIAMIYU,,,,,,,,,,,,,2019-12-08,,,KBI Parents ::: * myContacts,,,,,,,Other,+2349050511227,,,,,,,,,,,,,,,,,,,,,,,,,,,,,,,,,,,,,,,,,,,,,,,,,,,,,,,,,,,
AIYEGBAJEJE SAIDAT ODUA MUSEUM COCOA HOUSE,,,,,,,,,,,,,,,,* myContacts,,,,,,,Mobile,+2349099194111,Other,+2349099194111,,,,,,,,,,,,,,,,,,,,,,,,,,,,,,,,,,,,,,,,,,,,,,,,,,,,,,,,,
AJAGBE,,,,,,,,,,,,,,,,Techbase Customers Ex ::: * myContacts,,,,,,,Other,+2348020015366,,,,,,,,,,,,,,,,,,,,,,,,,,,,,,,,,,,,,,,,,,,,,,,,,,,,,,,,,,,
AJALA TAIWO,,,,,,,,,,,,,,,,* myContacts,* Home,ajalataiwoadenike@gmail.com,,,,,Mobile,+2347031554820,Other,+2347031554820,,,,,,,,,,,,,,,,,,Nigeria,,,,,,Nigeria,,,,,,,,,,,,,,,,,,,,,,,,,,,,,,,,,
AJAYI,,,,,,,,,,,,,,,,* myContacts,* Other,marytemitope180@gmail.com,,,,,Other,+2348169276083,,,,,,,,,,,,,,,,,,,,,,,,,,,,,,,,,,,,,,,,,,,,,,,,,,,,,,,,,,,
AJIBOLA,ADENIYI,SAMUEL,,,,,,,,,,,,,https://lh3.googleusercontent.com/contacts/AG6tpzFoP9s-KhPokN41FAX3iA3iDtvwXNlPKAYdCNdE_EVmRTYsNEOt,School University of Ibadan Students ::: * myContacts,* Home,ajibolasamueladeniyi@gmail.com,,,,,Mobile,+2348066791969,,,,,,,,,,,,,,,,,,,,Nigeria,,,,,,Nigeria,,,,,,,,,,,,,,,,,,,,,,,,,,,,,,,,,
AJIBOLA OLANIYI,,,,,,,,,,,,,2024-09-09,,,RCCG ::: * myContacts,* Other,olaniyiajibolaolalekan42@gmail.com,,,,,Mobile,+2348146355967,Work,+2349063623586,Other,+2348146355967,,,,,,,,,,,,,,,,,,,,,,,,,,,,,,,,,,,,,,,,,,,,,,,,,,,,,,,
AJODA LANDLORD,,,,,,,,,,,,,,,,* myContacts,,,,,,,Mobile,+2347018689095,Other,+2347018689095,,,,,,,,,,,,,,,,,,,,,,,,,,,,,,,,,,,,,,,,,,,,,,,,,,,,,,,,,
AKANINYENE SUNDAY ETIM,,,,,,,,,,,,,,,,* myContacts,* Other,etimakaninyene40@gmail.com,,,,,Mobile,+2348163256114,Other,+2348163256114,,,,,,,,,,,,,,,,,,,,,,,,,,,,,,,,,,,,,,,,,,,,,,,,,,,,,,,,,
AKINLOLUWA,FAVOUR,AFONJA,,,,,,,,,,, --10-10,,https://lh3.googleusercontent.com/contacts/AG6tpzEpdWjCFXghGktw8bQCgTzQrLZ_1AFhAUv3aDd2clipxZCpHFWJ,RCCG ::: * myContacts,,,,,,,Mobile,+234 816 408 9254,,,,,,,,,,,,,,,,,,,,,,,,,,,,,,,,,,,,,,,,,,,,,,,,,,,,,,,,,,,
AKINMADE,,,,,,,,,,Ministry of Education,,,,,,Businesses ::: * myContacts,,,,,,,Mobile,+2347065846124,Other,+2347065846124,,,,,,,,,,,,,,,,,Home,NG,,,,,,NG,,,,,,,,,,,,,,,,,,,,,,,,,,,,,,,,,
AKINOLA PETER AKINBOYE,,,,,,,,,,,,,2024-09-05,,,RCCG ::: * myContacts,,,,,,,Mobile,+2348143726061,Other,+2348143726061,,,,,,,,,,,,,,,,,,,,,,,,,,,,,,,,,,,,,,,,,,,,,,,,,,,,,,,,,
AKINRINLADE OLUWATIMILEYIN JOSEPH,,,,,,,,,,,,,,,,* myContacts,* Other,josephakinrinlade@gmail.com,,,,,Other,+2349034272543,,,,,,,,,,,,,,,,,,,,,,,,,,,,,,,,,,,,,,,,,,,,,,,,,,,,,,,,,,,
AKINYELE ,,CORPERS LGI,,,,,,,,,,,,,,Businesses ::: * myContacts,,,,,,,Other,+234 706 164 8731 ::: +234 806 235 8553,,+234 809 910 0212,,,,,,,,,,,,,,,,,,,,,,,,,,,,,,,,,,,,,,,,,,,,,,,,,,,,,,,,,
AKPAN EMMANUEL GRACELAND,,,,,,,,,,GRACELAND CLINIC,,,,,,Businesses ::: * myContacts,* Home,akpanemmanuel670@gmail.com,,,,,Mobile,+2348147504993,Other,+2348147504993,,,,,,,,,,,,,,,,,,Nigeria,,,,,,Nigeria,,,,,,,,,,,,,,,,,,,,,,,,,,,,,,,,,
Akwie Nuka Awamofor,,,,,,,,,,,,,,,,* myContacts,* Other,akwisonia@gmail.com,,,,,Other,237678301790,,,,,,,,,,,,,,,,,,,,,,,,,,,,,,,,,,,,,,,,,,,,,,,,,,,,,,,,,,,
ALABA AWOYEMI,,,,,,,,,,,,,,,,Relatives ::: * myContacts,,,,,,,Mobile,+2349090628348,Other,+2349090628348,,,,,,,,,,,,,,,,,,,,,,,,,,,,,,,,,,,,,,,,,,,,,,,,,,,,,,,,,
ALABA OGUNNIYI,,,,,,,,,,,,,,,,TESCOM ::: * myContacts,,,,,,,Mobile,+2348141703280,,,,,,,,,,,,,,,,,,,,,,,,,,,,,,,,,,,,,,,,,,,,,,,,,,,,,,,,,,,
ALAWODE ADENIKE,,,,,,,,,,,,,,,,* myContacts,* Home,omotayo896@gmail.com,,,,,Mobile,+2348061407649,Other,+2348061407649,,,,,,,,,,,,,,,,,Home,Nigeria,,,,,,Nigeria,,,,,,,,,,,,,,,,,,,,,,,,,,,,,,,,,
ALEX,,CHISOM,,,,,,,,,,,2024-08-24,,,RCCG ::: * myContacts,* Home,chisomalex942@gmail.com,,,,,Mobile,+2349066241003,,,,,,,,,,,,,,,,,,,,Nigeria,,,,,,Nigeria,,,,,,,,,,,,,,,,,,,,,,,,,,,,,,,,,
ALEXANDER & MAXWELL ADEBAYO,,,,,,,,,,,,,,,,* myContacts,* Other,charlesadeolu@gmail.com,Other,oyenikemuinat@gmail.com,,,Other,+2349033717044 ::: +2348038704576,,,,,,,,,,,,,,,,,,,,,,,,,,,,,,,,,,,,,,,,,,,,,,,,,,,,,,,,,,,
ALEXANDER & MAXWELL,,OSUNDEYI,,,,,,,,,,,,,,KBI Parents ::: * myContacts,* CHARLES ADEOLU,charlesadeolu@gmail.com,,oyenikemuinat@gmail.com,,,,0803 870 4576 ::: 0903 371 7044,,,,,,,,,,,,,,,,,,,,,,,,,,,,,,,,,,,,,,,,,,,,,,,,,,Alexander,2018-09-04,Maxwell,2024-11-05,,,,,,
ALEXANDER ADEBAYO,,,,,,,,,,,,,,,,* myContacts,* Other,oyenikemuinat@gmail.com,Other,charlesadeolu@gmail.com,,,Other,+2348038704576,,,,,,,,,,,,,,,,,,,,,,,,,,,,,,,,,,,,,,,,,,,,,,,,,,,,,,,,,,,
ALGOMIAN,,ÌBÀDÀN,,,,,,,,,,,,,,Businesses ::: * myContacts,,,,,,,Mobile,+2347059309330,Work,+234 705 033 9330,,,,,,,,,,,,,,,,,,Nigeria,,,,,,Nigeria,,,,,,,,,,,,,,,,,,,,,,,,,,,,,,,,,
ALGOMIAN LAGOS,,,,,,,,,,Algomian Technologies,,,,,,Businesses ::: * myContacts,,,,,,,Other,+2347067419330,,,,,,,,,,,,,,,,,,,,,,,,,,,,,,,,,,,,,,,,,,,,,,,,,,,,,,,,,,,
ALGOMIAN TECHNOLOGIES,,,,,,,,,,,,,,,,* myContacts,,,,,,,Mobile,+2347067419330,Other,+2347067419330,,,,,,,,,,,,,,,,,,,,,,,,,,,,,,,,,,,,,,,,,,,,,,,,,,,,,,,,,
Ali Jibrin,,,,,,,,,,,,,,,,* myContacts,* Other,alijibryn001@gmail.com,,,,,Other,+2347039848780,,,,,,,,,,,,,,,,,,,,,,,,,,,,,,,,,,,,,,,,,,,,,,,,,,,,,,,,,,,
ALICE OLUWASEGUNFUNMI ARAWOLE,,,,,,,,,,BAPTIST MODEL HIGH SCHOOLS IKOLA,PRINCIPAL,,,,,Techbase Customers ::: * myContacts,,,,,,,Mobile,+2348024960467,Other,+2348024960467,,,,,,,,,,,,,,,,,,,,,,,,,,,,,,,,,,,,,,,,,,,,,,,,,,,,,,,,,
Alieu Darboe,,,,,,,,,,,,,,,,* myContacts,* Other,alieudarboe765@gmail.com,,,,,Other,2202440078,,,,,,,,,,,,,,,,,,,,,,,,,,,,,,,,,,,,,,,,,,,,,,,,,,,,,,,,,,,
Alimatu Sadia Adama,,,,,,,,,,,,,,,,* myContacts,* Other,alimatusadiaadama@gmail.com,,,,,Other,2330557515720,Mobile,+233557515720,,,,,,,,,,,,,,,,,,,,,,,,,,,,,,,,,,,,,,,,,,,,,,,,,,,,,,,,,
Alimi,,Nurudeen WONSEBOLATAN,,,,,,,,,,,,,https://lh3.googleusercontent.com/contacts/AG6tpzGMidIoi9K-TNnNZd6LkJifFkcGJSPhCbBQaB7o4ApEJfB_yFJ2,Businesses ::: * myContacts,* Home,nurudeenalimi00@gmail.com,,,,,Mobile,+234 805 133 6723,,,,,,,,,,,,,,,,,,,Home,Nigeria,,,,,,Nigeria,,,,,,,,,,,,,,,,,,,,,,,,,,,,,,,,,
Alipi Markus,,,,,,,,,,,,,,,,* myContacts,* Other,alipimarkus3@gmail.com,,,,,Mobile,+2348102952152,Other,+2348102952152,,,,,,,,,,,,,,,,,,,,,,,,,,,,,,,,,,,,,,,,,,,,,,,,,,,,,,,,,
ALL,,SAINTS TAILOR,,,,,,,,,,,,,,Businesses ::: * myContacts,,,,,,,Mobile,+2347065239056,,,,,,,,,,,,,,,,,,,,Nigeria,,,,,,Nigeria,,,,,,,,,,,,,,,,,,,,,,,,,,,,,,,,,
Amah Clinton,,,,,,,,,,,,,,,,* myContacts,* Other,clintonlevec@gmail.com,,,,,Other,237672003779,,,,,,,,,,,,,,,,,,,,,,,,,,,,,,,,,,,,,,,,,,,,,,,,,,,,,,,,,,,
AMALI GOODNESS CHARITY,,,,,,,,,,,,,2024-01-29,,,RCCG ::: * myContacts,* Home,amalicharity95@gmail.com,,,,,Mobile,+2349060193537,Other,+2349060193537,,,,,,,,,,,,,,,,,,,,,,,,,,,,,,,,,,,,,,,,,,,,,,,,,,,,,,,,,
AMINAT,OPEYEMI,SANNI,,,,,,,,,Fashion Designer,,,,,KBI Parents ::: * myContacts,* ,oyepejusanni@gmail.com,,,,,Other,+2348034284627,,,,,,,,,,,,,,,,,,,,"PALM GARDEN, MONIYA
NG","PALM GARDEN, MONIYA",,,,,NG,,,,,,,,,,,,,,,,,,,,,,,,AMINAT OPEYEMI,2011-06-21,,,,,,,,
Aminata Bockarie,,,,,,,,,,,,,,,,* myContacts,* Other,aminatabockarie5@gmail.com,,,,,Other,+23230652993,,,,,,,,,,,,,,,,,,,,,,,,,,,,,,,,,,,,,,,,,,,,,,,,,,,,,,,,,,,
Aminu Yakubu,,,,,,,,,,,,,,,,* myContacts,* Other,aykb6824@gmail.com,,,,,Other,+2348068249903,,,,,,,,,,,,,,,,,,,,,,,,,,,,,,,,,,,,,,,,,,,,,,,,,,,,,,,,,,,
Amira Hammanjoda,,,,,,,,,,,,,,,,* myContacts,* Other,hammanjodaamira@gmail.com,,,,,Other,+2348106140869,,,,,,,,,,,,,,,,,,,,,,,,,,,,,,,,,,,,,,,,,,,,,,,,,,,,,,,,,,,
Anderson Keah,,,,,,,,,,,,,,,,* myContacts,* Other,keahanderson2024@gmail.com,,,,,Other,231775591550,,,,,,,,,,,,,,,,,,,,,,,,,,,,,,,,,,,,,,,,,,,,,,,,,,,,,,,,,,,
Andziah Martina Ayeah,,,,,,,,,,,,,,,,* myContacts,* Other,ayeahtina@gmail.com,,,,,Other,237674173582,,,,,,,,,,,,,,,,,,,,,,,,,,,,,,,,,,,,,,,,,,,,,,,,,,,,,,,,,,,
ANNA AUSTRALIA CREATIVE SOCIETY,,,,,,,,,,,,,,,,* myContacts,,,,,,,Mobile,+61481815591,Other,+61481815591,,,,,,,,,,,,,,,,,,,,,,,,,,,,,,,,,,,,,,,,,,,,,,,,,,,,,,,,,
ANUOLUWAPO,DEBORAH,OLUWASHOLA,,,,,,,,,,,1992-03-10,,,KBI Staff ::: KBI Parents ::: * myContacts,* Home,solomonoluwasola22@gmail.com,,oluwasholaanuoluwapodeborah@gmail.com,,,HUSBAND,+2348069312455,,0816 403 4323,,,,,,,,,,,,,,,,,,,,,,,,,,,,,,,,,,,,,,,,,,,,,,,,ELIZABETH OLUWASHOLA,2020-01-25,ESTHER OLUWASHOLA,2022-04-01,,,,,,
ANUOLUWAPO MUBARAK,,,,,,,,,,,,,2024-12-16,,,RCCG ::: * myContacts,,,,,,,Mobile,+2347012035353,Other,+2347012035353,,,,,,,,,,,,,,,,,,,,,,,,,,,,,,,,,,,,,,,,,,,,,,,,,,,,,,,,,
ARIKE & OPEYEMI OLAMILEKAN,,,,,,,,,,,,,,,,KBI Ex Parents ::: * myContacts,,,,,,,Other,+2349112367601,,,,,,,,,,,,,,,,,,,,,,,,,,,,,,,,,,,,,,,,,,,,,,,,,,ARIKE,2021-09-02,OPEYEMI, --03-10,,,,,,
Arisekola Oguntunji,,,,,,,,,,,,,,,,* myContacts,* Other,oguntunjitunde@gmail.com,,,,,Other,+2348063123482,,,,,,,,,,,,,,,,,,,,,,,,,,,,,,,,,,,,,,,,,,,,,,,,,,,,,,,,,,,
AROME OLOWOJOBA,,,,,,,,,,,,,,,,School University of Ibadan Students ::: * myContacts,* Home,jarome4u@yahoo.com,,,,,Mobile,+2348036306837,Other,+2348036306837,,,,,,,,,,,,,,,,,,Nigeria,,,,,,Nigeria,,,,,,,,,,,,,,,,,,,,,,,,,,,,,,,,,
AROME OMALE SAMSON,,,,,,,,,,,,,1995-01-15,,,RCCG ::: * myContacts,* Home,omalsonaromeh@gmail.com,,,,,Mobile,+2348105201614,Work,+2349072229235 ::: +2349072229235,Other,+2349072229235,,,,,,,,,,,,,,,,,,,,,,,,,,,,,,,,,,,,,,,,,,,,,,,,,,,,,,,
ASEOLUWA,JOSHUA,FAGBAYI,,,,,,,,,,,2023-12-18,,,KBI Parents ::: * myContacts,* ,Bimped@yahoo.com,,,,,Other,+2349014549090,,0705 570 9061,,,,,,,,,,,,,,,,,,,,,,,,,,,,,,,,,,,,,,,,,,,,,,,,,,,,,,,,,
ATB BOOKSHOP DUGBE,,,,,,,,,,,,,,,,Businesses ::: * myContacts,,,,,,,Mobile,+2348056435337,Other,+2348056435337,,,,,,,,,,,,,,,,,,,,,,,,,,,,,,,,,,,,,,,,,,,,,,,,,,,,,,,,,
AWAL SALAMI,,,,,,,,,,,,,,,,TESCOM ::: * myContacts,,,,,,,Other,+2348032309906,,,,,,,,,,,,,,,,,,,,,,,,,,,,,,,,,,,,,,,,,,,,,,,,,,,,,,,,,,,
AYANFE,,OGUNDOKUN,,,,,,,,,,,,,,* myContacts,,,,,,,Mobile,+234 903 774 6500,,,,,,,,,,,,,,,,,,,Home,NG,,,,,,NG,,,,,,,,,,,,,,,,,,,,,,,,,,,,,,,,,
AYANFE OJO,,,,,,,,,,,,,,,,* myContacts,,,,,,,Mobile,+2348066750797,Other,+2348066750797,,,,,,,,,,,,,,,,,,,,,,,,,,,,,,,,,,,,,,,,,,,,,,,,,,,,,,,,,
AYANFE,TESTIMONY,MORAKINYO,,,,,,,,,,,2016-06-21,,,KBI Parents ::: * myContacts,* Home,koomsonpriscilla90@gmail.com,,,,,,+234 816 737 3427,,,,,,,,,,,,,,,,,,,,,,,,,,,,,,,,,,,,,,,,,,,,,,,,,,,,,,,,,,,
AYANFEJESU,,KANIKWU,,,,,,,,,,,,,,School University of Ibadan Students ::: * myContacts,,,,,,,Mobile,+2347010366449,,,,,,,,,,,,,,,,,,,,Nigeria,,,,,,Nigeria,,,,,,,,,,,,,,,,,,,,,,,,,,,,,,,,,
AYANGBADE THOMAS TUNDE,,,,,,,,,,,,,,,,* myContacts,* Other,ayangbadethomas93@gmail.com,,,,,Mobile,+2348185309551,Other,+2348185309551,,,,,,,,,,,,,,,,,,,,,,,,,,,,,,,,,,,,,,,,,,,,,,,,,,,,,,,,,
AYO GENERAL GAS,,,,,,,,,,,,,,,,* myContacts,,,,,,,Other,+2347016912069,,,,,,,,,,,,,,,,,,,,,,,,,,,,,,,,,,,,,,,,,,,,,,,,,,,,,,,,,,,
AYOBAMI,,MUSTAPHA,,,,,,,,,,,,,,TESCOM ::: * myContacts,* Home,ayobamimustapha162@gmail.com,,,,,Mobile,+2348035316122,,,,,,,,,,,,,,,,,,,,Nigeria,,,,,,Nigeria,,,,,,,,,,,,,,,,,,,,,,,,,,,,,,,,,
AYOBAMI WEMA BANK,,,,,,,,,,,,,,,,* myContacts,,,,,,,Mobile,+2348067455853,Other,+2348067455853,,,,,,,,,,,,,,,,,,,,,,,,,,,,,,,,,,,,,,,,,,,,,,,,,,,,,,,,,
Ayodeji Adetokunbo,,,,,,,,,,,,,,,,* myContacts,* Other,hello.adetokunboayodeji@gmail.com,,,,,Other,+2348162703599,,,,,,,,,,,,,,,,,,,,,,,,,,,,,,,,,,,,,,,,,,,,,,,,,,,,,,,,,,,
AYODEJI AFOLABI,,,,,,,,,,,,,2019-12-13,,,RCCG ::: * myContacts,,,,,,,Mobile,+2348088744444,Other,+2348088744444,,,,,,,,,,,,,,,,,,,,,,,,,,,,,,,,,,,,,,,,,,,,,,,,,,,,,,,,,
AYODELE,,OMOGBEMINIYI,,,,,,,,,,,,,https://lh3.googleusercontent.com/contacts/AG6tpzHiUac-IaTH6wg2ZN8uV8iHUJkJ11nNW9gZles1PvsRvOAP3qkz,RCCG ::: * myContacts,* INTERNET,MKELAYODELE@YAHOO.COM,,,,,Mobile,+2348134896957,,,,,,,,,,,,,,,,,,,,,,,,,,,,,,,,,,,,,,,,,,,,,,,,,,,,,,,,,,,
AYOMIDE & IDEMUDIAH,JEMIMAH & JOSHUA,KOLADE,,,,,,,,,,,,,,KBI Parents ::: * myContacts,,,,,,,,0904 600 5006 ::: 0813 436 3443,,,,,,,,,,,,,,,,,,,,,,,,,,,,,,,,,,,,,,,,,,,,,,,,,,AYOMIDE JEMIMAH KOLADE,2021-04-09,KOLADE JOSHUA IDEMUDIAH,2024-02-13,,,,,,
AYOMIDE AJAYI,,,,,,,,,,,,, --08-08,,,RCCG ::: * myContacts,,,,,,,Other,+2347037764451,,,,,,,,,,,,,,,,,,,,,,,,,,,,,,,,,,,,,,,,,,,,,,,,,,,,,,,,,,,
AYOMIDE,,AKINDELE,,,,,,,,,,,2002-04-06,,https://lh3.googleusercontent.com/contacts/AG6tpzFjU11mr6Ch3NIw7yyfPTJKayJ-eUWOrZ-meqyhs27mL8zwgDYd,* myContacts,* Home,akindeleayomide2019@gmail.com,,,,,Mobile,+2347052452655,,,,,,,,,,,,,,,,,,,,,,,,,,,,,,,,,,,,,,,,,,,,,,,,,,,,,,,,,,,
AYOMIDE ELIZABETH KAFFO,,,,,,,,,,Knowledge Base International School,,,1999-06-22,,,KBI Ex Staff ::: * myContacts,* Other,kaffoelizabeth@gmail.com,,,,,Other,+2347080240967,,,,,,,,,,,,,,,,,,,,,,,,,,,,,,,,,,,,,,,,,,,,,,,,,,,,,,,,,,,
AYOMIDE JEMIMAH KOLADE,,,,,,,,,,,,,,,,* myContacts,,,,,,,Mobile,+2349046005006,Other,+2349046005006 ::: +2348134363443,,,,,,,,,,,,,,,,,,,,,,,,,,,,,,,,,,,,,,,,,,,,,,,,,,,,,,,,,
AYOMIDE,JENNIFER,ADEMUYIWA,,,,,,,,,,,1995-01-31,,https://lh3.googleusercontent.com/contacts/AG6tpzFkxlGljuqW53LAS5Hvq3P-vCU7I9xfHZZJX-lZkl9-mjFT5PXz,RCCG ::: * myContacts,* INTERNET,JENIFER.AYOMIDE@GMAIL.COM,,,,,Work,+2348083843285,Mobile,+2348168335294,,,,,,,,,,,,,,,,,,,,,,,,,,,,,,,,,,,,,,,,,,,,,,,,,,,,,,,,,
AYOMIDE MIRACLE ADELEYE,,,,,,,,,,Amazon Agency ll Amazon Adornings,Fashion Designer,,2020-05-19,,,RCCG ::: * myContacts,* Home,mimmy441@gmail.com,,,,,Mobile,+2349030917669,Work,+2349014497047 ::: +2349014497047,Other,+2349014497047,,,,,,,,,,,,,,,,,,,,,,,,,,,,,,,,,,,,,,,,,,,,,,,,,,,,,,Photo,https://lh3.googleusercontent.com/contacts/ABsqplsP3IczZ9LuC5yQikiz_7qMXz-A-WZ2Y00M5iBmRV0n3YSex2dB
AYOMIDE ,REWIRE ,OJOO,,,,,,,,,,,,,,Businesses ::: * myContacts,,,,,,,Mobile,+234 915 272 4867,,,,,,,,,,,,,,,,,,,Home,Nigeria,,,,,,Nigeria,,,,,,,,,,,,,,,,,,,,,,,,,,,,,,,,,
"AYOMIDE, IBRAHIM, ISMAIL & MARIAM ABDULZEEZ, OMOGBOLAHAN, ABIODUN & OMOSHALEWA MUTAIRU",,,,,,,,,,,,,,,,* myContacts,* Other,taoheedadeyemi@gmail.com,Other,omowamiwaidowu@gmail.com,,,Other,+2348106313017,,,,,,,,,,,,,,,,,,,,,,,,,,,,,,,,,,,,,,,,,,,,,,,,,,,,,,,,,,,
"AYOMIDE, IBRAHIM, ISMAIL & MARIAM AZEEZ, GBOLAHAN, ABIODUN & OMOSHALEWA MUTAIRU",,,,,,,,,,,,,,,,* myContacts,* Other,taoheedadeyemi@gmail.com,Other,omowamiwaidowu@gmail.com,,,Other,+2348106313017 ::: +2348135722755,,,,,,,,,,,,,,,,,,,,,,,,,,,,,,,,,,,,,,,,,,,,,,,,,,,,,,,,,,,
"AYOMIDE, IBRAHIM, ISMAIL & MARIAM",,MUTAIRU,,,,,,,,,BUSINESSMAN / TEACHER,,,,,KBI Parents ::: * myContacts,* ,taoheedadeyemi@gmail.com,,omowamiwaidowu@gmail.com,,,,0813 572 2755 ::: 0902 188 4064,Other,+2348106313017,,,,,,,,,,,,,,,,,,"NO 9, DABIRI OGO, MONIYA NG
NG","NO 9, DABIRI OGO, MONIYA NG",,,,,NG,,,,,,,,,,,,,,,,,,,,,,,,IBRAHIM MUTAIRU,2015-02-11,AYOMIDE MUTAIRU,2010-03-18,ISMAIL MUTAIRU,2017-12-30,MARIAM MUTAIRU,2012-07-24,,
AYOOLAMIPOSI BISOLA LAWRENCE,,,,,,,,,,,,,,,,RCCG ::: * myContacts,,,,,,,Mobile,+2347083602466,,,,,,,,,,,,,,,,,,,,,,,,,,,,,,,,,,,,,,,,,,,,,,Assistant,BRO JIDE SPOUSE,,,,,,,,,,,,
AYOOLUWATOMIWA ESTHER ADELOYE,,,,,,,,,,,,,,,,School University of Ibadan Students ::: * myContacts,,,,,,,Mobile,+2348077508104,Work,+2348034471979 ::: +2348034471979,Other,+2348034471979,,,,,,,,,,,,,,,,Nigeria,,,,,,Nigeria,,,,,,,,,,,,,,,,,,,,,,,,,,,,,,,,,
AYOWUNMI CHRISTIANA OLOPADE,,,,,,,,,,,,,,,,RCCG ::: * myContacts,,,,,,,Mobile,+2348133955149,Other,+2348133955149,,,,,,,,,,,,,,,,,Home,Nigeria,,,,,,Nigeria,,,,,,,,,,,,,,,,,,,,,,,,,,,,,,,,,
Ayuba Danjumah Momoh,,,,,,,,,,,,,,,,* myContacts,* Other,momoh22ayuba@gmail.com,,,,,Other,+2348187036074,,,,,,,,,,,,,,,,,,,,,,,,,,,,,,,,,,,,,,,,,,,,,,,,,,,,,,,,,,,
AZEEMAH & SALEEM,,SAHEED,,,,,,,,,,,,,,KBI Parents ::: * myContacts,,,,,,,Other,+2347037470225 ::: +2348074456311,,,,,,,,,,,,,,,,,,,,,,,,,,,,,,,,,,,,,,,,,,,,,,,,,,AZEEMAH,2018-06-10,SALEEM,2021-11-26,,,,,,
Azeez Ogundiran,,,,,,,,,,,,,,,,* myContacts,* Other,ogundiranabdulazeez@yahoo.com,,,,,Other,+2349055485300,,,,,,,,,,,,,,,,,,,,,,,,,,,,,,,,,,,,,,,,,,,,,,,,,,,,,,,,,,,
AZEEZAH,ADEJARE,KELANI,,,,,,,,,,,2024-01-12,,,KBI Parents ::: * myContacts,* ,hassanatcissey@gmail.com,,,,,Other,+2349130375059,,0810 519 0329,,,,,,,,,,,,,,,,,,,,,,,,,,,,,,,,,,,,,,,,,,,,,,,,,,,,,,,,,
AZEEZAT,BOLANLE,ALIDU,,,,,,,,,,,2014-02-21,,,KBI Parents ::: * myContacts,* ,emmanuelisrael198@gmail.com,,,,,Other,+2347058512722,Mobile,+2348131277642,,,,,,,,,,,,,,,,,,,,,,,,,,,,,,,,,,,,,,,,,,,,,,,,,,,,,,,,,
BABA EWE ADEROUNMU,,,,,,,,,,,,,,,,* myContacts,,,,,,,Home,+2348055675101 ::: +2348055675101,Mobile,+2348087025963,Other,+2348055675101,,,,,,,,,,,,,,,,,,,,,,,,,,,,,,,,,,,,,,,,,,,,,,,,,,,,,,,
BABA OKIKI,,,,,,,,,,,,,,,,Relatives ::: * myContacts,,,,,,,Mobile,+2348028268044,,,,,,,,,,,,,,,,,,,,Nigeria,,,,,,Nigeria,,,,,,,,,,,,,,,,,,,,,,,,,,,,,,,,,
BABALOLA IDC APAPA,,,,,,,,,,,,,,,,Businesses ::: * myContacts,,,,,,,Mobile,+2348139559591,Other,+2348139559591,,,,,,,,,,,,,,,,,,Nigeria,,,,,,Nigeria,,,,,,,,,,,,,,,,,,,,,,,,,,,,,,,,,
BABATUNDE ABOSEDE BUSAYO,,,,,,,,,,,,,,,,* myContacts,* Other,babatundeabosedejanet@gmail.com,,,,,Mobile,+2348141559896,Other,+2348141559896,,,,,,,,,,,,,,,,,,,,,,,,,,,,,,,,,,,,,,,,,,,,,,,,,,,,,,,,,
BABATUNDE,,AFUNSO,,,,,,,,,,,,,,TESCOM AGBIRIGIDI ::: * myContacts,,,,,,,Mobile,+2348102654508,,,,,,,,,,,,,,,,,,,,,,,,,,,,,,,,,,,,,,,,,,,,,,,,,,,,,,,,,,,
BABATUNDE ALAKE,,,,,,,,,,,,,,,,* myContacts,,,,,,,Home,+2348131374363 ::: +2348131374363,Mobile,+2347068507591,Home Fax,+2347080342195,Work,+2349090740542,Other,+2348131374363,,,,,,,,,,,,,,,,,,,,,,,,,,,,,,,,,,,,,,,,,,,,,,,,,,,
Babatunde Awoyemi,,,,,,,,,,,,,,,,* myContacts,* Other,babatundeawoyemi91@gmail.com,,,,,Mobile,+2348126909498,Other,+2348126909498,,,,,,,,,,,,,,,,,,,,,,,,,,,,,,,,,,,,,,,,,,,,,,,,,,,,,,,,,
Babatunde Awoyemi,,,,,,,,,,,,,,,,* myContacts,* Other,babatundeawoyemi91@gmail.com,,,,,Mobile,+2348126909498,Other,+2348126909498,,,,,,,,,,,,,,,,,,,,,,,,,,,,,,,,,,,,,,,,,,,,,,,,,,,,,,,,,
Babatunde Awoyemi,,,,,,,,,,,,,,,,* myContacts,* Other,babatundeawoyemi91@gmail.com,,,,,Other,+2348126909498,,,,,,,,,,,,,,,,,,,,,,,,,,,,,,,,,,,,,,,,,,,,,,,,,,,,,,,,,,,
Babatunde Awoyemi,,,,,,,,,,,,,,,,* myContacts,* Other,babatundeawoyemi91@gmail.com,,,,,Other,+2348126909498,,,,,,,,,,,,,,,,,,,,,,,,,,,,,,,,,,,,,,,,,,,,,,,,,,,,,,,,,,,
BABATUNDE AYOOLA AWOYEMI,,,,,,,,,,,,,,,,* myContacts,* Other,tunspiderman@hotmail.com,Other,babatundeawoyemi91@gmal.com,,,Other,+2347032129074,,,,,,,,,,,,,,,,,,,,,,,,,,,,,,,,,,,,,,,,,,,,,,,,,,,,,,,,,,,
BABATUNDE,AYOOLA,AWOYEMI,,,,,,,,Techbase Consultant Services,CEO,,1991-09-17,,https://lh3.googleusercontent.com/contacts/AG6tpzHLF4I4S25-AhFAWfBKhLiMYQnAvl-KoEdV_jMnFjv48tQ6Hhgr,KBI Staff ::: Techbase Staff ::: * family ::: * myContacts ::: * starred,* Home,tunspiderman@gmail.com,Other,awoyemibabatundeayoola@gmail.com ::: tunspiderman@hotmail.com ::: tunspiderman@yahoo.om ::: babatunde@techbridge.com.ng,Work,babatundeawoyemi91@gmal.com,Mobile,0703 212 9074,BVN,22305371654,NIN,20019114284,TIN,25024712-0001,,INC22000000011613094 ::: 2318131894 ::: AGG49463AA08 ::: 2312945004 ::: 0052609834 ::: 9996136512,MTN ROUTER,0704 360 3562,RC/BN,BN3570899,WEMA Business,0123987925,GTB Account,0746701086,First Bank Personal,3085168474,,"No 1, Unit 4, Zone 2, Onilu Street, Akingbile, Moniya
Ibadan
Oyo
200136
NG","No 1, Unit 4, Zone 2, Onilu Street, Akingbile, Moniya",Ibadan,,Oyo,200136,NG,,,,,,,,,,,,,,,,,,,,,,,https://bit.ly/m/techbasengr ::: https://kbischools.com.ng/ ::: https://techbasengr.com.ng/,,,,,,,,,,
BABATUNDE AYOOLA AWOYEMI,,,,,,,,,,,,,,,,* myContacts,* Other,tunspiderman@gmail.com,Other,awoyemibabatundeayoola@gmail.com ::: tunspiderman@hotmail.com,,,Other,+2347032129074,,,,,,,,,,,,,,,,,,,,,,,,,,,,,,,,,,,,,,,,,,,,,,,,,,,,,,,,,,,
BABATUNDE AYOOLA AWOYEMI,,,,,,,,,,,,,,,,* myContacts,* Other,tunspiderman@hotmail.com,Other,babatundeawoyemi91@gmal.com,,,Other,+2347032129074,,,,,,,,,,,,,,,,,,,,,,,,,,,,,,,,,,,,,,,,,,,,,,,,,,,,,,,,,,,
BABATUNDE AYOOLA AWOYEMI,,,,,,,,,,,,,,,,* myContacts,,,,,,,Other,+2347032129074,,,,,,,,,,,,,,,,,,,,,,,,,,,,,,,,,,,,,,,,,,,,,,,,,,,,,,,,,,,
BABATUNDE AYOOLA AWOYEMI,,,,,,,,,,,,,,,,* myContacts,* Other,babatunde@techbridge.com.ng,Other,tunspiderman@yahoo.om,,,Other,20019114284,,,,,,,,,,,,,,,,,,,,,,,,,,,,,,,,,,,,,,,,,,,,,,,,,,,,,,,,,,,
BABATUNDE AYOOLA AWOYEMI,,,,,,,,,,,,,,,,* myContacts,,,,,,,Other,+2347032129074,,,,,,,,,,,,,,,,,,,,,,,,,,,,,,,,,,,,,,,,,,,,,,,,,,,,,,,,,,,
BABATUNDE AYOOLA AWOYEMI,,,,,,,,,,,,,,,,* myContacts,* Other,tunspiderman@gmail.com,Other,awoyemibabatundeayoola@gmail.com ::: babatundeawoyemi91@gmal.com,,,Other,+2347032129074,,,,,,,,,,,,,,,,,,,,,,,,,,,,,,,,,,,,,,,,,,,,,,,,,,,,,,,,,,,
BABATUNDE AYOOLA AWOYEMI,,,,,,,,,,,,,,,,* myContacts,* Other,tunspiderman@gmail.com,Other,awoyemibabatundeayoola@gmail.com ::: babatundeawoyemi91@gmal.com,,,,,,,,,,,,,,,,,,,,,,,,,,,,,,,,,,,,,,,,,,,,,,,,,,,,,,,,,,,,,,,
BABATUNDE AYOOLA AWOYEMI,,,,,,,,,,,,,,,,* myContacts,* Other,tunspiderman@gmail.com,Other,awoyemibabatundeayoola@gmail.com ::: tunspiderman@hotmail.com,,,Other,+2347032129074,,,,,,,,,,,,,,,,,,,,,,,,,,,,,,,,,,,,,,,,,,,,,,,,,,,,,,,,,,,
BABATUNDE TENIOLA OSEYEMI,,,,,,,,,,,,,,,,* myContacts,* Other,babatundeteniola21@gmail.con,Other,babatundeteniola21@gmail.com,,,Other,+2347058902637,,,,,,,,,,,,,,,,,,,,,,,,,,,,,,,,,,,,,,,,,,,,,,,,,,,,,,,,,,,
Badmus SOLAT Taofeek,,,,,,,,,,,,,,,,* myContacts,* Other,badmustaofeek007@gmail.com,,,,,Mobile,+2348063829515,Other,+2348063829515,,,,,,,,,,,,,,,,,,,,,,,,,,,,,,,,,,,,,,,,,,,,,,,,,,,,,,,,,
Baliqis Bala,,,,,,,,,,,,,,,,* myContacts,* Other,ballabalikiss@gmail.com,,,,,Other,+2347036750868,,,,,,,,,,,,,,,,,,,,,,,,,,,,,,,,,,,,,,,,,,,,,,,,,,,,,,,,,,,
BARAKAT,ASAKE,AZEEZ,,,,,,,,,,,,,,Relatives ::: * myContacts,,,,,,,Mobile,+2349132579969,,,,,,,,,,,,,,,,,,,,Nigeria,,,,,,Nigeria,,,,,,,,,,,,,,,,,,,,,,,,,,,,,,,,,
Barakat Olajumoke Kolawole,,,,,,,,,,,,,,,,* myContacts,* Other,kolawolebarakat2@gmail.com,,,,,Other,+2348162027540,,,,,,,,,,,,,,,,,,,,,,,,,,,,,,,,,,,,,,,,,,,,,,,,,,,,,,,,,,,
BAYO ADELEKE FRSC,,,,,,,,,,,,,,,,* myContacts,,,,,,,Mobile,+2348030496749,Other,+2348030496749,,,,,,,,,,,,,,,,,,Nigeria,,,,,,Nigeria,,,,,,,,,,,,,,,,,,,,,,,,,,,,,,,,,
BAYODE,,IBIRONKE,,,,,,,,,,,2020-09-04,,,School University of Ibadan Students ::: * myContacts,* Work,bayodeibironke@gmail.com,Other,bayodeibironke@techbridge.com.ng,,,Mobile,+2348061653340,,,,,,,,,,,,,,,,,,,Other,"7, Jolly Star Close, Allen Avenue
Ikeja
NG","7, Jolly Star Close, Allen Avenue",Ikeja,,,,NG,,,,,,,,,,,,,,,,,,,,,,,,,,,,,,,,,
BEAUTY ADU,,,,,,,,,,,,,,,,RCCG ::: * myContacts,,,,,,,Mobile,+2348164393949,Other,+2348164393949,,,,,,,,,,,,,,,,,Home,Nigeria,,,,,,Nigeria,,,,,,,,,,,,,,,,,,,,,,,,,,,,,,,,,
BEAUTY IMISIOLUWA OLABISI,,,,,,,,,,,,,2015-05-29,,,KBI Ex Parents ::: * myContacts,,,,,,,Other,+2348061539378,,,,,,,,,,,,,,,,,,,,,,,,,,,,,,,,,,,,,,,,,,,,,,,,,,,,,,,,,,,
BEN OGBU,,,,,,,,,,,,,,,,School University of Ibadan Students ::: * myContacts,,,,,,,Mobile,+2348064436393,Other,+2348064436393,,,,,,,,,,,,,,,,,,Nigeria,,,,,,Nigeria,,,,,,,,,,,,,,,,,,,,,,,,,,,,,,,,,
Benedict Anganmwine Molonaah,,,,,,,,,,,,,,,,* myContacts,* Other,molonaah2005@gmail.com,,,,,Other,2330530963626,,,,,,,,,,,,,,,,,,,,,,,,,,,,,,,,,,,,,,,,,,,,,,,,,,,,,,,,,,,
Benetta J. Williams,,,,,,,,,,,,,,,,* myContacts,* Other,benettawilliams41@gmail.com,,,,,Other,231778163548,,,,,,,,,,,,,,,,,,,,,,,,,,,,,,,,,,,,,,,,,,,,,,,,,,,,,,,,,,,
BEST,,,,,,,,,,,,,,,,* myContacts,,,,,,,Mobile,+2349065441059,Other,+2349065441059,,,,,,,,,,,,,,,,,,,,,,,,,,,,,,,,,,,,,,,,,,,,,,,,,,,,,,,,,
BEST ADEDAYO,,,,,,,,,,,,, --11-13,,,RCCG ::: * myContacts,,,,,,,Other,+2348024565094,,,,,,,,,,,,,,,,,,,,,,,,,,,,,,,,,,,,,,,,,,,,,,,,,,,,,,,,,,,
BIMBO MARIAM ADEDIGBA,,,,,,,,,,,,,,,,* myContacts,,,,,,,Mobile,+2349033559767,Pager,0006359477,Other,+2349033559767,,,,,,,,,,,,,,,Home,Nigeria,,,,,,Nigeria,,,,,,,,,,,,,,,,,,,,,,,,,,,,,,,,,
BIMPE OYENIRAN,,,,,,,,,,,,,1990-11-14,,,RCCG ::: * myContacts,* Other,PRECIOUSTEMMY2015@GMAIL.COM,Home,bimpe.oyeniran@yahoo.com,,,Mobile,+2347038659200,Other,+2347038659200,,,,,,,,,,,,,,,,,,,,,,,,,,,,,,,,,,,,,,,,,,,,,,,,,,,,,,,,,
Bishir Bala,,,,,,,,,,,,,,,,* myContacts,* Other,basheerbla560@gmail.com,,,,,Other,+2348164731622,,,,,,,,,,,,,,,,,,,,,,,,,,,,,,,,,,,,,,,,,,,,,,,,,,,,,,,,,,,
BISI AWOYEMI,,,,,,,,,,,,,,,,Relatives ::: * myContacts,,,,,,,Other,+2347089297771,,,,,,,,,,,,,,,,,,,,,,,,,,,,,,,,,,,,,,,,,,,,,,,,,,,,,,,,,,,
BISI,,BERNARD,,,,,,,,,,,,,,School University of Ibadan Students ::: * myContacts,* Home,tok4bisiben@gmail.com,,,,,Mobile,+2347038944801,,,,,,,,,,,,,,,,,,,,Nigeria,,,,,,Nigeria,,,,,,,,,,,,,,,,,,,,,,,,,,,,,,,,,
BISOLA & IBRAHIM SAHEED,,,,,,,,,,,,,,,,* myContacts,,,,,,,Mobile,+2348152522227,Pager,+2348057265525,Other,+2348078578180,,,,,,,,,,,,,,,,,,,,,,,,,,,,,,,,,,,,,,,,,,,,,,,,,,,,,,,
BISOLA FRESH FM,,,,,,,,,,,,,,,,* myContacts,,,,,,,Mobile,+2348094109169,Other,+2348094109169,,,,,,,,,,,,,,,,,,,,,,,,,,,,,,,,,,,,,,,,,,,,,,,,,,,,,,,,,
BLESSING AKANBI,,,,,,,,,,,,,,,,RCCG ::: * myContacts,,,,,,,Mobile,+2348146415305,Other,+2348146415305,,,,,,,,,,,,,,,,,,,,,,,,,,,,,,,,,,,,,,,,,,,,,,,,,,,,,,,,,
BLESSING DAMILOLA AJIBADE,,,,,,,,,,,,, --10-17,,,RCCG ::: * myContacts,,,,,,,Other,+2348142620320,,,,,,,,,,,,,,,,,,,,,,,,,,,,,,,,,,,,,,,,,,,,,,,,,,,,,,,,,,,
Blessing Ekwere,,,,,,,,,,,,,,,,* myContacts,* Other,blessingbekwere@gmail.com,,,,,Other,+2347035381432,,,,,,,,,,,,,,,,,,,,,,,,,,,,,,,,,,,,,,,,,,,,,,,,,,,,,,,,,,,
BLESSING GODWIN ROMULUS,,,,,,,,,,,,,,,,* myContacts,* Other,blessingromulus20@gmail.com,,,,,Other,+2349030347600,,,,,,,,,,,,,,,,,,,,,,,,,,,,,,,,,,,,,,,,,,,,,,,,,,,,,,,,,,,
BLESSING,,OGWUCHE,,,,,,,,,,, --04-28,,,RCCG ::: * myContacts,,,,,,,Mobile,+234 906 720 1412,,,,,,,,,,,,,,,,,,,,,,,,,,,,,,,,,,,,,,,,,,,,,,,,,,,,,,,,,,,
BLESSING OLUWAPELUMI HAMMED,,,,,,,,,,,,,2002-10-03,,,KBI Staff ::: * myContacts,* Home,oluwapelumiblessing196@gmail.com,,,,,Other,+2349063260544,,,,,,,,,,,,,,,,,,,,,,,,,,,,,,,,,,,,,,,,,,,,,,,,,,,,,,,,,,,
BLESSING ONYEMEACHI ENI,,,,,,,,,,Blessing fabrics,,,,,,Businesses ::: * myContacts,,,,,,,Other,+2348100272823,,,,,,,,,,,,,,,,,,,,,,,,,,,,,,,,,,,,,,,,,,,,,,,,,,,,,,,,,,,
BLESSING TARI KOMONIBO,,,,,,,,,,,,,,,,RCCG ::: * myContacts,,,,,,,Mobile,+2348034639235,Other,+2348034639235,,,,,,,,,,,,,,,,,,,,,,,,,,,,,,,,,,,,,,,,,,,,,,,,,,,,,,,,,
BLESSING TITILAYO OLUWASOLA,,,,,,,,,,,,, --01-14,,,RCCG ::: * myContacts,* Home,blessingoluwasola103@gmail.com,,,,,Mobile,+2348128706694,Other,+2348128706694,,,,,,,,,,,,,,,,,,,,,,,,,,,,,,,,,,,,,,,,,,,,,,,,,,,,,,,,,
BLESSING,UDOFIA,EMMANUEL,,,,,,,,,,,2021-06-19,,,RCCG ::: * myContacts,* Home,adiahadaddy@gmail.com,,,,,Mobile,+234 907 499 5539 ::: +2348166240191,,,,,,,,,,,,,,,,,,,,,,,,,,,,,,,,,,,,,,,,,,,,,,,,,,,,,,,,,,,
BMHS IJEGUN BURSAR,,,,,,,,,,,,,,,,Techbase Customers ::: * myContacts,,,,,,,Mobile,+2348024603696 ::: +2349153792932,Other,+2349153792932,,,,,,,,,,,,,,,,,,,,,,,,,,,,,,,,,,,,,,,,,,,,,,,,,,,,,,,,,
BMHS IKOLA BURSAR,,LATILO OLUSHOLA,,,,,,,,,,,,,,Techbase Customers ::: * myContacts,,,,,,,Mobile,+234 802 443 8704,,,,,,,,,,,,,,,,,,,,,,,,,,,,,,,,,,,,,,,,,,,,,,,,,,,,,,,,,,,
BMHS ISOLO BURSAR ,,,,,,,,,,,,,,,https://lh3.googleusercontent.com/contacts/AG6tpzHQKGOnePE7Qsl0uLvN9d2L5rANzc0SUPW0pX3xb5VnmqaOhq0O,Techbase Customers ::: * myContacts,,,,,,,Mobile,+234 806 655 0806,,,,,,,,,,,,,,,,,,,,,,,,,,,,,,,,,,,,,,,,,,,,,,,,,,,,,,,,,,,
Bockarie Owen jone,,,,,,,,,,,,,,,,* myContacts,* Other,owenbockariejone@gmail.com,,,,,Other,23276127090,,,,,,,,,,,,,,,,,,,,,,,,,,,,,,,,,,,,,,,,,,,,,,,,,,,,,,,,,,,
BOLAJI CHRISTIANAH ADESANMI,,,,,,,,,,,,,2023-02-28,,,Techbase Customers Ex ::: * myContacts,* Home,adesanmibolaji@ymail.com,,,,,Work,+2349121443739 ::: 09121443739,Mobile,+2348067398613,Other,+2348067398613,,,,,,,,,,,,,,,,,,,,,,,,,,,,,,,,,,,,,,,,,,,,,,,,,,,,,,,
BOLANLE AFOLABI,,,,,,,,,,,,,1997-07-23,,,RCCG ::: * myContacts,,,,,,,Mobile,+2349022521525,Other,+2349022521525,,,,,,,,,,,,,,,,,,,,,,,,,,,,,,,,,,,,,,,,,,,,,,,,,,,,,,,,,
BOLARINWA AWOYEMI,,,,,,,,,,,,,,,,Relatives ::: * myContacts,,,,,,,Mobile,+2347055869982,Other,+2347055869982,,,,,,,,,,,,,,,,,,,,,,,,,,,,,,,,,,,,,,,,,,,,,,,,,,,,,,,,,
BOLUWATIFE FATOKUN,,,,,,,,,,,,,,,,RCCG ::: * myContacts,,,,,,,Other,+2348169950731,,,,,,,,,,,,,,,,,,,,,,,,,,,,,,,,,,,,,,,,,,,,,,,,,,,,,,,,,,,
Boluwatife Gbadamosi,,,,,,,,,,,,,,,,* myContacts,* Other,gbadamosiboluwatife2002@gmail.com,,,,,Other,+2349017354580,,,,,,,,,,,,,,,,,,,,,,,,,,,,,,,,,,,,,,,,,,,,,,,,,,,,,,,,,,,
BOSE AYANYEMI,,,,,,,,,,,,,2018-12-26,,,RCCG ::: * myContacts,,,,,,,Mobile,+2347031111087,Other,+2347031111087,,,,,,,,,,,,,,,,,,,,,,,,,,,,,,,,,,,,,,,,,,,,,,,,Anniversary,2018-06-23,,,,,,,Photo,https://lh3.googleusercontent.com/contacts/ABsqplv5n3bVI4FT7yYBtpmXC2JrEJ5YKCKL6gjYWPiMj8ly5SLTWYfn
BOSE OGUNSANYA,,,,,,,,,,,,,,,,* myContacts,,,,,,,Mobile,+2349024402870,Other,+2348073585977,,,,,,,,,,,,,,,,,,,,,,,,,,,,,,,,,,,,,,,,,,,,,,,,,,,,,,,,,
BOSEDE AJAO,,,,,,,,,,,,,,Sis Yemisi's Mum,,RCCG ::: * myContacts,* Home,bosedeokunolaajao@gmail.com,,,,,Mobile,+2348035771242,Other,+2348035771242,,,,,,,,,,,,,,,,,,Nigeria,,,,,,Nigeria,,,,,,,,,,,,,,,,,,,,,,,,,,,,,,,,,
BRAKE MASTER MONIYA,,,,,,,,,,,,,,,,* myContacts,,,,,,,Mobile,+2348110086163,,,,,,,,,,,,,,,,,,,,,,,,,,,,,,,,,,,,,,,,,,,,,,,,,,,,,,,,,,,
Bridget Nyarko,,,,,,,,,,,,,,,,* myContacts,* Other,bridgetnyarko77@gmail.com,,,,,Other,233542280056,,,,,,,,,,,,,,,,,,,,,,,,,,,,,,,,,,,,,,,,,,,,,,,,,,,,,,,,,,,
BRIDGET,OLADOYIN,BABALOLA,,,,,,,,,Civil Servant,,2016-04-12,,,KBI Parents ::: * myContacts,* ,babpetdjoy@gmail.com,,,,,Mobile,+234 705 161 5946,Other,+234 706 649 5170,,,,,,,,,,,,,,,,,,"No 4, Bethels House, Itesiwaju, Dabiri
Ibadan, Oyo 200136
NG","No 4, Bethels House, Itesiwaju, Dabiri",Ibadan,,Oyo,200136,NG,,,,,,,,,,,,,,,,,,,,,,,,,,,,,,,,,
BRIGHT MOMOH,,,,,,,,,,,,,2024-08-06,,,RCCG ::: * myContacts,,,,,,,Mobile,+2349021223562,Other,+2349021223562,,,,,,,,,,,,,,,,,,,,,,,,,,,,,,,,,,,,,,,,,,,,,,,,,,,,,,,,,
Brother Samuel😍🥰😘,,,,,,,,,,,,,,,,* myContacts,,,,,,,Other,+2349069495754,,,,,,,,,,,,,,,,,,,,,,,,,,,,,,,,,,,,,,,,,,,,,,,,,,,,,,,,,,,
Buba k Sanyang,,,,,,,,,,,,,,,,* myContacts,* Other,sanyangbuba432@gmail.com,,,,,Other,2203999134,,,,,,,,,,,,,,,,,,,,,,,,,,,,,,,,,,,,,,,,,,,,,,,,,,,,,,,,,,,
BUFAN XIAO CHINA,,,,,,,,,,,,,,,,Scholarship Processing ::: * myContacts,,,,,,,Mobile,+17657019477,Other,+17657019477,,,,,,,,,,,,,,,,,,,,,,,,,,,,,,,,,,,,,,,,,,,,,,,,,,,,,,,,,
BUKI ODUSANYA,,,,,,,,,,,,,,,,Techbase Customers ::: * myContacts,,,,,,,Mobile,+19043277973,Other,+19043277973,,,,,,,,,,,,,,,,,,,,,,,,,,,,,,,,,,,,,,,,,,,,,,,,,,,,,,,,,
BUKOLA ADEBAYO,,,,,,,,,,,,,2024-02-17,,,RCCG ::: * myContacts,* Home,adebayobukolaola@gmail.com,,,,,Mobile,+2349026086581,Other,+2349026086581,,,,,,,,,,,,,,,,,,Nigeria,,,,,,Nigeria,,,,,,,,,,,,,,,,,,,,,,,,,,,,,,,,,
BUKOLA AGBEROTIMI,,,,,,,,,,,,,,,,School University of Ibadan Students ::: * myContacts,,,,,,,Mobile,+2348069418200,Other,+2348069418200,,,,,,,,,,,,,,,,,,,,,,,,,,,,,,,,,,,,,,,,,,,,,,,,,,,,,,,,,
BUKOLA BOLAJI,,,,,,,,,,,,,2020-10-31,,,RCCG ::: * myContacts,,,,,,,Mobile,+2348134766895,Other,+2348134766895,,,,,,,,,,,,,,,,,,,,,,,,,,,,,,,,,,,,,,,,,,,,,,,,,,,,,,,,Photo,https://lh3.googleusercontent.com/contacts/ABsqplsKrjxLvlFDI9ebuKZoYCI20r5dzcSgVdfuxCk4uyFMcm9uVWCf
BUKOLA CHRISTIANA CHRISTIANA ADEBUNMI,,,,,,,,,,,MARKETER / TEACHER,,1994-06-12,,,KBI Staff ::: KBI Parents ::: * myContacts,* ,sadekunle32@gmail.com,,anitaxtiana54@gmail.com ::: bchristianah639@gmail.com,,,Mobile,+2349067750493,,+234 803 464 8541 ::: +234 805 068 1033,,,,,,,,,,,,,,,,,Other,"NO 4, OLORUNKEMI STREET, BAGADAJE, MONIYA
IBADAN
Oyo
NG","NO 4, OLORUNKEMI STREET, BAGADAJE, MONIYA",IBADAN,,Oyo,,NG,,,,,,,,,,,,,,,,,,,,,,,,ADEOLUWA ADEBUNMI,2018-06-15,ADEYEMI ADEBUNMI,2024-07-28,,,,,,
BUKOLA CHRISTIANA OYEDEJI,,,,,,,,,,,,,,,,* myContacts,* Other,sadekunle32@gmail.com,Other,anitaxtiana54@gmail.com ::: bchristianah639@gmail.com,,,Mobile,+2348050681033,Other,+2348034648541,,,,,,,,,,,,,,,,,,,,,,,,,,,,,,,,,,,,,,,,,,,,,,,,,,,,,,,,,
BUKOLA,,IKUESAN,,,,,,,,,,,2024-07-17,,,RCCG ::: * myContacts,* Home,bouquiiemcrown@gmail.com,,,,,Mobile,+2349064717975,,,,,,,,,,,,,,,,,,,,Nigeria,,,,,,Nigeria,,,,,,,,,,,,,,,,,,,,,,,,,,,,,,,,,
BUKOLA,,OGUNLOWO,,,,,,,,,,,,,,RCCG ::: * myContacts,,,,,,,Other,+2348144036165,,,,,,,,,,,,,,,,,,,,,,,,,,,,,,,,,,,,,,,,,,,,,,,,,,,,,,,,,,,
BUKOLA OLUTOKUN,,,,,,,,,,,,,2024-12-05,,,RCCG ::: * myContacts,,,,,,,Mobile,+2347064248248,Other,+2347064248248,,,,,,,,,,,,,,,,,,,,,,,,,,,,,,,,,,,,,,,,,,,,,,,,,,,,,,,,,
BUKOLA SOLIAT,,,,,,,,,,ADRON HOMES,,,,,,Businesses ::: * myContacts,,,,,,,Mobile,+2347085499184,Other,+2347085499184,,,,,,,,,,,,,,,,,,,,,,,,,,,,,,,,,,,,,,,,,,,,,,,,,,,,,,,,,
BUKUNMI BOLAJI OLATUNDE,,,,,,,,,,,,,2018-05-25,,,RCCG ::: * myContacts,* Other,BUKUNMIAKINTADE@GMAIL.COM,,,,,Mobile,+2348139366496,Other,+2348139366496,,,,,,,,,,,,,,,,,,,,,,,,,,,,,,,,,,,,,,,,,,,,,,,,Anniversary,2020-09-10,,,,,,,,
BUKUNMI MOORE OLATUNDE,,,,,,,,,,,,,,,,* myContacts,* Other,bukunmiakintade@gmail.com,,,,,Other,+2348139366496,,,,,,,,,,,,,,,,,,,,,,,,,,,,,,,,,,,,,,,,,,,,,,,,,,,,,,,,,,,
BUNMI,BEATRICE,OLADIPO,,,,,,,,,,,,,,RCCG ::: * myContacts,* Home,bunmioladipo2018@gmail.com,,,,,Mobile,+2348166433018,,,,,,,,,,,,,,,,,,,,Nigeria,,,,,,Nigeria,,,,,,,,,,,,,,,,,,,,Child,Esther Oladipo,,,,,,,,,,,,
BUNMI ,,OMOTOSHO,,,,,,,,Mutual Benefits Life Assurance Limited ,,,1985-05-02,,https://lh3.googleusercontent.com/contacts/AG6tpzHMtqI72gt_WJzU29fdyMtSpvURmJN5Gj6ippweka81Kpipy1uW,RCCG ::: * myContacts,* Home,bunmi.omotosho65@gmail.com,,,,,Mobile,+234 706 610 7601,,,,,,,,,,,,,,,,,,,Home,Nigeria,,,,,,Nigeria,,,,,,,,,,,,,,,,,,,,,,,,Anniversary,2012-04-21,,,,,,,,
BUSAYO DAMILARE ADELAKUN,,,,,,,,,,,,,,,,TESCOM ::: * myContacts,,,,,,,Mobile,+2349036615703,Work,+2349017283480 ::: +2349017283480,Other,+2349036615703,,,,,,,,,,,,,,,,,,,,,,,,,,,,,,,,,,,,,,,,,,,,,,,,,,,,,,,
BUSAYO FAITH TOFIO,,,,,,,,,,,,,,,,* myContacts,* Other,tofiobusayo17@gmail.com,,,,,Mobile,+2348169498704,Other,+2348169498704,,,,,,,,,,,,,,,,,,,,,,,,,,,,,,,,,,,,,,,,,,,,,,,,,,,,,,,,,
BUSAYO,YETUNDE,OLABANJO-OJO,,,,,,,,,,,1983-06-08,,https://lh3.googleusercontent.com/contacts/AG6tpzFhEUkg3mFuVBFmeackbp_jUOR8DcT0TQ9u7BJWVnDajCiT6g3f,RCCG ::: * myContacts,* INTERNET,YETTYTREASURE@GMAIL.COM,,,,,Mobile,+2348060811952 ::: +234 806 081 1952,,,,,,,,,,,,,,,,,,,,,,,,,,,,,,,,,,,,,,,,,,,,,,,,,,,,,,,,,,,
BUSOLA OLAYEMI,,,,,,,,,,,,,,,,* myContacts,* Other,tejumolabusola@gmail.com,,,,,Other,+2348032495418,,,,,,,,,,,,,,,,,,,,,,,,,,,,,,,,,,,,,,,,,,,,,,,,,,,,,,,,,,,
CALEB OLUWAFERANMI BAMIKOLE,,,,,,,,,,,,, --10-20,,,RCCG ::: * myContacts,,,,,,,Other,+2348061292462,,,,,,,,,,,,,,,,,,,,,,,,,,,,,,,,,,,,,,,,,,,,,,,,,,,,,,,,,,,
Call center,,,,,,,,,,,,,,,,* myContacts,,,,,,,Other,180,,,,,,,,,,,,,,,,,,,,,,,,,,,,,,,,,,,,,,,,,,,,,,,,,,,,,,,,,,,
CECELIA,OLUWADARASIMI,AGBOOLA,,,,,,,,,TRADERS,,2015-12-02,"Transferred from Amao Int'l Nur/Pry School, Akingbile due to relocation
Admitted into Pry 3 on 19th September 2023
Parent's name is Mr & Mrs Damilare Agboola",,KBI Ex Parents ::: * myContacts,* ,samueldamilare78@gmail.com,,,,,Other,+2348061177448,,0902 753 5045,,,,,,,,,,,,,,,,,,"ALONG AKINSOLA ROAD, SUNSHINE AREA, MONIYA
IBADAN
NG","ALONG AKINSOLA ROAD, SUNSHINE AREA, MONIYA",IBADAN,,,,NG,,,,,,,,,,,,,,,,,,,,,,,,,,,,,,,,,
CHEKWUBE CECILIA EZEGWU,,,,,,,,,,,,,,,,* myContacts,* Other,chekwubececilia2@gmail.com,,,,,Other,+2348142118176,,,,,,,,,,,,,,,,,,,,,,,,,,,,,,,,,,,,,,,,,,,,,,,,,,,,,,,,,,,
Chidera Awurum,,,,,,,,,,,,,,,,* myContacts,* Other,chideraawurum@gmail.com,,,,,Other,+2347062982419,,,,,,,,,,,,,,,,,,,,,,,,,,,,,,,,,,,,,,,,,,,,,,,,,,,,,,,,,,,
CHIDINMA NWAKAEGO ALEKE,,,,,,,,,,,,,,,,RCCG ::: * myContacts,* Home,chidinmaada97@gmail.com,,,,,Mobile,+2348108110131,Other,+2348108110131,,,,,,,,,,,,,,,,,,,,,,,,,,,,,,,,,,,,,,,,,,,,,,,,,,,,,,,,,
CHIJIOKE OKOROAFOR,,,,,,,,,,,,,,,,* myContacts,* Home,gerrardplumbing@gmail.com,,,,,Pager,+2348062304222,Other,+2348062304222,,,,,,,,,,,,,,,,,,,,,,,,,,,,,,,,,,,,,,,,,,,,,,,,,,,,,,,,,
CHINONSO EMMANUEL ONYIA,,,,,,,,,,,,, --08-07,,,RCCG ::: * myContacts,,,,,,,Other,+2349076180083,,,,,,,,,,,,,,,,,,,,,,,,,,,,,,,,,,,,,,,,,,,,,,,,,,,,,,,,,,,
CHIOMA,,JOSEPH,,,,,,,,,,,2000-05-05,,,RCCG ::: * myContacts,,,,,,,,0906 778 9070,,,,,,,,,,,,,,,,,,,,,,,,,,,,,,,,,,,,,,,,,,,,,,,,,,,,,,,,,,,
CHIOMA JOSEPH,,,,,,,,,,,,,,Wura's friend,,* myContacts,,,,,,,Other,+2349067789070 ::: +2347084789150,Mobile,+2347084789150,,,,,,,,,,,,,,,,,,,,,,,,,,,,,,,,,,,,,,,,,,,,,,,,,,,,,,,,,
Chisom Oguadimma,,,,,,,,,,,,,,,,* myContacts,* Other,oguadimmachisom8@gmail.com,,,,,Mobile,+2348149040655,Other,+2348149040655,,,,,,,,,,,,,,,,,,,,,,,,,,,,,,,,,,,,,,,,,,,,,,,,,,,,,,,,,
CHRISTIANA JIMMAI HARUNA,,,,,,,,,,Knowledge Base International School,Vice Principal,,1994-12-02,,,KBI Ex Staff ::: * myContacts,* Other,christianaharuna941@gmail.com,,,,,Other,+2347036692095,,,,,,,,,,,,,,,,,,,,,,,,,,,,,,,,,,,,,,,,,,,,,,,,,,,,,,,,,,,
CHRISTIANAH,OLUWAKEMI,AGUNBIADE,,,,,,,,,,,2016-01-27,,,KBI Parents ::: * myContacts,,,,,,,,0708 671 4918 ::: 0806 665 0034,,,,,,,,,,,,,,,,,,,,,,,,,,,,,,,,,,,,,,,,,,,,,,,,,,,,,,,,,,,
CHRISTIANAH,,OSHUNDARO,,,,,,,,,,,,,,RCCG ::: * myContacts,,,,,,,Other,+2348069959728,,,,,,,,,,,,,,,,,,,,,,,,,,,,,,,,,,,,,,,,,,,,,,,,,,,,,,,,,,,
Christopher Usman,,,,,,,,,,,,,,,,* myContacts,* Other,chrisogbada@gmail.com,,,,,Other,+2348060729925,,,,,,,,,,,,,,,,,,,,,,,,,,,,,,,,,,,,,,,,,,,,,,,,,,,,,,,,,,,
CHUKWUEBUKA NNAGBOROGU,,,,,,,,,,,,,,,,* myContacts,,,,,,,Mobile,+2348138092423,Other,+2348138092423,,,,,,,,,,,,,,,,,,,,,,,,,,,,,,,,,,,,,,,,,,,,,,,,,,,,,,,,,
Clarisse OUEDRAOGO,,,,,,,,,,,,,,,,* myContacts,* Other,callieouedraogo@gmail.com,,,,,Other,22651846924,,,,,,,,,,,,,,,,,,,,,,,,,,,,,,,,,,,,,,,,,,,,,,,,,,,,,,,,,,,
Clarkson Afram,,,,,,,,,,,,,,,,* myContacts,* Other,clerksonderealone@gmail.com,,,,,Mobile,+233246789780,Other,233246789780,,,,,,,,,,,,,,,,,,,,,,,,,,,,,,,,,,,,,,,,,,,,,,,,,,,,,,,,,
COLLINS AJUNWA,,,,,,,,,,,,,,,,* myContacts,* Other,collinsuchechukwuajunwa@gmail.com,,,,,Other,+2348063079166,,,,,,,,,,,,,,,,,,,,,,,,,,,,,,,,,,,,,,,,,,,,,,,,,,,,,,,,,,,
COLLINS ONWUAMAEZE,,,,,,,,,,,,,,,,RCCG ::: * myContacts,,,,,,,Mobile,+2348161319479,,,,,,,,,,,,,,,,,,,,,,,,,,,,,,,,,,,,,,,,,,,,,,,,,,,,,,,,,,,
COMFORT,,AGIDA,,,,,,,,,,, --12-27,,,RCCG ::: * myContacts,,,,,,,Other,+2347030885418,,,,,,,,,,,,,,,,,,,,,,,,,,,,,,,,,,,,,,,,,,,,,,,,,,,,,,,,,,,
COMFORT MAYA,,,,,,,,,,,,,,,,* myContacts,,,,,,,Mobile,+2347036262609,,,,,,,,,,,,,,,,,,,,,,,,,,,,,,,,,,,,,,,,,,,,,,,,,,,,,,,,,,,
COMPUDEL COMPUTERS STORES,,,,,,,,,,COMPUDEL COMPUTERS STORES ,,,,,,Businesses ::: * myContacts,,,,,,,Mobile,+2348034454008,Other,+2348034454008,,,,,,,,,,,,,,,,,,,,,,,,,,,,,,,,,,,,,,,,,,,,,,,,,,,,,,,,,
CONFIDENCE,,STEPHEN,,,,,,,,,,, --12-23,,,RCCG ::: * myContacts,* Home,stephenconfidence029@gmail.com,,,,,Mobile,+2348148864189,,,,,,,,,,,,,,,,,,,,Nigeria,Nigeria,,,,,,,,,,,,,,,,,,,,,,,,,,,,,,,,,,,,,,
Copper,,Opeyemi,,,,,,,,,,,,,,* myContacts,,,,,,,Mobile,+2347079818716,,,,,,,,,,,,,,,,,,,,,,,,,,,,,,,,,,,,,,,,,,,,,,,,,,,,,,,,,,,
CORDELIA SYLVANUS,,,,,,,,,,,,,,,,RCCG ::: * myContacts,* Home,CordeliaSylvanus@Gmail.com,,,,,Mobile,+2348109559696,Other,+2348109559696,,,,,,,,,,,,,,,,,,Nigeria,,,,,,Nigeria,,,,,,,,,,,,,,,,,,,,,,,,,,,,,,,,,
Cynthia Odili,,,,,,,,,,,,,,,,* myContacts,* Other,ceewhy11@gmail.com,,,,,Other,+2348069515025,,,,,,,,,,,,,,,,,,,,,,,,,,,,,,,,,,,,,,,,,,,,,,,,,,,,,,,,,,,
Cynthia-Edith NDIVE,,,,,,,,,,,,,,,,* myContacts,* Other,edmouvfoundation@gmail.com,,,,,Other,237679441796,,,,,,,,,,,,,,,,,,,,,,,,,,,,,,,,,,,,,,,,,,,,,,,,,,,,,,,,,,,
DAD SARAH,,CARPENTER,,,,,,,,,,,,,,* myContacts,,,,,,,Mobile,+234 816 347 1213,,,,,,,,,,,,,,,,,,,,,,,,,,,,,,,,,,,,,,,,,,,,,,,,,,,,,,,,,,,
DADA,,,,,,,,,,,,,,,,* myContacts,* Other,olajumokepatrcia@gmail.com,,,,,Other,+2348067248957,,,,,,,,,,,,,,,,,,,,,,,,,,,,,,,,,,,,,,,,,,,,,,,,,,,,,,,,,,,
DADA,JOSHUA,OLUWADAMILARE,,,,,,,,,,,,,https://lh3.googleusercontent.com/contacts/AG6tpzH3lU6P_M00TCATZ6bfODjA-TFatHHCpuu4oJjJKBKg9AunfKqw,School University of Ibadan Students ::: * myContacts,* Home,oluwadamilarej@gmail.com,,,,,Other,+234 705 723 0223,,,,,,,,,,,,,,,,,,,Home,Nigeria,,,,,,Nigeria,,,,,,,,,,,,,,,,,,,,,,,,,,,,,,,,,
DADDY SARAH CARPENTER,,,,,,,,,,,,,,,,Businesses ::: * myContacts,,,,,,,Mobile,+2348121742598,,,,,,,,,,,,,,,,,,,,,,,,,,,,,,,,,,,,,,,,,,,,,,,,,,,,,,,,,,,
Dalmaris orock-naka Epingi,,,,,,,,,,,,,,,,* myContacts,* Other,dalmarisnaka@gmail.com,,,,,Other,237673174970,,,,,,,,,,,,,,,,,,,,,,,,,,,,,,,,,,,,,,,,,,,,,,,,,,,,,,,,,,,
DAMILARE,,OYENIYI,,,,,,,,,,,2008-07-10,,,RCCG ::: * myContacts,,,,,,,,0813 839 7469,,,,,,,,,,,,,,,,,,,,"Poly Road
Ibadan
Oyo
200132
NG",Poly Road,Ibadan,,Oyo,200132,NG,,,,,,,,,,,,,,,,,,,,,,,,,,,,,,,,,
DAMILARE,,SHOLOLA,,,,,,,,,,,,,,RCCG ::: * myContacts,,,,,,,Other,+2348101228741,,,,,,,,,,,,,,,,,,,,,,,,,,,,,,,,,,,,,,,,,,,,,,,,,,,,,,,,,,,
DAMILOLA AGUNBIADE,,,,,,,,,,,,,,,,Businesses ::: * myContacts,,,,,,,Mobile,+2349137079558,Other,+2349137079558,,,,,,,,,,,,,,,,,,Nigeria,,,,,,Nigeria,,,,,,,,,,,,,,,,,,,,,,,,,,,,,,,,,
DAMILOLA AHMED,,,,,,,,,,,,,,,,RCCG ::: * myContacts,,,,,,,Mobile,+2349034415064,Other,+2349034415064,,,,,,,,,,,,,,,,,,,,,,,,,,,,,,,,,,,,,,,,,,,,,,,,,,,,,,,,,
DAMILOLA BOLAJI,,,,,,,,,,,,,2020-07-11,,,RCCG ::: * myContacts,,,,,,,Mobile,+2347031218948,Other,+2347031218948,,,,,,,,,,,,,,,,,,,,,,,,,,,,,,,,,,,,,,,,,,,,,,,,,,,,,,,,,
DAMILOLA,,FAGITE,,,,Pastor,,,,,,, --06-22,,,RCCG ::: * myContacts,* Home,Damilolagabriel60@gmail.com,,,,,Mobile,+234 803 751 9853 ::: +234 902 801 6502,Work,+234 806 295 4465,,,,,,,,,,,,,,,,,Home,Nigeria,,,,,,Nigeria,,,,,,,,,,,,,,,,,,,,,,,,,,,,,,,,,
DAMILOLA LEBI,,,,,,,,,,,,,,,,RCCG ::: * myContacts,,,,,,,Other,+2349071156140,,,,,,,,,,,,,,,,,,,,,,,,,,,,,,,,,,,,,,,,,,,,,,,,,,,,,,,,,,,
DAMILOLA,OPEYEMI,OLUWAFEMI,,,,,,,,,,,1996-10-22,,https://lh3.googleusercontent.com/contacts/AG6tpzElufkmldphG98ISu1fsXwwwfOf8wjgwQi30RfyYTji0NR1lfXK,* myContacts,* ,damiloladabike96@gmail.com,,,,,Mobile,+2348101321062,,,,,,,,,,,,,,,,,,,,,,,,,,,,,,,,,,,,,,,,,,,,,,,,,,,,,,,,,,,
DANIEL & DORCAS OLAMIDE,,,,,,,,,,,,,,,,* myContacts,,,,,,,Pager,+2348139300650,Other,+2348087901181,,,,,,,,,,,,,,,,,,,,,,,,,,,,,,,,,,,,,,,,,,,,,,,,,,,,,,,,,
DANIEL ALIU,,,,,,,,,,,,, --08-01,,,RCCG ::: * myContacts,,,,,,,Other,+2349018963589,,,,,,,,,,,,,,,,,,,,,,,,,,,,,,,,,,,,,,,,,,,,,,,,,,,,,,,,,,,
DANIEL EGBUDU NGBEDE,,,,,,,,,,,,,2024-08-16,,,KBI Ex Staff ::: * myContacts,* Other,danielaustin568@gmail.com,,,,,Mobile,+2348118080708,Other,+2347063404632,,,,,,,,,,,,,,,,,,,,,,,,,,,,,,,,,,,,,,,,,,,,,,,,,,,,,,,,,
DANIEL,OBANIJESU,ABIODUN,,,,,,,,,,,2023-07-05,P.G.1,,KBI Parents ::: * myContacts,* ,BIGSAM4REAL71@GMAIL.COM,,,,,Other,+2348142267178,,0708 292 0964,,,,,,,,,,,,,,,,,,,,,,,,,,,,,,,,,,,,,,,,,,,,,,,,,,,,,,,,,
DANIEL,,OLADEJI,,,,,,,,,,,2021-07-14,,,KBI Ex Parents ::: * myContacts,,,,,,,Other,+2347038155161,,,,,,,,,,,,,,,,,,,Other,"NO 16, OGO DABIRI STREET, MONIYA
IBADAN, Oyo
NG","NO 16, OGO DABIRI STREET, MONIYA",IBADAN,,Oyo,,NG,,,,,,,,,,,,,,,,,,,,,,,,,,,,,,,,,
DANIEL OLETU,,,,,,,,,,,,,,,,RCCG ::: * myContacts,* Other,danieloletu@gmail.com,,,,,Other,+2347086211594,,,,,,,,,,,,,,,,,,,,,,,,,,,,,,,,,,,,,,,,,,,,,,,,,,,,,,,,,,,
Daniel Quarshie,,,,,,,,,,,,,,,,* myContacts,* Other,fleckdaniels@gmail.com,,,,,Other,233246649490,,,,,,,,,,,,,,,,,,,,,,,,,,,,,,,,,,,,,,,,,,,,,,,,,,,,,,,,,,,
DANIEL SAMUEL BASSI,,,,,,,,,,,,,,,,RCCG ::: * myContacts,,,,,,,Mobile,+2348110154954,Other,+2348110154954,,,,,,,,,,,,,,,,,,,,,,,,,,,,,,,,,,,,,,,,,,,,,,,,,,,,,,,,,
DANIEL,,SCHWAB,,,,,,,,,,,,,,* myContacts,,,,,,,Mobile,+15406047431,,,,,,,,,,,,,,,,,,,,,,,,,,,,,,,,,,,,,,,,,,,,,,,,,,,,,,,,,,,
"DANIEL, DORCAS & ELIZABETH","OBALOLUWA, SEMILORE, IREOLUWA",OLAMIDE,,,,,,,,,,,,,,KBI Ex Parents ::: * myContacts,,,,,,,Other,+2348139300650 ::: +2348087901181,,,,,,,,,,,,,,,,,,,Other,"IBADAN, Oyo
NG",,IBADAN,,Oyo,,NG,,,,,,,,,,,,,,,,,,,,,,,,DORCAS,2018-07-19,DANIEL,2016-05-22,ELIZABETH,2021-09-28,,,,
DANIELLA,ELOHOR,EGHWUBARE,,,,,,,,,,,2020-10-24,,,KBI Ex Parents ::: * myContacts,* ,AYOMIPOAKINFOLARIN@GMAIL.COM,,,,,Other,+2347051504336,,0802 393 7750,,,,,,,,,,,,,,,,,,,,,,,,,,,,,,,,,,,,,,,,,,,,,,,,,,,,,,,,,
Danjuma Ruqayat Fadesere,,,,,,,,,,,,,,,,* myContacts,* Other,danjumaruqayat@gmail.com,,,,,Other,+234 913 902 1721,,,,,,,,,,,,,,,,,,,,,,,,,,,,,,,,,,,,,,,,,,,,,,,,,,,,,,,,,,,
Daouda KOLA,,,,,,,,,,,,,,,,* myContacts,* Other,koladaouda2@gmail.com,,,,,Other,22666602035,,,,,,,,,,,,,,,,,,,,,,,,,,,,,,,,,,,,,,,,,,,,,,,,,,,,,,,,,,,
DARA,JESUTOFUNMI,DAVID,,,,,,,,,ENGINEER/TRADER,,2017-03-12,,,KBI Parents ::: * myContacts,* ,MANNYDAVES@GMAIL.COM,,,,,Other,+2347031040997,,0806 791 1097 ::: +234 805 706 9870,,,,,,,,,,,,,,,,,,"C32, FEDERAL HOUSING ESTATEAPAPA, MONIYA
IBADAN, YO
NG","C32, FEDERAL HOUSING ESTATEAPAPA, MONIYA",IBADAN,,YO,,NG,,,,,,,,,,,,,,,,,,,,,,,,,,,,,,,,,
DARAMOLA,SEGUN,SIMIYU,,,,,,,,,,, --10-12,,,RCCG ::: * myContacts,,,,,,,Other,+2347037222475,,,,,,,,,,,,,,,,,,,,,,,,,,,,,,,,,,,,,,,,,,,,,,,,,,,,,,,,,,,
DASOLA,MARGARET,AWOYEMI,,,,,,,,,,,1964-12-11,,https://lh3.googleusercontent.com/contacts/AG6tpzHpKoY0P5jv-ie8qyCUjQTQsTjuRhFjVrgNJjRqDLy7qfj_Gxoc,KBI Staff ::: * family ::: * myContacts ::: * starred,,,,,,,Home,+2348056873173,Work,+2348167039603,Main,+2349117340781,Mobile,+2348033662120,Other,0761241324,,,,,,,,,,,,,,,,,,,,,,,,,,,,,,,,,,,,,,,,,,,,,,,,,,,
DASOLA ODEDIRAN,,,,,,,,,,,,,1993-11-22,,,Techbase Customers Ex ::: * myContacts,,,,,,,Mobile,+2348140237853,Other,+2348140237853,,,,,,,,,,,,,,,,,,,,,,,,,,,,,,,,,,,,,,,,,,,,,,,,,,,,,,,,,
DAVID & TIMOTHY TIOLUWANIOKANMI & OGOOLUWA OLUJIMI,,,,,,,,,,,,,,,,KBI Parents ::: * myContacts,,,,,,,Work,+2347061193838 ::: +2347061193838,Mobile,+2348022737767,Other,+2347061193838,,,,,,,,,,,,,,,,,,,,,,,,,,,,,,,,,,,,,,,,,,,,,,DAVID,2018-05-14,TIMOTHY,2020-05-28,,,,,,
DAVID ADELESI,,,,,,,,,,,,,,,,Techbase Staff ::: * myContacts,* Home,adelesidavid@gmail.com,,,,,Mobile,+2348134455173,Other,+2348134455173,,,,,,,,,,,,,,,,,,,,,,,,,,,,,,,,,,,,,,,,,,,,,,,,,,,,,,,,,
DAVID,,BOLUWATIFE,,,,,,,,,,, --02-28,,,RCCG ::: * myContacts,,,,,,,Other,+2347034470118,,,,,,,,,,,,,,,,,,,,,,,,,,,,,,,,,,,,,,,,,,,,,,,,,,,,,,,,,,,
DAVID,,ETUKESSIEN,,,,,,,,,,,1995-04-08,,,RCCG ::: * myContacts,* ,etukessienubon1995@gmail.com,,,,,Other,+2349068467519 ::: +2349073595216,,,,,,,,,,,,,,,,,,,,,,,,,,,,,,,,,,,,,,,,,,,,,,,,,,,,,,,,,,,
David Harrison Add0,,,,,,,,,,,,,,,,* myContacts,* Other,daddoharrison@gmail.com,,,,,Other,223537111576,,,,,,,,,,,,,,,,,,,,,,,,,,,,,,,,,,,,,,,,,,,,,,,,,,,,,,,,,,,
DAVID,,OGUNDEJI,,,,,,,,,,,,,,TESCOM ::: * myContacts,,,,,,,Mobile,+234 802 259 9196,,,,,,,,,,,,,,,,,,,,Nigeria,Nigeria,,,,,,,,,,,,,,,,,,,,,,,,,,,,,,,,,,,,,,
Dawn Kene-Okafor,,,,,,,,,,,,,,,,* myContacts,* Other,keneokafordawn@gmail.com,,,,,Other,+2348127388606,,,,,,,,,,,,,,,,,,,,,,,,,,,,,,,,,,,,,,,,,,,,,,,,,,,,,,,,,,,
DBAJ PARK,,,,,,,,,,,,,,,,* myContacts,,,,,,,Mobile,+2348130067243,Other,+2348130067243,,,,,,,,,,,,,,,,,,,,,,,,,,,,,,,,,,,,,,,,,,,,,,,,,,,,,,,,,
DEBORAH & DANIEL OLUWADARA & IYANUOLUWA AKINBOSOYE,,,,,,,,,,,,,,,,KBI Parents ::: * myContacts,* Other,adebayo4mercy@gmail.com,,,,,Mobile,+2348066732995,Other,+2348165601329,,,,,,,,,,,,,,,,,,,,,,,,,,,,,,,,,,,,,,,,,,,,,,,,DEBORAH,2021-04-09,DANIEL,2019-09-18,,,,,,
DEBORAH ADESEKOLA,,,,,,,,,,,,, --08-08,,,RCCG ::: * myContacts,* Other,bunmiadesekola700@gmail.com,,,,,Other,+2348120870382,,,,,,,,,,,,,,,,,,,,,,,,,,,,,,,,,,,,,,,,,,,,,,,,,,,,,,,,,,,
DEBORAH ADESOKAN,,,,,,,,,,,,,,,,* myContacts,,,,,,,Mobile,+2348120870382,Other,+2348120870382,,,,,,,,,,,,,,,,,,,,,,,,,,,,,,,,,,,,,,,,,,,,,,,,,,,,,,,,,
DEBORAH AKINGBILE,,,,,,,,,,,,,2018-10-21,,,RCCG ::: * myContacts,,,,,,,Mobile,+2348135179500,Other,+2348135179500,,,,,,,,,,,,,,,,,,,,,,,,,,,,,,,,,,,,,,,,,,,,,,,,,,,,,,,,,
DEBORAH,BLESSING ADESOLA MOTUNRAYO OLUWAPAMILERINAYO,ATAYERO,,,,,,,,Tai Solarin University Of Education,,Economics/Education,1999-05-19,,https://lh3.googleusercontent.com/contacts/AG6tpzHGmgspaNOBSnOV44B8Iymew4OBRd_W0vVaoIfNF2dbbXtP1WMy,* myContacts,* Home,atayerodeborah5@gmail.com,,,,,Home,+2347069497306,Mobile,+2349046276819,Other,20180401274,,,,,,,,,,,,,,,,"END-TIME AWARENESS TEACHING MINISTRYAKINGBILE, MONIYA
Atakunmosa East
Ibadan, Osun
NG","END-TIME AWARENESS TEACHING MINISTRYAKINGBILE, MONIYA",Ibadan,Atakunmosa East,Osun,,NG,,,,,,,,,,,,,,,,,,,,,,,,,,,,,,,,,
DEBORAH DIYA,,,,,,,,,,,,, --09-15,,,RCCG ::: * myContacts,* Home,diyadeborah9@gmail.com,,,,,Mobile,+2349078026303,Other,+2349078026303,,,,,,,,,,,,,,,,,,,,,,,,,,,,,,,,,,,,,,,,,,,,,,,,,,,,,,,,,
DEBORAH IFEOLUWA AKANMU,,,,,,,,,,,,, --12-28,,,RCCG ::: * myContacts,,,,,,,Other,+2349038344249,,,,,,,,,,,,,,,,,,,,,,,,,,,,,,,,,,,,,,,,,,,,,,,,,,,,,,,,,,,
DEBORAH,IYANUOLUWA,DANIEL,,,,,,,,,ENGINEER / NURSE,,2011-06-11,,https://lh3.googleusercontent.com/contacts/AG6tpzFV3ojsnZX9LoK-MaVkxMli_Hk3hElF-Hrr3QEl711tQx3UxNV2,KBI Parents ::: * myContacts,,,,,,,Other,+2349050297502 ::: +2348060251121 ::: +2348073035344,,,,,,,,,,,,,,,,,,,,"NO 60, KAJOLA ESTATEMONIYA
NG","NO 60, KAJOLA ESTATEMONIYA",,,,,NG,,,,,,,,,,,,,,,,,,,,,,,,,,,,,,,,,
Deborah Jimeto,,,,,,,,,,,,,,,,* myContacts,* Other,titilayodeborah378@gmail.com,,,,,Other,+2348167364205,,,,,,,,,,,,,,,,,,,,,,,,,,,,,,,,,,,,,,,,,,,,,,,,,,,,,,,,,,,
DEBORAH,,MEGBOROON,,,,,,,,,,, --09-10,,,RCCG ::: * myContacts,,,,,,,Other,+2349058580027,,,,,,,,,,,,,,,,,,,,,,,,,,,,,,,,,,,,,,,,,,,,,,,,,,,,,,,,,,,
DEBORAH,OJONUGWA,ATULUKU,,,,,,,,,,,2001-07-11,,,KBI Staff ::: * myContacts,* ,deborahojonugwa22@gmail.com,,,,,Mobile,+234 903 748 1168,,,,,,,,,,,,,,,,,,,,"Nigeria
NG",Nigeria,,,,,NG,,,,,,,,,,,,,,,,,,,,,,,,,,,,,,,,,
DEBORAH,,OLADOKUN,,,,,,,,BMHS ISOLO,,,,,,Techbase Customers Ex ::: * myContacts,,,,,,,Mobile,+2348050298329,,,,,,,,,,,,,,,,,,,,Nigeria,,,,,,Nigeria,,,,,,,,,,,,,,,,,,,,,,,,,,,,,,,,,
DEBORAH OLATUNDE,,,,,,,,,,,,,2019-01-05,,,RCCG ::: * myContacts,* Home,debbyyetty826@gmail.com,,,,,Mobile,+2348080323215,Other,+2348080323215,,,,,,,,,,,,,,,,,,,,,,,,,,,,,,,,,,,,,,,,,,,,,,,,,,,,,,,,,
DEBORAH OLUWAPELUMI OLOWOOKERE,,,,,,,,,,,,,2024-07-18,,,RCCG ::: * myContacts,* Home,Oluwapelumi1111@gmail.com,,,,,Mobile,+2348136698430,Other,+2348136698430,,,,,,,,,,,,,,,,,,Nigeria,,,,,,Nigeria,,,,,,,,,,,,,,,,,,,,,,,,,,,,,,,,,
DEBORAH OMOTOSHO,,,,,,,,,,,,,,,,KBI Ex Staff ::: * myContacts,,,,,,,Mobile,+2347065244292,Other,+2347065244292,,,,,,,,,,,,,,,,,,,,,,,,,,,,,,,,,,,,,,,,,,,,,,,,,,,,,,,,,
DEBORAH,TOLANI,AWOYEMI,,,,,,,,,,,2004-11-30,,,* family ::: * myContacts ::: * starred,* ,deborahawoyemi14@gmail.com,,,,,Main,+2348114734320,Mobile,+2348085292818,Work,+234 902 188 1421,,,,,,,,,,,,,,,Home,"END-TIME AWARENESS TEACHING MINISTRIES, AKINGBILEMONIYA
Ibadan
NG ::: END-TIME AWARENESS TEACHING MINISTRIES, AKINGBILEMONIYA
Ibadan
NG","END-TIME AWARENESS TEACHING MINISTRIES, AKINGBILEMONIYA ::: END-TIME AWARENESS TEACHING MINISTRIES, AKINGBILEMONIYA",Ibadan ::: Ibadan, ::: , ::: , ::: ,NG ::: NG, ::: ,,,,,,,,,,,,,,,,,,,,,,,,,,,,,,,,
DENISE CHANEL BUKARI BILOA,,,,,,,,,,,,,,,,* myContacts,* Other,bbiloachanel@gmail.com,,,,,Other,+237690075098,,,,,,,,,,,,,,,,,,,,,,,,,,,,,,,,,,,,,,,,,,,,,,,,,,,,,,,,,,,
DESIGN BRICKS,,,,,,,,,,,,,,,,* myContacts,,,,,,,Mobile,+2348025424253,Other,+2349039375110,,,,,,,,,,,,,,,,,,,,,,,,,,,,,,,,,,,,,,,,,,,,,,,,,,,,,,,,,
DESIRE & BLESSING & BRIGHT,,SANUSI,,,,,,,,,,,,,,KBI Parents ::: * myContacts,* ,SANUSIQUDUSKAYODE@YAHOO.COM,,,,,,0905 837 0506,Other,+2348133546251,,,,,,,,,,,,,,,,,,,,,,,,,,,,,,,,,,,,,,,,,,,,,,,,BLESSING,2018-03-28,DESIRE,2020-01-07,Bright,2023-02-02,,,,
DESIRE,HALLELUYAH,AJAYI,,,,,,,,,,,2025-03-03,CRECHE,,KBI Parents ::: * myContacts,* ,FIYINFOLUWABLESSING6@GMAIL.COM,,,,,Other,+2347037804648,,,,,,,,,,,,,,,,,,,,,,,,,,,,,,,,,,,,,,,,,,,,,,,,,,,,,,,,,,,
Desmond Otoo,,,,,,,,,,,,,,,,* myContacts,* Other,bddotoo@gmail.com,,,,,Other,2230240088558,,,,,,,,,,,,,,,,,,,,,,,,,,,,,,,,,,,,,,,,,,,,,,,,,,,,,,,,,,,
DJE JANVIER DJE BI,,,,,,,,,,,,,,,,* myContacts,* Other,djejanvier14@gmail.com,,,,,Other,2250707308083,,,,,,,,,,,,,,,,,,,,,,,,,,,,,,,,,,,,,,,,,,,,,,,,,,,,,,,,,,,
Djemilatou Seoni,,,,,,,,,,,,,,,,* myContacts,* Other,djemilatouseoni@gmail.com,,,,,Other,22673076428,,,,,,,,,,,,,,,,,,,,,,,,,,,,,,,,,,,,,,,,,,,,,,,,,,,,,,,,,,,
DOLABOMI CAFE AKLG,,,,,,,,,,,,,,,,* myContacts,,,,,,,Mobile,+2348067836871,Other,+2348067836871,,,,,,,,,,,,,,,,,,,,,,,,,,,,,,,,,,,,,,,,,,,,,,,,,,,,,,,,,
DOLANI,MARY AYOMIDE,ADEBISI,,,,,,,,,,,2002-08-05,,,KBI Ex Staff ::: * myContacts,* ,maryadebisi2002@gmail.com,,,,,Mobile,+2348133445740 ::: +2348083919898,,,,,,,,,,,,,,,,,,,Home,NG,,,,,,NG,,,,,,,,,,,,,,,,,,,,,,,,,,,,,,,,,
DOLAPO,,AKINADE,,,,,,,,,,,1999-08-21,,https://lh3.googleusercontent.com/contacts/AG6tpzHxkXwVE0A6OdMMl4U0SZ5hXv7lVoZ4jg5Kt7v_dtdbI8XBQTzt,* myContacts,,,,,,,Mobile,+234 701 168 0232,,,,,,,,,,,,,,,,,,,Home,Nigeria,,,,,,Nigeria,,,,,,,,,,,,,,,,,,,,,,,,,,,,,,,,,
DOLAPO APATA,,,,,,,,,,Knowledge Base International School,,,1997-08-28,,,KBI Ex Staff ::: * myContacts,* Other,apatadolapo86@gmail.com,,,,,Other,+2348160865194,,,,,,,,,,,,,,,,,,,,,,,,,,,,,,,,,,,,,,,,,,,,,,,,,,,,,,,,,,,
DOLAPO ASIMOLOWO,,,,,,,,,,Techbridge,,,,,,Techbase Customers Ex ::: * myContacts,* Home,dolapo@techbridge.com.ng,,,,,Mobile,+2348139568360,Other,+2348139568360,,,,,,,,,,,,,,,,,,,,,,,,,,,,,,,,,,,,,,,,,,,,,,,,,,,,,,,,,
DOMINIC GANDE,,,,,,,,,,BAJ PARK,,,,,,RCCG ::: * myContacts,,,,,,,Mobile,+2347032102380,Other,+2347032102380,,,,,,,,,,,,,,,,,,,,,,,,,,,,,,,,,,,,,,,,,,,,,,,,,,,,,,,,,
DORCAS,ADEMIDE,ADEDAYO,,,,,,,,,,,2021-07-31,,,KBI Parents ::: * myContacts,,,,,,,Other,+2348033877121 ::: +2348058288142,,,,,,,,,,,,,,,,,,,,,,,,,,,,,,,,,,,,,,,,,,,,,,,,,,,,,,,,,,,
DORCAS,ADESEWA,SOMIDE,,,,,,,,,,,2022-07-16,,,KBI Ex Parents ::: * myContacts,,,,,,,Other,+2349063582177 ::: +2349032209500,,,,,,,,,,,,,,,,,,,,,,,,,,,,,,,,,,,,,,,,,,,,,,,,,,,,,,,,,,,
DORCAS,,AJAYI,,,,,,,,,,,,,,TESCOM ::: * myContacts,* Home,ajayidorcas2007@gmail.com,,,,,Mobile,+2347033897321,,,,,,,,,,,,,,,,,,,,Nigeria,,,,,,Nigeria,,,,,,,,,,,,,,,,,,,,,,,,,,,,,,,,,
DORCAS DANIEL,,,,,,,,,,,,, --03-28,,,RCCG ::: * myContacts,,,,,,,Other,+2347015044533,,,,,,,,,,,,,,,,,,,,,,,,,,,,,,,,,,,,,,,,,,,,,,,,,,,,,,,,,,,
DORCAS IFEDOLAPO JOSEPH,,,,,,,,,,,,,,,,School University of Ibadan Students ::: * myContacts,* Home,dorcasifedolapo46@gmail.com,,,,,Work,+2349068682253,Mobile,+2347039535767,Other,+2347039535767,,,,,,,,,,,,,,,,,,,,,,,,,,,,,,,,,,,,,,,,,,,,,,,,,,,,,,,
DORCAS IYANUOLUWA AFOLAMI,,,,,,,,,,,,,2022-07-04,,,Businesses ::: RCCG ::: * myContacts,,,,,,,Other,+2347038498462,,,,,,,,,,,,,,,,,,,,,,,,,,,,,,,,,,,,,,,,,,,,,,,,,,,,,,,,,,,
DORCAS,MOJIRADE,AFOLABI,,,,,,,,,,,1995-12-05,,,KBI Ex Staff ::: * myContacts,* Home,afolabidorcas340@gmail.com,Home,afolabidorcas39@gmail.com,,,Other,+2347041589631,Mobile,+2347011456330,,,,,,,,,,,,,,,,,,,,,,,,,,,,,,,,,,,,,,,,,,,,,,,,,,,,,,,,,
DOUGLAS YAMSA,,,,,,,,,,,,,,,,RCCG ::: * myContacts,,,,,,,Mobile,+2349075106048,Other,+2349075106048,,,,,,,,,,,,,,,,,,,,,,,,,,,,,,,,,,,,,,,,,,,,,,,,,,,,,,,,,
DR ABRAHAM SHAIBU,,,,,,,,,,,,,,,,RCCG ::: * myContacts,,,,,,,Mobile,+2348036744410,Other,+2348036744410,,,,,,,,,,,,,,,,,,,,,,,,,,,,,,,,,,,,,,,,,,,,,,,,,,,,,,,,,
DYNAMIC GLORIOUS,,,,,,,,,,,,,,,,* myContacts,,,,,,,Mobile,+2348022982121,Other,+2348022982121,,,,,,,,,,,,,,,,,,,,,,,,,,,,,,,,,,,,,,,,,,,,,,,,,,,,,,,,,
Ebenezar Tanko Fai,,,,,,,,,,,,,,,,* myContacts,* Other,tankoebenezer@gmail.com,,,,,Mobile,+237678664214,Other,237678664214,,,,,,,,,,,,,,,,,,,,,,,,,,,,,,,,,,,,,,,,,,,,,,,,,,,,,,,,,
EBENEZER CHUKWUDI,,,,,,,,,,,,,2024-03-29,,,RCCG ::: * myContacts,* Other,chukwudiebenezer7@gmail.com,,,,,Mobile,+2348176491892,Other,+2348176491892,,,,,,,,,,,,,,,,,,,,,,,,,,,,,,,,,,,,,,,,,,,,,,,,,,,,,,,,,
EBENEZER,SOFT,IMAGE,,,,,,,,,,,,,https://lh3.googleusercontent.com/contacts/AG6tpzG5819IONoRD2E5_CEzicGGZ4QPwkEwifzMwVELKsxtUMLEOQxM,RCCG ::: * myContacts,* Home,abiolaebenezer2001@gmail.com,,,,,Mobile,+234 814 030 7814,,,,,,,,,,,,,,,,,,,Home,Nigeria,,,,,,Nigeria,,,,,,,,,,,,,,,,,,,,,,,,,,,,,,,,,
Ebrima B Jallow,,,,,,,,,,,,,,,,* myContacts,* Other,jallowebrimab1@gmail.com,,,,,Other,2203240235,,,,,,,,,,,,,,,,,,,,,,,,,,,,,,,,,,,,,,,,,,,,,,,,,,,,,,,,,,,
Ebrima Cham,,,,,,,,,,,,,,,,* myContacts,* Other,chamebrima21@yahoo.com,,,,,Other,+2203255647,,,,,,,,,,,,,,,,,,,,,,,,,,,,,,,,,,,,,,,,,,,,,,,,,,,,,,,,,,,
EBUNOLUWA CHRISTMAS,,,,,,,,,,,,,,,,* myContacts,,,,,,,Mobile,+2349028413599,Other,+2349028413599,,,,,,,,,,,,,,,,,,Nigeria,,,,,,Nigeria,,,,,,,,,,,,,,,,,,,,,,,,,,,,,,,,,
EBUNOLUWA,RUTH,OLUWALUSI,,,,,,,,,,,2024-07-02,,,KBI Ex Staff ::: * myContacts,* ,ebunoluwaaoluwalusj@gmail.com,,,,,Other,+2348133237317,,,,,,,,,,,,,,,,,,,,,,,,,,,,,,,,,,,,,,,,,,,,,,,,,,,,,,,,,,,
EDITH AHONKHAI,,,,,,,,,,,,,,,,Techbase Customers ::: * myContacts,,,,,,,Mobile,+2348131900814,Other,+2348131900814,,,,,,,,,,,,,,,,,,,,,,,,,,,,,,,,,,,,,,,,,,,,,,,,David Ahonkhai,2017-07-08,Ivan Ahonkhai,2015-08-02,,,,,,
EDMUND OBILO,,,,,,,,,,,,,,,,* myContacts,,,,,,,Mobile,+2348099918449,Other,+2348099918449,,,,,,,,,,,,,,,,,,,,,,,,,,,,,,,,,,,,,,,,,,,,,,,,,,,,,,,,,
EFE MELROSE,,,,,,,,,,MELROSE PUBLISHERS,,,,,,Businesses ::: * myContacts,,,,,,,Work,+2348074889044 ::: +2348074889044,Mobile,+2348061383468,Other,+2348074889044,,,,,,,,,,,,,,,,,,,,,,,,,,,,,,,,,,,,,,,,,,,,,,,,,,,,,,,
EGBUDU DANIEL NGBEDE,,,,,,,,,,,,,,,,* myContacts,* Other,danielaustin568@gmail.com,,,,,Other,+2347063404632,,,,,,,,,,,,,,,,,,,,,,,,,,,,,,,,,,,,,,,,,,,,,,,,,,,,,,,,,,,
EKO ABET,,,,,,,,,,,,,,,,* myContacts,* Other,abet.eko@gmail.com,,,,,Other,2250709134571,,,,,,,,,,,,,,,,,,,,,,,,,,,,,,,,,,,,,,,,,,,,,,,,,,,,,,,,,,,
ELIZABETH,ENIOLA,ADEJUMO,,,,,,,,,,,2014-08-26,,,KBI Ex Parents ::: * myContacts,* ,adejumoadekunle05@gmail.com,,,,,Other,+2348066699363,,0808 073 2717,,,,,,,,,,,,,,,,,,,,,,,,,,,,,,,,,,,,,,,,,,,,,,,,,,,,,,,,,
Elizabeth Obode,,,,,,,,,,,,,,,,* myContacts,* Other,elizabethobode@yahoo.com,,,,,Other,+2347073579759,,,,,,,,,,,,,,,,,,,,,,,,,,,,,,,,,,,,,,,,,,,,,,,,,,,,,,,,,,,
ELIZABETH,,OGUNLADE,,,,,,,,,,,,,,RCCG ::: * myContacts,,,,,,,,0702 528 6672,,,,,,,,,,,,,,,,,,,,,,,,,,,,,,,,,,,,,,,,,,,,,,,,,,,,,,,,,,,
ELPAAL-DUNAMIS & ELDAD OYIZA & OHUNENE ADEIZA,,,,,,,,,,,,,,,,* myContacts,* Other,hadizaaliyudogo@gmail.com,,,,,Mobile,+2348066970117,Other,+2347061934774,,,,,,,,,,,,,,,,,,,,,,,,,,,,,,,,,,,,,,,,,,,,,,,,,,,,,,,,,
"ELPAAL, ELDAD, ELUZAI","OYIZA , OHUNENE, ONYECHE",ADEIZA,,,,,,,,,,,,,,KBI Ex Parents ::: * myContacts,* Home,hadizaaliyudogo@gmail.com,,fashekehinde@gmail.com,,,Mobile,+2347061934774 ::: +2348066970117,,,,,,,,,,,,,,,,,,,,,,,,,,,,,,,,,,,,,,,,,,,,,,,,,,ELPAAL,2017-11-04,ELDAD,2020-01-21,ELUZAI,2022-07-02,,,,
EMMACULATE BABALOLA,,,,,,,,,,,,,,,,School University of Ibadan Students ::: * myContacts,,,,,,,Mobile,+2349076214274,Other,+2349076214274,,,,,,,,,,,,,,,,,,Nigeria,,,,,,Nigeria,,,,,,,,,,,,,,,,,,,,,,,,,,,,,,,,,
EMMANUEL,,,,,,,,,,,,, --06-03,,,RCCG ::: * myContacts,,,,,,,,0811 427 9320,,,,,,,,,,,,,,,,,,,,,,,,,,,,,,,,,,,,,,,,,,,,,,,,,,,,,,,,,,,
EMMANUEL,,,,,,,,,,,,,,,,RCCG ::: * myContacts,,,,,,,Mobile,+2348166801298,Other,+2348166801298,,,,,,,,,,,,,,,,,,,,,,,,,,,,,,,,,,,,,,,,,,,,,,,,,,,,,,,,,
EMMANUEL & TIMILEHIN,,TEMITOPE,,,,,,,,,ENGINEER / TRADER,,,,,KBI Parents ::: * myContacts,,,,,,,Other,+2348160865223 ::: +2348032071248 ::: +2349162163267,,,,,,,,,,,,,,,,,,,,"ROAD 8, NO 22, PEACE AVENUE, MONIYA
NG","ROAD 8, NO 22, PEACE AVENUE, MONIYA NG",,,,,,,,,,,,,,,,,,,,,,,,,,,,,EMMANUEL TEMITOPE,2011-08-08,TEMITOPE TIMILEHIN,2012-01-21,,,,,,
EMMANUEL AANU OYEBAMIJI,,,,,,,,,,,,,2019-01-02,,,RCCG ::: * myContacts,* Home,oyebamijiemmanuel@gmail.com,,,,,Mobile,+2348164181872,Other,+2348164181872,,,,,,,,,,,,,,,,,,,,,,,,,,,,,,,,,,,,,,,,,,,,,,,,Anniversary,2020-12-01,,,,,,,,
EMMANUEL ABOLUSORO,,,,,,,,,,,,,,,,* myContacts,* Other,abolusoro34@gmail.com,,,,,Other,+2348168476450,,,,,,,,,,,,,,,,,,,,,,,,,,,,,,,,,,,,,,,,,,,,,,,,,,,,,,,,,,,
EMMANUEL,,DARIEN,,,,,,,,,,, --02-27,,,RCCG ::: * myContacts,,,,,,,,0701 012 1295,,,,,,,,,,,,,,,,,,,,,,,,,,,,,,,,,,,,,,,,,,,,,,,,,,,,,,,,,,,
EMMANUEL FATUROTI,,,,,,,,,,,,, --05-14,,,RCCG ::: * myContacts,,,,,,,Mobile,+2348160789033,Other,+2348160789033,,,,,,,,,,,,,,,,,,,,,,,,,,,,,,,,,,,,,,,,,,,,,,,,,,,,,,,,,
EMMANUEL IFESINACHI OBALUM,,,,,,,,,,,,, --08-05,,,RCCG ::: * myContacts,* Other,eifesinachi5@gmail.com,,,,,Mobile,+2348068633464,Work,+2349168792586 ::: +2349168792586,Other,+2349168792586,,,,,,,,,,,,,,,,,,,,,,,,,,,,,,,,,,,,,,,,,,,,,,,,,,,,,,,
Emmanuel Kwabena Owusu,,,,,,,,,,,,,,,,* myContacts,* Other,emmanuelowusu38@yahoo.com,,,,,Other,2330541094186,,,,,,,,,,,,,,,,,,,,,,,,,,,,,,,,,,,,,,,,,,,,,,,,,,,,,,,,,,,
EMMANUEL,OBALOLUWA,OLUWAFEMI,,,,,,,,,ENGINEER / TRADER,,,,,KBI Parents ::: * myContacts,* ,paulhastings731monitoring@gmail.com,,maryoluwalogbon865@gmail.com,,,Other,+2348056075941,,0703 422 7367,,,,,,,,,,,,,,,,,Other,"BESIDE COMMUNITY HUGH SCHOOL SECONDARY, TOSE, MONIYA NG
NG","BESIDE COMMUNITY HUGH SCHOOL SECONDARY, TOSE, MONIYA NG",,,,,NG,,,,,,,,,,,,,,,,,,,,,,,,,,,,,,,,,
EMMANUEL ,OBALOLUWA VICTOR ,ATAYERO,,,,,,,,,,,,,https://lh3.googleusercontent.com/contacts/AG6tpzH85-GVFErTMSETj-IzXOUR-ay1e1aiPYrkywkeJuYsACOxJ-3N,* myContacts,* Home,atayeroemmanuelobaloluwavictor@gmail.com,,,,,Mobile,+234 916 897 2592,,,,,,,,,,,,,,,,,,,,,,,,,,,,,,,,,,,,,,,,,,,,,,,,,,,,,,,,,,,
EMMANUEL,ODUNAYO,OLADIPUPO,,,,,,,,,TEACHER / TRADER,,2011-12-31,,,KBI Ex Parents ::: * myContacts,* ,oladipupodasola@gmail.com,,oladipupokenny@gmail.com,,,Other,+2348147058042 ::: +2348050476147,,,,,,,,,,,,,,,,,,,Other,"1, GBAGADAJE
NO 8, ARAROMIAPAPA
MONIYA
NG","1, GBAGADAJE
NO 8, ARAROMIAPAPA",MONIYA,,,,NG,,,,,,,,,,,,,,,,,,,,,,,,,,,,,,,,,
EMMANUEL OLUWASEGUN,,,,,,,,,,,,,2013-05-18,,,KBI Parents ::: * myContacts,,,,,,,Other,0803 488 678,,,,,,,,,,,,,,,,,,,,,,,,,,,,,,,,,,,,,,,,,,,,,,,,,,,,,,,,,,,
EMMANUEL OLUWATIMILEHIN OLAOLU,,,,,,,,,,,,,2002-05-25,,,KBI Ex Staff ::: * myContacts,,,,,,,Work,+2348132526274 ::: +2348132526274,Mobile,+2349043516469,Other,+2348132526274,,,,,,,,,,,,,,,,,,,,,,,,,,,,,,,,,,,,,,,,,,,,,,,,,,,,,,,
EMMANUEL ,,ONGAJI,,,,,,,,,,,,,,RCCG ::: * myContacts,,,,,,,Mobile,+2349021890927,,,,,,,,,,,,,,,,,,,,Nigeria,,,,,,Nigeria,,,,,,,,,,,,,,,,,,,,,,,,,,,,,,,,,
Emmanuel PALMS MALL Darasimi,,,,,,,,,,,,,,,,* myContacts,* Other,emacul123@gmail.com,,,,,Mobile,+2347046029879,Other,+2347046029879,,,,,,,,,,,,,,,,,,,,,,,,,,,,,,,,,,,,,,,,,,,,,,,,,,,,,,,,,
Emmanuel Pewa,,,,,,,,,,,,,,,,* myContacts,* Other,emmanuel.pewa1@gmail.com,,,,,Other,23278117798,,,,,,,,,,,,,,,,,,,,,,,,,,,,,,,,,,,,,,,,,,,,,,,,,,,,,,,,,,,
Emmanuel Tamba Johnny,,,,,,,,,,,,,,,,* myContacts,* Other,emmanueltjohnny@gmail.com,,,,,Other,23278221052,,,,,,,,,,,,,,,,,,,,,,,,,,,,,,,,,,,,,,,,,,,,,,,,,,,,,,,,,,,
EMMANUELLA ANYANWU,,,,,,,,,,,,,2024-12-07,,,RCCG ::: * myContacts,,,,,,,Mobile,+2348108226794,Other,+2348108226794,,,,,,,,,,,,,,,,,,Nigeria,,,,,,Nigeria,,,,,,,,,,,,,,,,,,,,,,,,,,,,,,,,,
Enie Elive,,,,,,,,,,,,,,,,* myContacts,* Other,enie@greeningforward.org,,,,,Other,237677029455,,,,,,,,,,,,,,,,,,,,,,,,,,,,,,,,,,,,,,,,,,,,,,,,,,,,,,,,,,,
ENIOLA BAMIGBADE,,,,,,,,,,,,,2018-03-11,,,RCCG ::: * myContacts,,,,,,,Mobile,+2347084660559,Other,+2347084660559,,,,,,,,,,,,,,,,,,,,,,,,,,,,,,,,,,,,,,,,,,,,,,,,,,,,,,,,Photo,https://lh3.googleusercontent.com/contacts/ABsqplvWjhRfAjXGok2LMhi6d-Ot-JDtKNPasK1S0fwuv8e9ImS5ZBhr
ENIOLAOLUWA,,,,,,,,,,,,, --01-16,,,RCCG ::: * myContacts,,,,,,,Mobile,+2348164478131,Other,+2348164478131,,,,,,,,,,,,,,,,,,,,,,,,,,,,,,,,,,,,,,,,,,,,,,,,,,,,,,,,,
ENOCH ADENIYI,,,,,,,,,,,,, --05-10,,,RCCG ::: * myContacts,,,,,,,Other,+2348039370501,,,,,,,,,,,,,,,,,,,,,,,,,,,,,,,,,,,,,,,,,,,,,,,,,,,,,,,,,,,
Enoch Oba,,,,,,,,,,,,,,,,* myContacts,* Other,enochoba36@gmail.com,,,,,Mobile,+2347013269244,Other,+2347013269244,,,,,,,,,,,,,,,,,,,,,,,,,,,,,,,,,,,,,,,,,,,,,,,,,,,,,,,,,
Enoima Elijah,,,,,,,,,,,,,,,,* myContacts,* Other,firstladyeno@gmail.com,,,,,Other,+2349011804864,,,,,,,,,,,,,,,,,,,,,,,,,,,,,,,,,,,,,,,,,,,,,,,,,,,,,,,,,,,
ERNEST,,ABAH,,,,,,,,TECHBRIDGE CONSULTING LIMITED,TRAINER,,,,https://lh3.googleusercontent.com/contacts/AG6tpzFZb_GlaqymUDebbqJBdHPEsv17I-5bak2ENUoi5iHOcEbtq9Br,Techbase Customers Ex ::: * myContacts,* Home,abahernesto@gmail.com,Home,Ernest@techbridge.com.ng,,,Other,+234 907 878 0658,,,,,,,,,,,,,,,,,,,Home,"18 Alubarika St
Lagos",18 Alubarika St,Lagos,,,,,,,,,,,,,,,,,,,,,,,,,,,,,,,,,,,,,
Ernest Ofori,,,,,,,,,,,,,,,,* myContacts,* Other,oforie67@gmail.com,,,,,Other,223247906539,,,,,,,,,,,,,,,,,,,,,,,,,,,,,,,,,,,,,,,,,,,,,,,,,,,,,,,,,,,
Esegbuyota Fadipe,,,,,,,,,,,,,,,,* myContacts,* Other,yotafadipe@gmail.com,,,,,Other,+2348138967986,,,,,,,,,,,,,,,,,,,,,,,,,,,,,,,,,,,,,,,,,,,,,,,,,,,,,,,,,,,
ESTHER & ELIZABETH,,ADEBOYE,,,,,,,,,,,,,,KBI Parents ::: * myContacts,,,,,,,Other,+2348134016801,,,,,,,,,,,,,,,,,,,,"ROAD 8, HOUSE 10, PEACE AVENUE, MONIYA
IBADAN
NG","ROAD 8, HOUSE 10, PEACE AVENUE, MONIYA",IBADAN,,,,NG,,,,,,,,,,,,,,,,,,,,,,,,ESTHER,2012-05-13,ELIZABETH,2014-10-18,,,,,,
ESTHER ALIU,,,,,,,,,,,,, --09-03,,,RCCG ::: * myContacts,,,,,,,Mobile,+2348102611973,Other,+2348102611973,,,,,,,,,,,,,,,,,,,,,,,,,,,,,,,,,,,,,,,,,,,,,,,,,,,,,,,,,
ESTHER AYANSIJI,,,,,,,,,,,,,,,,RCCG ::: * myContacts,,,,,,,Mobile,+2348106818603,Other,+2348106818603,,,,,,,,,,,,,,,,,,,,,,,,,,,,,,,,,,,,,,,,,,,,,,,,,,,,,,,,,
ESTHER BABALOLA,,,,,,,,,,,,,2018-06-25,,,RCCG ::: * myContacts,,,,,,,Work,+2348062428703 ::: +2348062428703,Other,+2348062428703,,,,,,,,,,,,,,,,,,,,,,,,,,,,,,,,,,,,,,,,,,,,,,,,,,,,,,,,Photo,https://lh3.googleusercontent.com/contacts/ABsqpltkMHmzZyNBvK5INyyxnXPYOwBgoX4Bz_7Y9-4Lz5sftr5v5dgl
ESTHER,,BOLUWATIFE,,,,,,,,,,, --06-08,,,RCCG ::: * myContacts,* ,oluwarantimiesther206@gmail.com,,,,,,+234 913 636 9258,,,,,,,,,,,,,,,,,,,,,,,,,,,,,,,,,,,,,,,,,,,,,,,,,,,,,,,,,,,
ESTHER DOYINSOLA OLUWATAYO,,,,,,,,,,,,,2025-04-19,,,RCCG ::: * myContacts,* Home,oluwatayodoyinsola@gmail.com,,,,,Mobile,+2348109769577,Other,+2348109769577,,,,,,,,,,,,,,,,,,,,,,,,,,,,,,,,,,,,,,,,,,,,,,,,,,,,,,,,,
ESTHER ENIOLA ADEBOYE,,,,,,,,,,,,,,,,* myContacts,,,,,,,Other,+2348134016801,,,,,,,,,,,,,,,,,,,,,,,,,,,,,,,,,,,,,,,,,,,,,,,,,,,,,,,,,,,
ESTHER IBUKUN OLAYIWOLA,,,,,,,,,,,,,,,,RCCG ::: * myContacts,* Home,jedayoolayiwola@gmail.com,,,,,Mobile,+2348166252591,Other,+2348166252591,,,,,,,,,,,,,,,,,,Nigeria,,,,,,Nigeria,,,,,,,,,,,,,,,,,,,,,,,,,,,,,,,,,
ESTHER KEHINDE OLAPADE,,,,,,,,,,,,,1994-07-05,,,TESCOM ::: * myContacts,* Home,kehindeesther2016@gmail.com,Other,olapadekehinde1994@gmail.com,,,Other,+2348165557375,,,,,,,,,,,,,,,,,,,,,,,,,,,,,,,,,,,,,,,,,,,,,,,,,,,,,,,,,,,
ESTHER,KOFOWOROLA,AJIBOYE,,,,,,,,,,,1998-04-11,,,KBI Ex Staff ::: * myContacts,* Home,exclusivekay12@gmail.com,,,,,Mobile,+234 809 953 4199,,,,,,,,,,,,,,,,,,,,"3 Alapata St
Ibadan
Oyo
200132
NG",3 Alapata St,Ibadan,,Oyo,200132,NG,,,,,,,,,,,,,,,,,,,,,,,,,,,,,,,,,
ESTHER,MODUPE,OLADIPO,,,,,,,,International Institute of Tropical Agriculture (IITA) Headquarters,Graduate Research Intern,,2001-04-13,,,RCCG ::: * myContacts,* ,modueesther@gmail.com,,ayomidemodupe112@gmail.com,,,Other,+234 813 317 9106,Mobile,+234 813 428 3834,,,,,,,,,,,,,,,,,,"IITA Entrance Rd
Ibadan, Oyo 200136
NG ::: IITA Entrance Rd
Ibadan, Oyo 200136
NG ::: No 23, Owode Quarters, Basiri/Nova Road
Ado Ekiti, Ekiti
NG ::: No 23, Owode Quarters, Basiri/Nova Road
Ado Ekiti, Ekiti
NG","IITA Entrance Rd ::: IITA Entrance Rd ::: No 23, Owode Quarters, Basiri/Nova Road ::: No 23, Owode Quarters, Basiri/Nova Road",Ibadan ::: Ibadan ::: Ado Ekiti ::: Ado Ekiti, :::  :::  ::: ,Oyo ::: Oyo ::: Ekiti ::: Ekiti,200136 ::: 200136 :::  ::: ,NG ::: NG ::: NG ::: NG, :::  :::  ::: ,,,,,,,,,,,,,,,,,,,,,,,,,,,,,,,,
ESTHER,OLUDAYO,DIYA,,,,,,,,,,,2024-05-20,,,RCCG ::: * myContacts,* Home,diyaoludayo1@gmail.com,,,,,Mobile,+2347014041782,,,,,,,,,,,,,,,,,,,,,,,,,,,,,,,,,,,,,,,,,,,,,,,,,,,,,,,,,,,
ESTHER OPARAH,,,,,,,,,,,,,,,,RCCG ::: * myContacts,,,,,,,Mobile,+2348163076239,Other,+2348163076239,,,,,,,,,,,,,,,,,,,,,,,,,,,,,,,,,,,,,,,,,,,,,,,,,,,,,,,,,
Esther PALMS MALL Ajoke,,,,,,,,,,,,,,,,* myContacts,* Other,sexyesther321@gmail.com,,,,,Mobile,2347078657856,Other,2347078657856,,,,,,,,,,,,,,,,,,,,,,,,,,,,,,,,,,,,,,,,,,,,,,,,,,,,,,,,,
ESTHER,,SAMONO MAJESTONO,,,,,,,,,,,,,,Businesses ::: * myContacts,,,,,,,Mobile,+2349026839861,,,,,,,,,,,,,,,,,,,,Nigeria,,,,,,Nigeria,,,,,,,,,,,,,,,,,,,,,,,,,,,,,,,,,
Esther Shedrach,,,,,,,,,,,,,,,,* myContacts,* Other,esthershedrach51@gmail.com,,,,,Other,+2347068751666,,,,,,,,,,,,,,,,,,,,,,,,,,,,,,,,,,,,,,,,,,,,,,,,,,,,,,,,,,,
Etta Aki,,,,,,,,,,,,,,,,* myContacts,* Other,ettamercy89@gmail.com,,,,,Other,237672806241,,,,,,,,,,,,,,,,,,,,,,,,,,,,,,,,,,,,,,,,,,,,,,,,,,,,,,,,,,,
EUCHARISTA EMMA-OVBIAGELE,,,,,,,,,,,,,2024-11-21,,,RCCG ::: * myContacts,,,,,,,Mobile,+2347064643980,Other,+2347064643980,,,,,,,,,,,,,,,,,,,,,,,,,,,,,,,,,,,,,,,,,,,,,,,,,,,,,,,,,
EUGENIA DELA AKRONG,,,,,,,,,,,,,,,,* myContacts,,,,,,,Mobile,+233249503426,Other,+233249503426,,,,,,,,,,,,,,,,,,,,,,,,,,,,,,,,,,,,,,,,,,,,,,,,,,,,,,,,,
EUNICE ADEOLA OLU,,,,,,,,,,,,, --07-12,,,RCCG ::: * myContacts,,,,,,,Other,+2348160505383,,,,,,,,,,,,,,,,,,,,,,,,,,,,,,,,,,,,,,,,,,,,,,,,,,,,,,,,,,,
Evans Senior Owu,,,,,,,,,,,,,,,,* myContacts,* Other,evansseniorowu@gmail.com,,,,,Other,2330248365185,,,,,,,,,,,,,,,,,,,,,,,,,,,,,,,,,,,,,,,,,,,,,,,,,,,,,,,,,,,
EVIDENCE ,,CHUKWUNWEIKE,,,,,,,,,,,1999-05-17,,,KBI Ex Staff ::: * myContacts,* ,chukwunweikeevidence2019@gmail.com,,,,,Other,+2347050958626,,,,,,,,,,,,,,,,,,,,,,,,,,,,,,,,,,,,,,,,,,,,,,,,,,,,,,,,,,,
EXCEEDING GRACE,,,,,,,,,,,,,,,,* myContacts,,,,,,,Pager,+2348066741910,Other,+2348066741910,,,,,,,,,,,,,,,,,,,,,,,,,,,,,,,,,,,,,,,,,,,,,,,,,,,,,,,,,
EXCURSION DRIVER,,,,,,,,,,,,,,,,* myContacts,,,,,,,Mobile,+2348135559340,Other,+2348135559340,,,,,,,,,,,,,,,,,,,,,,,,,,,,,,,,,,,,,,,,,,,,,,,,,,,,,,,,,
EYINJUOLUWA,,ABIDOYE,,,,,,,,,,, --12-02,,,KBI Staff ::: * myContacts,* ,abidoyeoluwakemi19@gmail.com,,,,,,0707 007 1030,,,,,,,,,,,,,,,,,,,,,,,,,,,,,,,,,,,,,,,,,,,,,,,,,,,,,,,,,,,
EYINJUOLUWA,HERITAGE,ISAAC,,,,,,,,,,,2020-11-05,,,KBI Parents ::: * myContacts,* Home,koomsonpriscilla90@gmail.com,,,,,,0907 082 5040,,,,,,,,,,,,,,,,,,,,,,,,,,,,,,,,,,,,,,,,,,,,,,,,,,,,,,,,,,,
EZEKIEL OJO OLATUNJI,,,,,,,,,,,,,2024-08-23,,,RCCG ::: * myContacts,,,,,,,Mobile,+2348030844614,Other,+2348030844614,,,,,,,,,,,,,,,,,,,,,,,,,,,,,,,,,,,,,,,,,,,,,,,,,,,,,,,,,
FADESERE AYOKUNNU,,,,,,,,,,,,,,,,Relatives ::: * myContacts,* Home,fadesereayokunnu891@gmail.com,,,,,Mobile,+2347035775045,Other,+2347035775045,,,,,,,,,,,,,,,,,,Nigeria,,,,,,Nigeria,,,,,,,,,,,,,,,,,,,,,,,,,,,,,,,,,
FAITH,EDIALE,UWAYEMEN,,,,,,,,,,, --08-11,,,RCCG ::: * myContacts,,,,,,,Other,+2348024102125,,,,,,,,,,,,,,,,,,,,,,,,,,,,,,,,,,,,,,,,,,,,,,,,,,,,,,,,,,,
FAITH JOSEPH,,,,,,,,,,,,,2024-03-07,,,RCCG ::: * myContacts,,,,,,,Mobile,+2349030053242,Other,+2349030053242,,,,,,,,,,,,,,,,,,,,,,,,,,,,,,,,,,,,,,,,,,,,,,,,,,,,,,,,,
FAITH,VICTORIA,JOHN,,,,,,,,,,, --11-07,,,KBI Staff ::: * myContacts,* Home,faith2542@gmail.com,,,,,Mobile,+2348061165736,Other,+2348061165736,,,,,,,,,,,,,,,,,,,,,,,,,,,,,,,,,,,,,,,,,,,,,,,,,,,,,,,,,
FAITHFULNESS SAMUEL OLATUNDE,,,,,,,,,,,,,2022-02-19,,,KBI Parents ::: * myContacts,* Home,bulkolatunde@yahoo.com,,,,,Work,+2347084000000,Mobile,+2348051624891,Other,+2348051624891,,,,,,,,,,,,,,,,,,,,,,,,,,,,,,,,,,,,,,,,,,,,,,,,,,,,,,,
FAIZA,ALVES,WAHAB,,,,,,,,,,,2022-08-10,,,KBI Parents ::: * myContacts,* ,wahabsunshine@yahoo.com,,,,,Other,+2349060037441,,0706 093 9028,,,,,,,,,,,,,,,,,,,,,,,,,,,,,,,,,,,,,,,,,,,,,,,,,,,,,,,,,
FASORO PAUL,,,,,,,,,,,,,,,,* myContacts,* Other,fasoropaul@gmail.com,,,,,Other,+2348030542952,,,,,,,,,,,,,,,,,,,,,,,,,,,,,,,,,,,,,,,,,,,,,,,,,,,,,,,,,,,
FATHIA,,ADEBAYO,,,,,,,,,,,2002-08-10,,,Relatives ::: * myContacts,,,,,,,Mobile,+2347036050237,,,,,,,,,,,,,,,,,,,,Nigeria,,,,,,Nigeria,,,,,,,,,,,,,,,,,,,,,,,,,,,,,,,,,
Fatoumatta Konteh,,,,,,,,,,,,,,,,* myContacts,* Other,fatimaakonteh@gmail.com,,,,,Other,+2203226191,,,,,,,,,,,,,,,,,,,,,,,,,,,,,,,,,,,,,,,,,,,,,,,,,,,,,,,,,,,
FAUSATU BAKARE ASAKE,,,,,,,,,,,,,,,,* myContacts,,,,,,,Mobile,+2348104980315,Other,+2349151076286,,,,,,,,,,,,,,,,,,,,,,,,,,,,,,,,,,,,,,,,,,,,,,,,,,,,,,,,,
FAVOUR & MIRACLE ONOJA,,,,,,,,,,,,,,,,* myContacts,* Other,onojaclementa@gmail.com,,,,,Other,+2349063576762,,,,,,,,,,,,,,,,,,,,,,,,,,,,,,,,,,,,,,,,,,,,,,,,,,,,,,,,,,,
FAVOUR,,CHIBUNDU,,,,,,,,,,,2002-03-07,,,Techbase Staff ::: * myContacts,* Home,staintechbro@gmail.com,,,,,Mobile,+234 902 121 2236,,,,,,,,,,,,,,,,,,,,,,,,,,,,,,,,,,,,,,,,,,,,,,,,,,,,,,,,,,,
FAVOUR ELIANA PETER,,,,,,,,,,,,,2021-11-26,,,KBI Parents ::: * myContacts,* Home,ssleekizz@gmail.com,,,,,Mobile,+2348134746748,Other,+2348134746748,,,,,,,,,,,,,,,,,,,,,,,,,,,,,,,,,,,,,,,,,,,,,,,,,,,,,,,,,
FAVOUR MORENIKE OJO,,,,,,,,,,,,,,,,RCCG ::: * myContacts,,,,,,,Mobile,+2348100206825,Other,+2348100206825,,,,,,,,,,,,,,,,,,,,,,,,,,,,,,,,,,,,,,,,,,,,,,,,,,,,,,,,,
FAVOUR,,OROSIJI,,,,,,,,ILADO NEIGHBOUR,,,,,,TESCOM ::: * myContacts,* Home,favourojooluwa@gmail.com,,,,,Mobile,+2349031995823,,,,,,,,,,,,,,,,,,,,Nigeria,,,,,,Nigeria,,,,,,,,,,,,,,,,,,,,,,,,,,,,,,,,,
FAWZAN & FAWZY AKOREDE & AKOLAWOLE DAUD,,,,,,,,,,,,,,,,KBI Ex Parents ::: * myContacts,* Other,tawakalittemitope32@gmail.com,,,,,Mobile,+2349045651242,Other,+2348160150966,,,,,,,,,,,,,,,,,,,,,,,,,,,,,,,,,,,,,,,,,,,,,,,,FAWZAN,2020-01-06,FAWZY,2018-10-31,,,,,,
FELIX TIWATOPE IBITOYE,,,,,,,,,,,,,2018-04-03,,,KBI Parents ::: * myContacts,,,,,,,Mobile,+2348065378141,Other,+2348065378141,,,,,,,,,,,,,,,,,,,,,,,,,,,,,,,,,,,,,,,,,,,,,,,,,,,,,,,,,
FEMI ADEBOWALE,,,,,,,,,,,,,,,,RCCG ::: * myContacts,,,,,,,Other,+2349060928649,,,,,,,,,,,,,,,,,,,,,,,,,,,,,,,,,,,,,,,,,,,,,,,,,,,,,,,,,,,
FEMI OMOTOSHO,,,,,,,,,,BAPTIST MODEL HIGH SCHOOLS,DIRECTOR,,,,,Techbase Customers ::: * myContacts,,,,,,,Mobile,+2348033290310,Other,+2348033290310,,,,,,,,,,,,,,,,,Home,NG,,,,,,NG,,,,,,,,,,,,,,,,,,,,,,,,,,,,,,,,,
FERANMI AWOYEMI,,,,,,,,,,,,,,,,Relatives ::: * myContacts,,,,,,,Other,+2347050877544,,,,,,,,,,,,,,,,,,,,,,,,,,,,,,,,,,,,,,,,,,,,,,,,,,,,,,,,,,,
FESTAC YEMI AJEWOLE,,,,,,,,,,,,,,,,* myContacts,,,,,,,Mobile,+2348033867154,Other,+2348033867154,,,,,,,,,,,,,,,,,,,,,,,,,,,,,,,,,,,,,,,,,,,,,,,,,,,,,,,,,
FESTUS,AGBOOLA,ADEGBOYE,,,,,,,,,,,,,https://lh3.googleusercontent.com/contacts/AG6tpzFGq16f1Ykqcvp7gm3bg2qjJYZtBDyJVMSwd-hY8tihpz1n7Fn8,RCCG ::: * myContacts,,,,,,,Mobile,+2347033423401,,,,,,,,,,,,,,,,,,,,,,,,,,,,,,,,,,,,,,,,,,,,,,,,,,Anniversary,2020-09-19,,,,,,,,
FILMHOUSE SAMONDA,,,,,,,,,,,,,,,,* myContacts,,,,,,,Mobile,+2349024973064,Other,+2349024973064,,,,,,,,,,,,,,,,,,,,,,,,,,,,,,,,,,,,,,,,,,,,,,,,,,,,,,,,,
FIRDAOS & ABDULLAH,,ABDULAZEEZ,,,,,,,,,,,,,,KBI Parents ::: * myContacts,* ,KASALIAYOBAMI3@GMAILCOM,,,,,,0706 931 4257,,,,,,,,,,,,,,,,,,,,,,,,,,,,,,,,,,,,,,,,,,,,,,,,,,FIRDAOS,2019-05-07,ABDULLAH,2022-03-28,,,,,,
FLORENCE,,ADEGBITE,,,,,,,,,,,2016-08-30,,,KBI Ex Parents ::: * myContacts,,,,,,,Other,+2347066718780 ::: +2347044112720,Mobile,+234 807 300 1695,,0814 175 3497,Work,+234 901 615 5795,,,,,,,,,,,,,Other,"83, PALM GARDEN AVENUEMONIYA
IBADAN
NG","83, PALM GARDEN AVENUEMONIYA",IBADAN,,,,NG,,,,,,,,,,,,,,,,,,,,,,,,,,,,,,,,,
FOLAKE ADEBISI,,,,,,,,,,,,,,,,* myContacts,,,,,,,Other,+2347033156631,,,,,,,,,,,,,,,,,,,,,,,,,,,,,,,,,,,,,,,,,,,,,,,,,,,,,,,,,,,
FOLAKE ADELEKE,,,,,,,,,,,,,,,,RCCG ::: * myContacts,* Home,fgadeleke@gmail.com,,,,,Mobile,+2348020947312,Other,+2348020947312,,,,,,,,,,,,,,,,,,,,,,,,,,,,,,,,,,,,,,,,,,,,,,,,,,,,,,,,,
FOLASHADE,ABIGAIL,AWOYEMI,,,,,,,,,,,2023-03-14,,https://lh3.googleusercontent.com/contacts/AG6tpzGbP-7SIGvW376V1VogJxum1M6xA1uDisFhaImS-LUKztwm4YPj,Relatives ::: * myContacts,,,,,,,Mobile,+2348065376805,Work,+2348120215866,Home,+2347011344589,,,,,,,,,,,,,,,,,,,,,,,,,,,,,,,,,,,,,,,,,,,,,,,,,,,,,,,
FOLIVIA Foe Maurice,,,,,,,,,,,,,,,,* myContacts,* Other,foemauricefolivia@gmail.com,,,,,Other,22892046537,,,,,,,,,,,,,,,,,,,,,,,,,,,,,,,,,,,,,,,,,,,,,,,,,,,,,,,,,,,
FOLUKEMI,,,,,,,,,,,,,,,,* myContacts,* Other,folukemirebecca@gmail.com,,,,,Other,+2349043864527,,,,,,,,,,,,,,,,,,,,,,,,,,,,,,,,,,,,,,,,,,,,,,,,,,,,,,,,,,,
Fouzia Saanaama Issahak,,,,,,,,,,,,,,,,* myContacts,* Other,saanaamafouzia@gmail.com,,,,,Other,2230501474516,,,,,,,,,,,,,,,,,,,,,,,,,,,,,,,,,,,,,,,,,,,,,,,,,,,,,,,,,,,
FRANCIS,,AKPAN,,,,,,,,,,,2021-12-29,,,KBI Parents ::: * myContacts,,,,,,,,0810 261 8618 ::: 0906 377 7277,,,,,,,,,,,,,,,,,,,,,,,,,,,,,,,,,,,,,,,,,,,,,,,,,,,,,,,,,,,
Francis Jalloh,,,,,,,,,,,,,,,,* myContacts,* Other,jallohfrancis@gmail.com,,,,,Other,23230794307,,,,,,,,,,,,,,,,,,,,,,,,,,,,,,,,,,,,,,,,,,,,,,,,,,,,,,,,,,,
Fredrick Dogoli,,,,,,,,,,,,,,,,* myContacts,* Other,mwinsorefredrick@gmail.com,,,,,Other,2230594344695,,,,,,,,,,,,,,,,,,,,,,,,,,,,,,,,,,,,,,,,,,,,,,,,,,,,,,,,,,,
FRIDAY,,AMEH,,,,,,,,,,, --09-06,,,RCCG ::: * myContacts,,,,,,,Mobile,+234 703 948 2553,,,,,,,,,,,,,,,,,,,,,,,,,,,,,,,,,,,,,,,,,,,,,,,,,,,,,,,,,,,
FUNKE,,ADEDIRAN,,,,,,,,UI VENTURES COASTER BUS,,,,,,Businesses ::: * myContacts,,,,,,,Mobile,+2348062373510,,,,,,,,,,,,,,,,,,,,Nigeria,,,,,,Nigeria,,,,,,,,,,,,,,,,,,,,,,,,,,,,,,,,,
FUNKE,,OKIKIOLU,,,,,,,,,,,2023-03-15,,,Relatives ::: * myContacts,* ,funkefadex@gmail.com,,,,,Mobile,+44 7365 676688 ::: +44 7451 092124 ::: +234 802 364 7345,,,,,,,,,,,,,,,,,,,,,,,,,,,,,,,,,,,,,,,,,,,,,,,,,,,,,,,,,,,
FUNKE,,OLUWAFEMI,,,,,,,,,,,1966-05-21,,https://lh3.googleusercontent.com/contacts/AG6tpzG_CvUrDh6bHAzK9_G2p-4huBs_nLvTVWkPua46tE4NlAtekS5y,* myContacts,,,,,,,Work,+2347055785802,Mobile,+2348033710332,,,,,,,,,,,,,,,,,,,,,,,,,,,,,,,,,,,,,,,,,,,,,,,,,,,,,,,,,
FUNKE OYEDOKUN,,,,,,,,,,,,,2024-05-12,,,RCCG ::: * myContacts,,,,,,,Other,+2348133054754,,,,,,,,,,,,,,,,,,,,,,,,,,,,,,,,,,,,,,,,,,,,,,,,,,,,,,,,,,,
FUNMILAYO FELICIA ADEBOYE,,,,,,,,,,,,, --11-07,,,RCCG ::: * myContacts,,,,,,,Other,+2349070221831,,,,,,,,,,,,,,,,,,,,,,,,,,,,,,,,,,,,,,,,,,,,,,,,,,,,,,,,,,,
FUNMILOLA ADIJAT KAREEM,,,,,,,,,,,,,2018-02-11,,,Relatives ::: * myContacts,,,,,,,Work,+2347019419024,Mobile,+2348060475867,Other,+2348060475867,,,,,,,,,,,,,,,,,,,,,,,,,,,,,,,,,,,,,,,,,,,,,,,,,,,,,,,
FUNMILOLA,IYANUOLUWA,OSUNMADEWA,,,,,,,,PhumzyUniqueDesigns,C.E.O,,,,https://lh3.googleusercontent.com/contacts/AG6tpzENuXN60bPBsBXZ1SUIsCZX2wsbbAcF4moAvqnjbXchDk7trix6,School University of Ibadan Students ::: * myContacts,* Home,OSUNMADEWAFUNMI@GMAIL.COM,Home,phumzydj@gmail.com,,,Mobile,+234 816 712 8148,Home,+234 811 192 3341,,,,,,,,,,,,,,,,,Home,Nigeria,,,,,,Nigeria,,,,,,,,,,,,,,,,,,,,,,,,,,,,,,,,,
FUNMILOLA ,,OLUGBENGA-OLONIYO,,,,,,,,,,,,,https://lh3.googleusercontent.com/contacts/AG6tpzHJjZ6SYY5UmvusZy8eLoyrbt4d_GxkRfOYbofBQW5iZz4UoRBZ,RCCG ::: * myContacts,* Home,funmioloniyo1@gmail.com,,,,,Other,+234 803 516 3619,,,,,,,,,,,,,,,,,,,,,,,,,,,,,,,,,,,,,,,,,,,,,,,,,,,,,,,,,,,
FUNMILOLA OPEYEMI,,,,,,,,,,,,,2021-11-23,,,RCCG ::: * myContacts,,,,,,,Mobile,+2348161707194,Other,+2348161707194,,,,,,,,,,,,,,,,,,,,,,,,,,,,,,,,,,,,,,,,,,,,,,,,,,,,,,,,,
GABRIEL TAILOR,,,,,,,,,,,,,,,,* myContacts,,,,,,,Other,+2348114038423,,,,,,,,,,,,,,,,,,,,,,,,,,,,,,,,,,,,,,,,,,,,,,,,,,,,,,,,,,,
GABRIELLA,OLUWAFIREFUNMI,AKINDURO,,,,,,,,,,,2024-01-20,,,KBI Parents ::: * myContacts,,,,,,,Other,+2349139947877,,,,,,,,,,,,,,,,,,,,,,,,,,,,,,,,,,,,,,,,,,,,,,,,,,,,,,,,,,,
GAFARU AMINU,,,,,,,,,,,,,,,,* myContacts,* Other,aminugafaaru@gmail.com,,,,,Other,2330599975578,,,,,,,,,,,,,,,,,,,,,,,,,,,,,,,,,,,,,,,,,,,,,,,,,,,,,,,,,,,
GANI ASHIPA MAYA,,,,,,,,,,,,,,,,* myContacts,,,,,,,Mobile,+2348128981825,,,,,,,,,,,,,,,,,,,,,,,,,,,,,,,,,,,,,,,,,,,,,,,,,,,,,,,,,,,
GANIYAT,TOBILOBA,JAMIU,,,,,,,,Knowledge Base International School,Assistant Headteacher,,1996-06-25,,,KBI Staff ::: KBI Parents ::: * myContacts,* ,omowunmijamiu09@gmail.com,,jamiuomowunmi97@gmail.com,,,Mobile,+2348081392475,,0907 800 2104,,,,,,,,,,,,,,,,,,,,,,,,,,,,,,,,,,,,,,,,,,,,,,,,JAMIU FAIZAN AYANFE,2024-08-02,,,,,,,,
GANIYU SEGUN TEMITOPE,,,,,,,,,,,,,2021-05-05,,,RCCG ::: * myContacts,,,,,,,Mobile,+2349049365668,,,,,,,,,,,,,,,,,,,,,,,,,,,,,,,,,,,,,,,,,,,,,,,,,,,,,,,,,,,
GBEMISOLA,ODUN,ADEJOORIN,,,,,,,,Knowledge Base International School,,,1992-12-16,,,KBI Ex Staff ::: * myContacts,* Home,adejooringbemisola@gmail.com,,,,,Work,+2348133030856,Mobile,+2348175594897,,,,,,,,,,,,,,,,,Home,"Polytechnic Main Road
Ibadan 200285
NG",Polytechnic Main Road,Ibadan,,,200285,NG,,,,,,,,,,,,,,,,,,,,,,,,,,,,,,,,,
GBENGA AWOYEMI,,,,,,,,,,,,,,,,Relatives ::: * myContacts,,,,,,,Other,+2348034193059,,,,,,,,,,,,,,,,,,,,,,,,,,,,,,,,,,,,,,,,,,,,,,,,,,,,,,,,,,,
GBENGA OYEDOKUN,,,,,,,,,,,,,2024-03-23,,,RCCG ::: * myContacts,,,,,,,Mobile,+2348133054754,,,,,,,,,,,,,,,,,,,,,,,,,,,,,,,,,,,,,,,,,,,,,,,,,,,,,,,,,,,
Gbotemi Oni,,,,,,,,,,,,,,,,* myContacts,* Other,onijerry034@gmail.com,,,,,Other,+2349030223553,,,,,,,,,,,,,,,,,,,,,,,,,,,,,,,,,,,,,,,,,,,,,,,,,,,,,,,,,,,
GBOYEGA ISAAC ABORODE,,,,,,,,,,BAPTIST MODEL HIGH SCHOOL IJEGUN,PRINCIPAL,,,,,Techbase Customers ::: * myContacts,,,,,,,Mobile,+2348028286656,Other,+2348028286656,,,,,,,,,,,,,,,,,,,,,,,,,,,,,,,,,,,,,,,,,,,,,,,,,,,,,,,,,
GEORGE OKIKIOLU,,,,,,,,,,,,, --07-17,,,Relatives ::: * myContacts,,,,,,,Mobile,+447550408718,Other,+447392967461,,,,,,,,,,,,,,,,,,,,,,,,,,,,,,,,,,,,,,,,,,,,,,,,,,,,,,,,,
Gertrude Awuah Aboah,,,,,,,,,,,,,,,,* myContacts,* Other,gertrudeaboah20@gmail.com,,,,,Other,233501384349,,,,,,,,,,,,,,,,,,,,,,,,,,,,,,,,,,,,,,,,,,,,,,,,,,,,,,,,,,,
Get Into Teaching UK Monday to Friday between 8:30am and 5:30pm,,,,,,,,,,,,,,,,* myContacts,,,,,,,Other,+2348003892500,,,,,,,,,,,,,,,,,,,,,,,,,,,,,,,,,,,,,,,,,,,,,,,,,,,,,,,,,,,
GIDEON & EMMANUEL,OMOLEREOLUWA & INIOLUWA,OKE,,,,,,,,,,,,,,KBI Ex Parents ::: * myContacts,,,,,,,Other,+2349032204091,,0814 267 8081 ::: 0810 608 6442,,,,,,,,,,,,,,,,,,,,,,,,,,,,,,,,,,,,,,,,,,,,,,,,EMMANUEL,2019-11-09,GIDEON,2021-03-13,,,,,,
Gladys Safoa Amosah,,,,,,,,,,,,,,,,* myContacts,* Other,safoagladys1997@gmail.com,,,,,Mobile,+233557742515,Other,233557742515,,,,,,,,,,,,,,,,,,,,,,,,,,,,,,,,,,,,,,,,,,,,,,,,,,,,,,,,,
Gladys Wumpini Mumuni,,,,,,,,,,,,,,,,* myContacts,* Other,wumpinigladys20@gmail.com,,,,,Other,2330550723226,,,,,,,,,,,,,,,,,,,,,,,,,,,,,,,,,,,,,,,,,,,,,,,,,,,,,,,,,,,
GLOBALIGHT AGENT,,,,,,,,,,,,,,,,Businesses ::: * myContacts,,,,,,,Work,+2347033978663,Mobile,+2347060579543,Other,+2347060579543,,,,,,,,,,,,,,,,,,,,,,,,,,,,,,,,,,,,,,,,,,,,,,,,,,,,,,,
GLOBALIGHT BUSINESS,,,,,,,,,,,,,,,,* myContacts,,,,,,,Mobile,+2347016003754,Other,+2347016003754,,,,,,,,,,,,,,,,,,,,,,,,,,,,,,,,,,,,,,,,,,,,,,,,,,,,,,,,,
GLOBALIGHT SALES REP,,,,,,,,,,,,,,,,* myContacts,,,,,,,Mobile,+2348166349146,Other,+2348166349146,,,,,,,,,,,,,,,,,,,,,,,,,,,,,,,,,,,,,,,,,,,,,,,,,,,,,,,,,
Gloria Dennis,,,,,,,,,,,,,,,,* myContacts,* Other,glarapep@gmail.com,,,,,Mobile,+233206258463,Other,233206258463,,,,,,,,,,,,,,,,,,,,,,,,,,,,,,,,,,,,,,,,,,,,,,,,,,,,,,,,,
Glorious Ofeh,,,,,,,,,,,,,,,,* myContacts,* Other,gloriousdanofeh@gmail.com,,,,,Other,+2347064771201,,,,,,,,,,,,,,,,,,,,,,,,,,,,,,,,,,,,,,,,,,,,,,,,,,,,,,,,,,,
Glory Ononogbo,,,,,,,,,,,,,,,,* myContacts,* Other,ononogboglory@gmail.com,,,,,Other,+2349071316635,,,,,,,,,,,,,,,,,,,,,,,,,,,,,,,,,,,,,,,,,,,,,,,,,,,,,,,,,,,
GLORY OPEYEMI OMOMOFE,,,,,,,,,,,,,,,,RCCG ::: * myContacts,,,,,,,Mobile,+2348101883004,Other,+2348101883004,,,,,,,,,,,,,,,,,,,,,,,,,,,,,,,,,,,,,,,,,,,,,,,,,,,,,,,,,
Godfred Ahlijah,,,,,,,,,,,,,,,,* myContacts,* Other,edemfreddy9@gmail.com,,,,,Other,223543988226,,,,,,,,,,,,,,,,,,,,,,,,,,,,,,,,,,,,,,,,,,,,,,,,,,,,,,,,,,,
Godfred Banson,,,,,,,,,,,,,,,,* myContacts,* Other,bansoncyrus@gmail.com,,,,,Other,233547281337,,,,,,,,,,,,,,,,,,,,,,,,,,,,,,,,,,,,,,,,,,,,,,,,,,,,,,,,,,,
GODMAN JAMES OKORIE,,,,,,,,,,,,,,,,School University of Ibadan Students ::: * myContacts,,,,,,,Mobile,+2347036978295,Other,+2347036978295,,,,,,,,,,,,,,,,,,Nigeria,,,,,,Nigeria,,,,,,,,,,,,,,,,,,,,,,,,,,,,,,,,,
GODWIN AIKHENA,,,,,,,,,,Gwin Empressa,,, --09-26,,,School University of Ibadan Students ::: * myContacts,,,,,,,Mobile,+2348067826631,Other,+2348067826631,,,,,,,,,,,,,,,,,,,,,,,,,,,,,,,,,,,,,,,,,,,,,,,,,,,,,,,,,
GOLD CHINEMEREM NWANDU,,,,,,,,,,,,,2024-08-13,,,RCCG ::: * myContacts,,,,,,,Other,+2348108042128,,,,,,,,,,,,,,,,,,,,,,,,,,,,,,,,,,,,,,,,,,,,,,,,,,,,,,,,,,,
GOODNEWS,,EZEKIEL,,,,,,,,,,,,,,RCCG ::: * myContacts,,,,,,,Other,+2348139048561,,,,,,,,,,,,,,,,,,,,,,,,,,,,,,,,,,,,,,,,,,,,,,,,,,,,,,,,,,,
GRACE,,AYOTUNDE,,,,,,,,,,,,,https://lh3.googleusercontent.com/contacts/AG6tpzGPGMGDKUcWv4tNMLFQ3VGAJgrgv8DnhrBRYAMsuGi0F1Ke4DBw,RCCG ::: * myContacts,* Home,emmantea7200@gmail.com,,,,,Mobile,+234 803 095 4829,,,,,,,,,,,,,,,,,,,,,,,,,,,,,,,,,,,,,,,,,,,,,,,,,,,,,,,,,,,
GRACE-ANN,ITSHOGHENE,FRANKLIN,,,,,,,,,,,2020-01-17,NURSERY 2,,KBI Parents ::: * myContacts,* ,IRETIFRANKLIN@GMAIL.COM,,,,,Other,+2348055447229,,0808 990 7004,,,,,,,,,,,,,,,,,,,,,,,,,,,,,,,,,,,,,,,,,,,,,,,,,,,,,,,,,
GRANDMA AWOYEMI,,,,,,,,,,,,,,,,Relatives ::: * myContacts,,,,,,,Pager,+2347014873359,Other,+2347014873359,,,,,,,,,,,,,,,,,,,,,,,,,,,,,,,,,,,,,,,,,,,,,,,,,,,,,,,,,
GRANT,,BENJAMIN,,,,,,,,,,,2024-04-11,,,KBI Parents ::: * myContacts,* ,JOSEPHBENJAMIN8855@GMAILCOM,,,,,,0807 403 5328 ::: 0812 293 3239,,,,,,,,,,,,,,,,,,,,,,,,,,,,,,,,,,,,,,,,,,,,,,,,,,,,,,,,,,,
Gratia Epanty,,,,,,,,,,,,,,,,* myContacts,* Other,eegratia@gmail.com,,,,,Other,237671559617,,,,,,,,,,,,,,,,,,,,,,,,,,,,,,,,,,,,,,,,,,,,,,,,,,,,,,,,,,,
Habeeb Olayinka Lawal,,,,,,,,,,,,,,,,* myContacts,* Other,olayinkalawah@gmail.com,,,,,Other,+2348169894541,,,,,,,,,,,,,,,,,,,,,,,,,,,,,,,,,,,,,,,,,,,,,,,,,,,,,,,,,,,
Haddy Bah,,,,,,,,,,,,,,,,* myContacts,* Other,haddybah2001@gmail.com,,,,,Other,2203423643,,,,,,,,,,,,,,,,,,,,,,,,,,,,,,,,,,,,,,,,,,,,,,,,,,,,,,,,,,,
Halimat Jimoh,,,,,,,,,,,,,,,,* myContacts,* Other,halimatjimoh0804@gmail.com,,,,,Other,+2347036198953,,,,,,,,,,,,,,,,,,,,,,,,,,,,,,,,,,,,,,,,,,,,,,,,,,,,,,,,,,,
Halimatu Iddrisu,,,,,,,,,,,,,,,,* myContacts,* Other,halimaiddriss98@gmail.com,,,,,Other,2330542770934,,,,,,,,,,,,,,,,,,,,,,,,,,,,,,,,,,,,,,,,,,,,,,,,,,,,,,,,,,,
Hamadi Jallow,,,,,,,,,,,,,,,,* myContacts,* Other,hamzincro41@gmail.com,,,,,Other,2207281304,,,,,,,,,,,,,,,,,,,,,,,,,,,,,,,,,,,,,,,,,,,,,,,,,,,,,,,,,,,
HAMMED DAMILOLA RACHAEL,,,,,,,,,,,,,,,,* myContacts,* Other,hdamilola707@gmail.com,,,,,Mobile,+2349034415064,Other,+2349034415064,,,,,,,,,,,,,,,,,,,,,,,,,,,,,,,,,,,,,,,,,,,,,,,,,,,,,,,,,
HANNAH ADEPOJU,,,,,,,,,,,,,,,,* myContacts,,,,,,,Mobile,+2349035749242,Other,+2349035749242,,,,,,,,,,,,,,,,,,,,,,,,,,,,,,,,,,,,,,,,,,,,,,,,,,,,,,,,,
HAPPINESS TWINSFAJA,,,,,,,,,,,,,,,,* myContacts,,,,,,,Mobile,+2347041359798,Other,+2347041359798,,,,,,,,,,,,,,,,,,Nigeria,,,,,,Nigeria,,,,,,,,,,,,,,,,,,,,,,,,,,,,,,,,,
Harding Sam,,,,,,,,,,,,,,,,* myContacts,* Other,hsam98014@gmail.com,,,,,Other,23276456404,,,,,,,,,,,,,,,,,,,,,,,,,,,,,,,,,,,,,,,,,,,,,,,,,,,,,,,,,,,
HARRY,EMMANUEL OBALOLUWA,NELSON,,,,,,,,,,,2022-04-14,,,KBI Parents ::: * myContacts,,,,,,,Other,+2347030969310,Mobile,+234 812 007 6452,,,,,,,,,,,,,,,,,,,,,,,,,,,,,,,,,,,,,,,,,,,,,,,,,,,,,,,,,
HASBULLAH,OKIKIOLA,ADEYANJU,,,,,,,,,,,2024-02-21,,,KBI Parents ::: * myContacts,,,,,,,,0806 645 3843,,,,,,,,,,,,,,,,,,,,,,,,,,,,,,,,,,,,,,,,,,,,,,,,,,,,,,,,,,,
HASSAN HABEEB ADESOLA,,,,,,,,,,,,,,,,* myContacts,* Other,hassanhabeebadesola@gmail.com,,,,,Other,+2348105200168,,,,,,,,,,,,,,,,,,,,,,,,,,,,,,,,,,,,,,,,,,,,,,,,,,,,,,,,,,,
Hati OUEDRAOGO,,,,,,,,,,,,,,,,* myContacts,* Other,ouedraogohati777@gmail.com,,,,,Other,22665893445,,,,,,,,,,,,,,,,,,,,,,,,,,,,,,,,,,,,,,,,,,,,,,,,,,,,,,,,,,,
HATS,,,,,,,,,,,,,,,,Businesses ::: * myContacts,,,,,,,Mobile,+2348036396507,Other,+2348036396507,,,,,,,,,,,,,,,,,,,,,,,,,,,,,,,,,,,,,,,,,,,,,,,,,,,,,,,,,
Hawa Issah,,,,,,,,,,,,,,,,* myContacts,* Other,naahawa97@gmail.com,,,,,Other,2330554095187,,,,,,,,,,,,,,,,,,,,,,,,,,,,,,,,,,,,,,,,,,,,,,,,,,,,,,,,,,,
HELEN,OLUWAFUNMISHO,BAMIDELE,,,,,,,,,,,2007-11-10,,,KBI Staff ::: * myContacts,,,,,,,Mobile,+2348142630975,,,,,,,,,,,,,,,,,,,,Nigeria,,,,,,Nigeria,,,,,,,,,,,,,,,,,,,,,,,,,,,,,,,,,
HEPHZIBAH,TOLUWALASE,MOSES,,,,,,,,,,,2022-05-26,,,KBI Parents ::: * myContacts,* ,CONQUEST1877@GMAILCOM,,,,,,0912 242 0133 ::: 0806 573 4516,,,,,,,,,,,,,,,,,,,,,,,,,,,,,,,,,,,,,,,,,,,,,,,,,,,,,,,,,,,
HERITAGE ADEDOYIN ADENIYI,,,,,,,,,,,,,,,,* myContacts,,,,,,,Mobile,+2347052381240,Home,+2349024384311,Work,+2347087522642 ::: +2347087522642,Other,+2348034682657,,,,,,,,,,,,,,,,,,,,,,,,,,,,,,,,,,,,,,,,,,,,,,,,,,,,,
HERITAGE OKIKIOLU,,,,,,,,,,,,,,,,Relatives ::: * myContacts,* Other,okikioluheritage@gmail.com,,,,,Mobile,+447482117653,Other,+447482117653 ::: +447892180613,,,,,,,,,,,,,,,,,,,,,,,,,,,,,,,,,,,,,,,,,,,,,,,,,,,,,,,,,
HOODY & CARDIGAN FACEBOOK,,,,,,,,,,,,,,,,* myContacts,,,,,,,Other,+2348068959014,,,,,,,,,,,,,,,,,,,,,,,,,,,,,,,,,,,,,,,,,,,,,,,,,,,,,,,,,,,
HOODY & SPORTSWEAR,,KBI FACEBOOK,,,,,,,,,,,,"primary
Shirt+knickers: N2500-N2800
Shirt+trouser: N2800-N3000
Polo-shirt only:N1500-N1700
Hoddie or cardigan: N1800-N2000

Secondary
Shirt+Knickers:N3000-N3300
Shirt+trousers:N3500-N4000
Polo-shirt:N1800-N2000
Hoddie/ Cardigan:N2300-N2500",,Businesses ::: * myContacts,,,,,,,Other,+234 806 895 9014,,,,,,,,,,,,,,,,,,,,,,,,,,,,,,,,,,,,,,,,,,,,,,,,,,,,,,,,,,,
HOODY & SPORTSWEAR KBI WOMAN,,,,,,,,,,,,,,,,Businesses ::: * myContacts,,,,,,,Other,+2347031323417,,,,,,,,,,,,,,,,,,,,,,,,,,,,,,,,,,,,,,,,,,,,,,,,,,,,,,,,,,,
HOODY & SPORTWEARS,,,,,,,,,,,,,,,,* myContacts,,,,,,,Mobile,+2347031323417,Other,+2347031323417,,,,,,,,,,,,,,,,,,,,,,,,,,,,,,,,,,,,,,,,,,,,,,,,,,,,,,,,,
HOPE MANZWET,,,,,,,,,,,,,,,,* myContacts,* Other,hopemanzwet122@gmail.com,,,,,Other,+2348153169712,,,,,,,,,,,,,,,,,,,,,,,,,,,,,,,,,,,,,,,,,,,,,,,,,,,,,,,,,,,
HORLADELE WONSEBOLATAN ABDUL OLAMILEYCORN,,,,,,,,,,,,,,,,Businesses ::: * myContacts,* Home,oladeleafeezolamilekan_11@yahoo.com,,,,,Mobile,+2348079484185,Other,+2348079484185,,,,,,,,,,,,,,,,,,,,,,,,,,,,,,,,,,,,,,,,,,,,,,,,,,,,,,,,,
IBRAHIM FASAKIN,,,,,,,,,,,,,,,,KBI Ex Staff ::: * myContacts,,,,,,,Mobile,+2348149462752,Other,+2348149462752,,,,,,,,,,,,,,,,,,,,,,,,,,,,,,,,,,,,,,,,,,,,,,,,,,,,,,,,,
Ibrahim Foday,,,,,,,,,,,,,,,,* myContacts,* Other,ibrahimgeorgefoday@gmail.com,,,,,Other,23278416201,,,,,,,,,,,,,,,,,,,,,,,,,,,,,,,,,,,,,,,,,,,,,,,,,,,,,,,,,,,
IBRAHIM HAMMED,,,,,,,,,,,,,,,,Techbase Customers Ex ::: * myContacts,,,,,,,Mobile,+2347063543872,Other,+2347063543872,,,,,,,,,,,,,,,,,,,,,,,,,,,,,,,,,,,,,,,,,,,,,,,,,,,,,,,,,
IBRAHIM ISMAIL & MARIAM ABDULZEEZ OMOGBOLAHAN ABIODUN & OMOSHALEWA MUTAIRU AYOMIDE,,,,,,,,,,,,,,,,* myContacts,,,,,,,Other,+2348135722755,,,,,,,,,,,,,,,,,,,,,,,,,,,,,,,,,,,,,,,,,,,,,,,,,,,,,,,,,,,
IBRAHIM ISMAIL & MARIAM ABDULZEEZ OMOGBOLAHAN ABIODUN & OMOSHALEWA MUTAIRU MUTAIRU,,,,,,,,,,,,,,,,* myContacts,,,,,,,Other,+2348135722755,,,,,,,,,,,,,,,,,,,,,,,,,,,,,,,,,,,,,,,,,,,,,,,,,,,,,,,,,,,
IBRAHIM MECHANIC OJOO,,,,,,,,,,,,,,,,Businesses ::: * myContacts,,,,,,,Other,+2349046451450,Home,+2347079818815,Mobile,+2347084298416 ::: 0707 981 8815,Work,+2348065292150,,,,,,,,,,,,,Home,Nigeria,,,,,,Nigeria,,,,,,,,,,,,,,,,,,,,,,,,,,,,,,,,,
Ibrahim Sorie Koroma,,,,,,,,,,,,,,,,* myContacts,* Other,koromaibrahimsorie42@gmail.com,,,,,Other,23299250737,,,,,,,,,,,,,,,,,,,,,,,,,,,,,,,,,,,,,,,,,,,,,,,,,,,,,,,,,,,
IBUKUNOLUWA,VICTOR,OYINLOLA,,,,,,,,,,,2024-08-25,,,KBI Parents ::: * myContacts,,,,,,,,0817 098 0833,,,,,,,,,,,,,,,,,,,,,,,,,,,,,,,,,,,,,,,,,,,,,,,,,,,,,,,,,,,
IDOWU,,OKUNLOLA,,,,,,,,,,,1991-01-12,,https://lh3.googleusercontent.com/contacts/AG6tpzHTvXzKYwLC3kzsg_A90LCq7b8-6IVHMFhGaAQE7tgkt3exDm41,KBI Ex Staff ::: RCCG ::: * myContacts,* Work,OIDOWUFIROTNAME@YAHOO.COM,,idowuokunlola@gmail.com,,,Mobile,+2348062891294,Home,+2348029267080,,,,,,,,,,,,,,,,,Other,"No 7 Akingbile Oluana Moniya Ibadan, OYO State
NG","No 7 Akingbile Oluana Moniya Ibadan, OYO State",,,,,NG,,,,,,,,,,,,,,,,,,,,,,,,,,,,,,,,,
Ifeanyi Ngwoke,,,,,,,,,,,,,,,,* myContacts,* Other,ngwokeifeanyi2@gmail.com,,,,,Other,+2349061154436,,,,,,,,,,,,,,,,,,,,,,,,,,,,,,,,,,,,,,,,,,,,,,,,,,,,,,,,,,,
IFEDAYO JUWON HASSAN,,,,,,,,,,,,, --06-07,,,RCCG ::: * myContacts,,,,,,,Other,+2347069496648,,,,,,,,,,,,,,,,,,,,,,,,,,,,,,,,,,,,,,,,,,,,,,,,,,,,,,,,,,,
IFEOLUWA ADEOLA,,,,,,,,,,,,,,,,* myContacts,,,,,,,Mobile,+2349135840924,Other,+2349135840924,,,,,,,,,,,,,,,,,,,,,,,,,,,,,,,,,,,,,,,,,,,,,,,,,,,,,,,,,
IFEOLUWA,AMOO,OLADOSU,,,,,,,,,,,,,https://lh3.googleusercontent.com/contacts/AG6tpzEqwhCL1BpaGZ0pL3YNbtKymMDzob1mgjsmlJqGvFE2F7FfF847,School University of Ibadan Students ::: * myContacts,* Home,ifeoluwaoladosu@yahoo.com,,,,,Mobile,+2348151715878,Work,+2348101223065,,,,,,,,,,,,,,,,,,Nigeria,,,,,,Nigeria,,,,,,,,,,,,,,,,,,,,,,,,,,,,,,,,,
IFEOLUWA,,ESAN,,,,,,,,,,,,,,* myContacts,,,,,,,Mobile,+2347061068568,,,,,,,,,,,,,,,,,,,,Nigeria,Nigeria,,,,,,,,,,,,,,,,,,,,,,,,,,,,,,,,,,,,,,
IFEOLUWA,MOJI,OGUNJOBI,,,,,,,,RASMED ACCESSIBLE PRESS,,,,,https://lh3.googleusercontent.com/contacts/AG6tpzEEL3pZ19Y1x9AJGEvcQpBkrrMUspPDqZSjrWDqdfiCTtNgSDjN,Businesses ::: * myContacts,* Home,accessiblepublishers856@gmail.com,,,,,Mobile,+2349049072573,,,,,,,,,,,,,,,,,,,,Nigeria,,,,,,Nigeria,,,,,,,,,,,,,,,,,,,,,,,,,,,,,,,,,
IFEOLUWA MORAKINYO CHRISTMAS,,,,,,,,,,,,,,,,* myContacts,,,,,,,Mobile,+2347061068568,Other,+2347061068568,,,,,,,,,,,,,,,,,,,,,,,,,,,,,,,,,,,,,,,,,,,,,,,,,,,,,,,,,
IFEOLUWA,OLAITAN,OWOLABI,,,,,,,,,,,1994-10-02,,,KBI Ex Staff ::: * myContacts,* ,Olaitan.owolabi17@gmail.com,,,,,Other,+2349061312179 ::: +2349156512663,,3114665963,,,,,,,,,,,,,,,,,,"PHASE 2
NO 6AJODA, MONIYA
IBADAN, YO
NG","PHASE 2
NO 6AJODA, MONIYA",IBADAN,,YO,,NG,,,,,,,,,,,,,,,,,,,,,,,,,,,,,,,,,
IFEOLUWA,OYINKANSOLA,SHOAGA,,,,,,,,KGOLD EVENT CENTRE,,,,,,Businesses ::: * myContacts,,,,,,,Mobile,+2349135840924,,,,,,,,,,,,,,,,,,,,Nigeria,,,,,,Nigeria,,,,,,,,,,,,,,,,,,,,,,,,,,,,,,,,,
IGWE,AYOOLA,SYLVANUS,,,,,,,,,,,,,https://lh3.googleusercontent.com/contacts/AG6tpzE3I9f-1dxxY1BMTS2uxXq9hzgzP94yHkai8bnmEhJTFFkCRiMH,RCCG ::: * myContacts,,,,,,,Work,+2348069409603,Home,+2348189199125,,,,,,,,,,,,,,,,,,,,,,,,,,,,,,,,,,,,,,,,,,,,,,,,,,,,,,,,,
IGYUVE TERNGU Moses,,,,,,,,,,,,,,,,* myContacts,* Other,igyuvetm@gmail.com,,,,,Mobile,+2347033438553,Other,+2347033438553,,,,,,,,,,,,,,,,,,,,,,,,,,,,,,,,,,,,,,,,,,,,,,,,,,,,,,,,,
IKE CHIDIEBERE LUKE,,,,,,,,,,,,,,,,* myContacts,* Other,lukechi1937@gmail.com,,,,,Other,+2349099213865,,,,,,,,,,,,,,,,,,,,,,,,,,,,,,,,,,,,,,,,,,,,,,,,,,,,,,,,,,,
IKENNA MGBAKOGU,,,,,,,,,,,,,,,,* myContacts,* Other,vmgbakogu@gmail.com,,,,,Other,+2348181259240,,,,,,,,,,,,,,,,,,,,,,,,,,,,,,,,,,,,,,,,,,,,,,,,,,,,,,,,,,,
Ikimot Adeyemi,,,,,,,,,,,,,,,,* myContacts,* Other,adeyemiikimot@gmail.com,,,,,Other,+2348103258007,,,,,,,,,,,,,,,,,,,,,,,,,,,,,,,,,,,,,,,,,,,,,,,,,,,,,,,,,,,
IKULAYO OLUWAMAYOWA OLUWANIFEMI,,,,,,,,,,,,,,,,* myContacts,* Other,oluwamayowanifemi@gmail.com,,,,,Other,+2348147273228,,,,,,,,,,,,,,,,,,,,,,,,,,,,,,,,,,,,,,,,,,,,,,,,,,,,,,,,,,,
ILERIOLUWA TOMISIN AKINBADE,,,,,,,,,,,,,,,,School University of Ibadan Students ::: * myContacts,,,,,,,Mobile,+2349020234901,Other,+2349020234901,,,,,,,,,,,,,,,,,,,,,,,,,,,,,,,,,,,,,,,,,,,,,,,,,,,,,,,,,
IMAN,ABISADE,SOLAWUDEEN,,,,,,,,,,,2023-12-07,,,KBI Parents ::: * myContacts,,,,,,,,0702 508 5777 ::: 0903 715 4726,,,,,,,,,,,,,,,,,,,,,,,,,,,,,,,,,,,,,,,,,,,,,,,,,,,,,,,,,,,
IMOLE,ADEDOYIN,ISSAH,,,,,,,,,,,2014-07-17,,,KBI Parents ::: * myContacts,,,,,,,Mobile,+2347052381240 ::: +2347052381240,,,,,,,,,,,,,,,,,,,,,,,,,,,,,,,,,,,,,,,,,,,,,,,,,,,,,,,,,,,
IMOLE,,ISSAH,,,,,,,,,,,2011-06-16,,,KBI Parents ::: * myContacts,,,,,,,Other,+2349152240575,,,,,,,,,,,,,,,,,,,,,,,,,,,,,,,,,,,,,,,,,,,,,,,,,,,,,,,,,,,
INIOLUWA AYANSIJI,,,,,,,,,,,,,,,,* myContacts,,,,,,,Mobile,+2347063452398,Other,+2347063452398,,,,,,,,,,,,,,,,,,,,,,,,,,,,,,,,,,,,,,,,,,,,,,,,,,,,,,,,,
INIOLUWA OBAGBEMIRO,,,,,,,,,,,,,,,,KBI Ex Staff ::: * myContacts,,,,,,,Mobile,+2348052463309,Other,+2348052463309,,,,,,,,,,,,,,,,,,,,,,,,,,,,,,,,,,,,,,,,,,,,,,,,,,,,,,,,,
INIOLUWA OSHUNDARO,,,,,,,,,,,,,2020-03-16,,,RCCG ::: * myContacts,,,,,,,Other,+2349036437635,,,,,,,,,,,,,,,,,,,,,,,,,,,,,,,,,,,,,,,,,,,,,,,,,,,,,,,,,,,
"INIOLUWA, JEMIMAH & GREAT BRIGHT, OLAMIDE & MOYINOLUWA OLATUNJI",,,,,,,,,,,,,,,,KBI Parents ::: * myContacts,* Home,adebolaade3110@gmail.com,,,,,Work,+2347039405510 ::: +2347039405510,Other,+2347039405510,,,,,,,,,,,,,,,,,,,,,,,,,,,,,,,,,,,,,,,,,,,,,,,,GREAT,2020-05-12,INIOLUWA,2018-03-20,JEMIMAH,2022-05-15,,,,
INNOCENT THERESA ESTHER,,,,,,,,,,,,,,,,* myContacts,* Other,splendidtessyinnocent@gmail.com,,,,,Other,+2348139509532,,,,,,,,,,,,,,,,,,,,,,,,,,,,,,,,,,,,,,,,,,,,,,,,,,,,,,,,,,,
INSPECTOR BENEDICTA ENYI OBIA,,,,,,,,,,IYAGANKU POLICE STATION,,,,,,Scholarship Processing ::: * myContacts,,,,,,,Mobile,+2348035240960,Other,+2348035240960,,,,,,,,,,,,,,,,,,,,,,,,,,,,,,,,,,,,,,,,,,,,,,,,,,,,,,,,,
INSPECTOR KEMISOLA AJAYI,,,,,,,,,,POLICE ELEYELE,,,,,,Scholarship Processing ::: * myContacts,,,,,,,Other,+2348055110871,,,,,,,,,,,,,,,,,,,,,,,,,,,,,,,,,,,,,,,,,,,,,,,,,,,,,,,,,,,
INTEGRITY ADESOLA,,,,,,,,,,,,, --07-17,,,RCCG ::: * myContacts,,,,,,,Other,+2348105200168,,,,,,,,,,,,,,,,,,,,,,,,,,,,,,,,,,,,,,,,,,,,,,,,,,,,,,,,,,,
IREMIDE ADEDAMOLA,,,,,,,,,,,,,2023-12-09,,,KBI Parents ::: * myContacts,* Other,temitopesodiq397@gmail.com,,,,,Other,+2349169659774,,,,,,,,,,,,,,,,,,,,,,,,,,,,,,,,,,,,,,,,,,,,,,,,,,,,,,,,,,,
Ireneaus Nyame,,,,,,,,,,,,,,,,* myContacts,* Other,ireneausnyame7@gmail.com,,,,,Other,2330540222272,,,,,,,,,,,,,,,,,,,,,,,,,,,,,,,,,,,,,,,,,,,,,,,,,,,,,,,,,,,
IREOLUWA AYOOLA,,,,,,,,,,,,,,,,* myContacts,,,,,,,Other,+2347084691541,,,,,,,,,,,,,,,,,,,,,,,,,,,,,,,,,,,,,,,,,,,,,,,,,,,,,,,,,,,
ISAAC & MARY,ORINAYO & IMOLEAYO,OYETUNJI,,,,,,,,,,,,,,KBI Parents ::: * myContacts,* ,samoyetunji@yahoo.com,,,,,,0808 844 7121 ::: 0808 998 1997 ::: 0808 998 1998,Mobile,0912 850 9024,,,,,,,,,,,,,,,,,,,,,,,,,,,,,,,,,,,,,,,,,,,,,,,,ISAAC,2022-01-07,MARY,2025-01-27,,,,,,
ISAAC JINADU,,,,,,,,,,,,,,,,* myContacts,,,,,,,Mobile,+2348060956649,Other,+2348060956649,,,,,,,,,,,,,,,,,,,,,,,,,,,,,,,,,,,,,,,,,,,,,,,,,,,,,,,,,
ISAAC ORINAYO OYETUNJI,,,,,,,,,,,,,,,,* myContacts,* Other,samoyetunji@yahoo.com,,,,,Mobile,+2349128509024,Other,+2348088447121,,,,,,,,,,,,,,,,,,,,,,,,,,,,,,,,,,,,,,,,,,,,,,,,,,,,,,,,,
ISAAC RISE CONFERENCE ORIMADEGUN,,,,,,,,,,,,,,,,* myContacts,* Home,isaac.orimadegun2@gmail.com,,,,,Mobile,+2347018950445,Other,+2347018950445,,,,,,,,,,,,,,,,,,,,,,,,,,,,,,,,,,,,,,,,,,,,,,,,,,,,,,,,,
Isha Bangura,,,,,,,,,,,,,,,,* myContacts,* Other,ishabangura206@gmail.com,,,,,Other,23275939398,,,,,,,,,,,,,,,,,,,,,,,,,,,,,,,,,,,,,,,,,,,,,,,,,,,,,,,,,,,
ISIAKA,,KAREEM,,,,,,,,,,,,,https://lh3.googleusercontent.com/contacts/AG6tpzGpXKTGFliDJio3He1FhXwthhrJ5VO2xSlu93cIPCkZMmOr7_Fi,Relatives ::: * myContacts,,,,,,,Mobile,+2348065730813,,,,,,,,,,,,,,,,,,,,,,,,,,,,,,,,,,,,,,,,,,,,,,,,,,,,,,,,,,,
ISRAEL & ELIZABETH,,YOLOYE,,,,,,,,,UBA STAFF/TRADER,,,,,KBI Ex Parents ::: * myContacts,* ,deborahosundeyi2@gmail.com,,yoloyebabawale@yahoo.com,,,Other,+2347062314408 ::: +2347089004547,,,,,,,,,,,,,,,,,,,Other,"13, KAJOLA ESTATEMONIYA
IBADAN, YO
NG","13, KAJOLA ESTATEMONIYA",IBADAN,,YO,,NG,,,,,,,,,,,,,,,,,,,,,,,,ELIZABETH,2018-12-07,ISRAEL,2014-09-16,ADMISSION DATE INTO PRY2 & PG2,2022-01-12,,,,
ISRAEL,ANJOLAOLUWA,OLUWASEUN,,,,,,,,,,,2024-01-25,,,KBI Parents ::: * myContacts,,,,,,,,0706 635 3785 ::: 0703 387 3441,,,,,,,,,,,,,,,,,,,,,,,,,,,,,,,,,,,,,,,,,,,,,,,,,,,,,,,,,,,
ISRAEL,,SAMUEL,,,,,,,,,,,2021-03-23,,,RCCG ::: * myContacts,,,,,,,Mobile,+2348067512665,,,,,,,,,,,,,,,,,,,Home,"Imọlẹ Baptist Church, Abiola, Moniya","Imọlẹ Baptist Church, Abiola, Moniya",,,,,,,,,,,,,,,,,,,,,,,,,,,,,,,,,,,,,,
ITUNU,ABOLANLE,AFOLARIN,,,,,,,,,,,2003-07-11,"Tertiary Institution Attended: Tai Solarin University of Education 
Course of Study: Economics Education 
Residential Address: 14, Opp paramount FM, Abeokuta.
Emergency Contact/Next of Kin (Name & Phone Number): 08059799065
Any Medical Information We Should Be Aware Of: Nil",,KBI Staff ::: * myContacts,* ,oluwatumininuafolarin3@gmail.com,,,,,,0703 204 0114,,,,,,,,,,,,,,,,,,,,"14, Opp paramount FM
ABEOKUTA
Ogun State
NG","14, Opp paramount FM",ABEOKUTA,,Ogun State,,NG,,,,,,,,,,,,,,,,,,,,,,,,,,,,,,,,,
"ITUNUOLUWA ADEROUNMU, Esq",,,,,,,,,,IA ATTORNEYS,Partner,,,,,* myContacts,* Home,itunuaderounmu@gmail.com,Work,itunuaderounmu@nigerianbar.ng,,,Pager,+2347011530324,Mobile,+2348100078831,Other,+2347011530324,,,,,,,,,,,,,,,Home,"34 Awolowo Road Adeyi StreetOld Bodija
Ibadan
Nigeria",34 Awolowo Road Adeyi StreetOld Bodija,Ibadan,,,,Nigeria,,,,,,,,,,,,,,,,,,,,,,,,,,,,,,,,,
IVANA & CHARIS & SHARON,,ABIODUN,,,,,,,,,,,,,,KBI Parents ::: * myContacts,,,,,,,,0813 643 8627 ::: 0906 190 1040,,,,,,,,,,,,,,,,,,,,,,,,,,,,,,,,,,,,,,,,,,,,,,,,,,SHARON,2023-08-07,CHARIS,2021-08-30,IVANA,2019-10-23,,,,
Ivy Maame Efua Hinson,,,,,,,,,,,,,,,,* myContacts,* Other,ivyhinson225@gmail.com,,,,,Other,+233501392723,,,,,,,,,,,,,,,,,,,,,,,,,,,,,,,,,,,,,,,,,,,,,,,,,,,,,,,,,,,
IYANDA ADEREMI,,AWOYEMI,,,,,,,,,,,,,,Relatives ::: * myContacts,,,,,,,Other,+2349079913701 ::: +2348073421417,,,,,,,,,,,,,,,,,,,,,,,,,,,,,,,,,,,,,,,,,,,,,,,,,,,,,,,,,,,
IYINOLUWA PECULIAR ️OBAGBEMIRO,,,,,,,,,,,,,,,,KBI Ex Staff ::: * myContacts,,,,,,,Mobile,+2349071075060,Work,+2349067495081 ::: +2349067495081,Other,+2349071075060,,,,,,,,,,,,,,,,,,,,,,,,,,,,,,,,,,,,,,,,,,,,,,,,,,,,,,,
JACOB,OLUWAROTIMI,ADEGBOYE,,,,,,,,,,,2020-08-27,,https://lh3.googleusercontent.com/contacts/AG6tpzG0Xya_D8MRUhAa-BE_SsAvYo1diyTKpmLCHJSK-Y99YYaVgJ0g,School University of Ibadan Students ::: * myContacts,* INTERNET,ADEGBOYE.ROTIMI@GMAIL.COM,,,,,Home,+2347063009573,Mobile,+2349055752234 ::: +2349038612593 ::: +234 706 229 1830,,,,,,,,,,,,,,,,,,,,,,,,,,,,,,,,,,,,,,,,,,,,,,,,,,,,,,,,,
JACOB UZER,,,,,,,,,,,,,,,,RCCG ::: * myContacts,,,,,,,Mobile,+2348144998744,,,,,,,,,,,,,,,,,,,,,,,,,,,,,,,,,,,,,,,,,,,,,,,,,,,,,,,,,,,
JADEN & LOIS,OLAOLUWA & INIOLUWA,FEYIJIMI,,,,,,,,,,,,,,KBI Parents ::: * myContacts,* ,DEBBY4LJCHRIST@GMAIL.COM,,,,,,0807 368 1667,Other,+2347033268754,,,,,,,,,,,,,,,,,,,,,,,,,,,,,,,,,,,,,,,,,,,,,,,,JADEN,2022-11-19,INIOLUWA,2017-07-10,,,,,,
JADEN OLAOLUWA FEYIJIMI,,,,,,,,,,,,,,,,* myContacts,* Other,DEBBY4LJCHRIST@GMAIL.COM,,,,,Mobile,+2347033268754,Other,+2348073681667,,,,,,,,,,,,,,,,,,,,,,,,,,,,,,,,,,,,,,,,,,,,,,,,,,,,,,,,,
JAMES,,,,,,,,,,,,,,,https://lh3.googleusercontent.com/contacts/AG6tpzFHSLpnlzRKMOOmV0RAMoCCh-7QLv3VpZGEgOdorIKMMZm_rn-z,* myContacts,,,,,,,Mobile,+234 816 015 7248 ::: +2348023422537,,,,,,,,,,,,,,,,,,,,,,,,,,,,,,,,,,,,,,,,,,,,,,,,,,,,,,,,,,,
,,JAMES,,,,,,,,,,,,,https://lh3.googleusercontent.com/contacts/AG6tpzH7KVVKc3zIhYw6EpFtno77ljwHHSdAFKijbhJJ9BmVHsW9-gLZ,* myContacts,,,,,,,Mobile,+2348034627197,,,,,,,,,,,,,,,,,,,,,,,,,,,,,,,,,,,,,,,,,,,,,,,,,,,,,,,,,,,
James A Jatta,,,,,,,,,,,,,,,,* myContacts,* Other,jamesajatta1@gmail.com,,,,,Other,2206142259,,,,,,,,,,,,,,,,,,,,,,,,,,,,,,,,,,,,,,,,,,,,,,,,,,,,,,,,,,,
Jamilu Bala,,,,,,,,,,,,,,,,* myContacts,* Other,jamilubala1997@gmail.com,,,,,Other,+2348065100659,,,,,,,,,,,,,,,,,,,,,,,,,,,,,,,,,,,,,,,,,,,,,,,,,,,,,,,,,,,
JAMIU,TAIWO,AILERU,,,,,,,,,,,,,https://lh3.googleusercontent.com/contacts/AG6tpzHprzcpfvrSF27thtE2X2Rk29Djx7_MI13e77G1EY0mrMLMd1Im,School University of Ibadan Students ::: * myContacts,* Home,ailerutaiwo@yahoo.com,,,,,Mobile,+2347034317546,,,,,,,,,,,,,,,,,,,,Nigeria,,,,,,Nigeria,,,,,,,,,,,,,,,,,,,,,,,,,,,,,,,,,
JANET A,,ADEMOLA,,,,PROFESSOR,,,,,,,,,,* myContacts,* Other,jaaademola@yahoo.com,,,,,Mobile,0806 447 7982,,,,,,,,,,,,,,,,,,,,,,,,,,,,,,,,,,,,,,,,,,,,,,,,,,,,,,,,,,,
JANET A. ADEMOLA,,,,,,,,,,,,,,,,School University of Ibadan Staff ::: * myContacts,* Home,jaaademola@yahoo.com,,,,,Other,+2348064477982,,,,,,,,,,,,,,,,,,,,,,,,,,,,,,,,,,,,,,,,,,,,,,,,,,,,,,,,,,,
JANET ,,JAMES ,,,,,,,,,,,,,https://lh3.googleusercontent.com/contacts/AG6tpzE_3rjjr0YEZGPLjA6ez6DPBoG5wlKV0E57q3htlIn2txqtU0Qq,* myContacts,* Home,janet.jamesjj@yahoo.com,,,,,Mobile,+2347084509893,Work,+2348177158685,Home,+2348104188273,,,,,,,,,,,,,,,,,,,,,,,,,,,,,,,,,,,,,,,,,,,,,,,,,,,,,,,
JAPHET ALUKO ADEKUNLE,,,,,,,,,,,,,,,,RCCG ::: * myContacts,,,,,,,Other,+2348024575070,,,,,,,,,,,,,,,,,,,,,,,,,,,,,,,,,,,,,,,,,,,,,,,,,,,,,,,,,,,
JASON ANJOLAOLUWA OLADAPO,,,,,,,,,,,ENGINEER / CIVIL SERVANT,,2020-10-15,,,KBI Parents ::: * myContacts,* Other,olakunleoladapo43@gmail.com,,,,,Mobile,+2348160148360,Work,+2348160148360 ::: +2348160148360,Other,+2348069324872,,,,,,,,,,,,,,,,"ZONE 2, OLUWAKEMI, TOSE, MONIYA
NG","ZONE 2, OLUWAKEMI, TOSE, MONIYA NG",,,,,,,,,,,,,,,,,,,,,,,,,,,,,,,,,,,,,,
Jennifer Ijeh,,,,,,,,,,,,,,,,* myContacts,* Other,jennie.ijeh@gmail.com,,,,,Other,+2348188140204,,,,,,,,,,,,,,,,,,,,,,,,,,,,,,,,,,,,,,,,,,,,,,,,,,,,,,,,,,,
Jerone Opoku Agyapong,,,,,,,,,,,,,,,,* myContacts,* Other,jerone57@live.com,,,,,Other,2230535265872,,,,,,,,,,,,,,,,,,,,,,,,,,,,,,,,,,,,,,,,,,,,,,,,,,,,,,,,,,,
Jessica Ogwu,,,,,,,,,,,,,,,,* myContacts,* Other,ogwujessica2222@gmail.com,,,,,Other,+2348120359981,,,,,,,,,,,,,,,,,,,,,,,,,,,,,,,,,,,,,,,,,,,,,,,,,,,,,,,,,,,
JESULAYOMI,,OPOOLAJESU,,,,,,,,,,, --12-10,,,RCCG ::: * myContacts,,,,,,,Other,+2348160705370,,,,,,,,,,,,,,,,,,,,,,,,,,,,,,,,,,,,,,,,,,,,,,,,,,,,,,,,,,,
JESUNIYI DORCAS MOJIRADE,,,,,,,,,,,,,,,,* myContacts,* Other,afolabidorcas340@gmail.com,,,,,Mobile,+2347011456330,Other,+2347011456330,,,,,,,,,,,,,,,,,,,,,,,,,,,,,,,,,,,,,,,,,,,,,,,,,,,,,,,,,
JESUTOFUNMI,PRECIOUS,OLADEJO,,,,,,,,,,,2022-08-10,,,KBI Parents ::: * myContacts,,,,,,,Other,+2349041509800,Mobile,+2349011947676,,0807 820 8311,,,,,,,,,,,,,,,,,,,,,,,,,,,,,,,,,,,,,,,,,,,,,,,,,,,,,,,
JIMI CURRENT US,,,,,,,,,,,,,,,,* myContacts,,,,,,,Mobile,+13468577239,Other,+13468577239,,,,,,,,,,,,,,,,,,,,,,,,,,,,,,,,,,,,,,,,,,,,,,,,,,,,,,,,,
JOANNA & DAVID AYOMIDE OLUNIYI,,,,,,,,,,,,,,,,* myContacts,* Other,vicyemisi20@gmail.com,,,,,Other,+2348078760588,,,,,,,,,,,,,,,,,,,,,,,,,,,,,,,,,,,,,,,,,,,,,,,,,,,,,,,,,,,
JOANNA & DAVID OLUNIYI,,,,,,,,,,,,,,,,* myContacts,* Other,vicyemisi20@gmail.com,,,,,Mobile,+2348086844047,Other,+2348078760588,,,,,,,,,,,,,,,,,,,,,,,,,,,,,,,,,,,,,,,,,,,,,,,,,,,,,,,,,
JOANNA & LEONARD,,OLUNIYI,,,,,,,,,,,,,,KBI Parents ::: * myContacts,* ,vicyemisi20@gmail.com,,,,,Mobile,+234 808 684 4047,Other,+2348078760588,,,,,,,,,,,,,,,,,,"NO 6, UNITY STREET, ROAD 7, MONIYA NG
NG","NO 6, UNITY STREET, ROAD 7, MONIYA NG",,,,,NG,,,,,,,,,,,,,,,,,,,,,,,,LEONARD OLUNIYI,2017-01-18,JOANNA,2010-11-26,,,,,,
Johanna Boateng,,,,,,,,,,,,,,,,* myContacts,* Other,jayicon6@gmail.com,,,,,Other,233233209014066,,,,,,,,,,,,,,,,,,,,,,,,,,,,,,,,,,,,,,,,,,,,,,,,,,,,,,,,,,,
JOHN,,MICHAEL,,,,,,,,,,,2019-11-07,,,RCCG ::: * myContacts,,,,,,,Work,+2348149134825,Mobile,+2349035847745 ::: +2348120947088,,,,,,,,,,,,,,,,,,,,,,,,,,,,,,,,,,,,,,,,,,,,,,,,,,,,,,,,Photo,https://lh3.googleusercontent.com/contacts/ABsqplvozy4DSXAZQGU9cdaA7bhcW6SXhh18NKw3Zqw43CYNBJODj2p6
John UI VENTURES Udje,,,,,,,,,,UI VENTURES,,,,,,Businesses ::: * myContacts,* Home,udjejohn2020@gmail.com,,,,,Mobile,+2348055121174,Other,+2348055121174,,,,,,,,,,,,,,,,,,,,,,,,,,,,,,,,,,,,,,,,,,,,,,,,,,,,,,,,,
JOHNDBELOVED,OLAMILEKAN,LATEEF,,,,,,,,,,,2022-09-14,,,KBI Parents ::: * myContacts,,,,,,,Other,+234 703 344 0669,,+234 916 067 9069,,,,,,,,,,,,,,,,,,,,,,,,,,,,,,,,,,,,,,,,,,,,,,,,,,,,,,,,,
JOHNSON,DELIGHT,OPEYEMI,,,,,,,,,,,,,,School University of Ibadan Students ::: * myContacts,,,,,,,Mobile,+2347037970337,,,,,,,,,,,,,,,,,,,,Nigeria,,,,,,Nigeria,,,,,,,,,,,,,,,,,,,,,,,,,,,,,,,,,
JOHNSON,OPEYEMI,OKE,,,,,,,,,,, --06-25,,,School University of Ibadan Students ::: TESCOM ::: * myContacts,,,,,,,Mobile,+2348056392140,,,,,,,,,,,,,,,,,,,,Nigeria,,,,,,Nigeria,,,,,,,,,,,,,,,,,,,,,,,,,,,,,,,,,
JOSEPH ADEWOLE,,,,,,,,,,,,,,,,Techbase Customers Ex ::: * myContacts,* Home,josephadewole1@gmail.com,,,,,Mobile,+2348072566422,Pager,+2348067373394,Other,+2348067373394,,,,,,,,,,,,,,,Home,"Major Salawu, Agbowo","Major Salawu, Agbowo",,,,,,,,,,,,,,,,,,,,,,,,,,,,,,,,,,,,,,
JOSEPH AGBER,,,,,,,,,,,,,,,,School University of Ibadan Students ::: * myContacts,* Home,josephagber@gmail.com,,,,,Mobile,+2348074935057,Other,+2348074935057,,,,,,,,,,,,,,,,,,Nigeria,,,,,,Nigeria,,,,,,,,,,,,,,,,,,,,,,,,,,,,,,,,,
JOSEPH,,OGOOLUWADE,,,,,,,,,,,2022-08-21,,,KBI Parents ::: * myContacts,,,,,,,,0704 883 6909 ::: 0906 485 8115,,,,,,,,,,,,,,,,,,,,,,,,,,,,,,,,,,,,,,,,,,,,,,,,,,,,,,,,,,,
JOSEPH UKAEGBU,,,,,,,,,,,,,,,,RCCG ::: * myContacts,,,,,,,Other,+2348163183920,,,,,,,,,,,,,,,,,,,,,,,,,,,,,,,,,,,,,,,,,,,,,,,,,,,,,,,,,,,
JOSEPH WILLIAMS,,,,,,,,,,Williams,,,,,,RCCG ::: * myContacts,,,,,,,Other,+2348055217176,,,,,,,,,,,,,,,,,,,,,,,,,,,,,,,,,,,,,,,,,,,,,,,,,,,,,,,,,,,
Josephine Adesina,,,,,,,,,,,,,,,,* myContacts,* Other,adesinajosephine20@gmail.com,,,,,Other,+2347032569466,,,,,,,,,,,,,,,,,,,,,,,,,,,,,,,,,,,,,,,,,,,,,,,,,,,,,,,,,,,
JOSHUA & DARASIMI,,ADEGOKE,,,,,,,,,ENGINEER / TEACHER,,,,,KBI Ex Parents ::: * myContacts,* ,tomilolailesanmi48@gmail.com,,,,,Other,+2348032380870 ::: +2348103122875,,,,,,,,,,,,,,,,,,,,"C23 FEDERAL HOUSING ESTATEMONIYA
IBADAN, YO
NG",C23 FEDERAL HOUSING ESTATEMONIYA,IBADAN,,YO,,NG,,,,,,,,,,,,,,,,,,,,,,,,JOSHUA ADEGOKE,2011-10-29,DARASIMI ADEGOKE,2014-07-02,,,,,,
JOSHUA ADEKANYE,,,,,,,,,,Federal Road Safety Commission,,,,,,* myContacts,* Other,joshuaadekanye@yahoo.com,,,,,Mobile,+2348033428944,Other,+2348033428944,,,,,,,,,,,,,,,,,,,,,,,,,,,,,,,,,,,,,,,,,,,,,,,,,,,,,,,,,
JOSHUA,,AKINOLA,,,,,,,,,Reverend,,,,,Businesses ::: * myContacts,* Home,psychodejosh@gmail.com,,,,,Mobile,+2348032232934,,,,,,,,,,,,,,,,,,,,"Ibadan, Nigeria","Ibadan, Nigeria",,,,,,,,,,,,,,,,,,,,,,,,,,,,,,,,,,,,,,
JOSHUA AYOMIDE AWODOLA,,,,,,,,,,,,,2013-11-13,,,KBI Parents ::: * myContacts,* Home,awodolaadebayo5@gmail.com,,,,,Work,+2348137621569,Mobile,+2349068808722,Other,+2349068808722,,,,,,,,,,,,,,,,,,,,,,,,,,,,,,,,,,,,,,,,,,,,,,,,,,,,,,,
JOSHUA JOSHUA,,,,,,,,,,,,,,,,* myContacts,* Other,joshuaojonimijoshua@yahoo.com,,,,,Other,+2348144081965,,,,,,,,,,,,,,,,,,,,,,,,,,,,,,,,,,,,,,,,,,,,,,,,,,,,,,,,,,,
Joshua Ogboeze,,,,,,,,,,,,,,,,* myContacts,* Other,silasjoshua30@gmail.com,,,,,Other,+2348148696189,,,,,,,,,,,,,,,,,,,,,,,,,,,,,,,,,,,,,,,,,,,,,,,,,,,,,,,,,,,
JOSHUA,OLAMIDE,GANFO,,,,,,,,,,,2021-05-18,,,KBI Parents ::: * myContacts,,,,,,,,0810 688 3017,Other,+2348063034738,,,,,,,,,,,,,,,,,,,,,,,,,,,,,,,,,,,,,,,,,,,,,,,,,,,,,,,,,
JOSHUA OLUWASEYI BAMIDELE,,,,,,,,,,,,,,,,* myContacts,,,,,,,Mobile,+2348162373022,Other,+2348162373022,,,,,,,,,,,,,,,,,,,,,,,,,,,,,,,,,,,,,,,,,,,,,,,,,,,,,,,,,
JOSNIC INTERNATIONAL ACADEMY,,,,,,,,,,,,,,,,* myContacts,* Other,psychodejosh@gmail.com,,,,,Mobile,+2348032232934,Work,+2348153699360 ::: +2348153699360,Other,+2348153699360,,,,,,,,,,,,,,,,,,,,,,,,,,,,,,,,,,,,,,,,,,,,,,,,,,,,,,,
JOY JAMES,,,,,,,,,,ALL SAINTS TAILORING,,,,,,Businesses ::: * myContacts,,,,,,,Mobile,+2348102867001,Other,+2348102867001,,,,,,,,,,,,,,,,,,Nigeria,,,,,,Nigeria,,,,,,,,,,,,,,,,,,,,,,,,,,,,,,,,,
JOY OPEYEMI ALABI,,,,,,,,,,,,,2002-05-25,,,Techbase Customers Ex ::: * myContacts,* Home,joyopealabi@gmail.com,,,,,Mobile,+2348131861173,Other,+2348131861173,,,,,,,,,,,,,,,,,,Nigeria,,,,,,Nigeria,,,,,,,,,,,,,,,,,,,,,,,,,,,,,,,,,
JOY TO THE WISE RCCG,,,,,,,,,,,,,,,,* myContacts,,,,,,,Mobile,+2347060690147,Work,+2348078427808 ::: +2348078427808,Other,+2348078427808,,,,,,,,,,,,,,,,,,,,,,,,,,,,,,,,,,,,,,,,,,,,,,,,,,,,,,,
JOY,TOLUWANI,ADELEKE,,,,,,,,,,, --09-23,,,RCCG ::: * myContacts,* ,joytoluwani2001@gmail.com,,,,,,0810 032 3307,,,,,,,,,,,,,,,,,,,,,,,,,,,,,,,,,,,,,,,,,,,,,,,,,,,,,,,,,,,
JOY TOLUWANI OLUWAFEMI,,,,,,,,,,,,,2023-03-24,,,KBI Parents ::: * myContacts,,,,,,,Mobile,+2348109791016 ::: +2348061267685,Other,+2348061267685,,,,,,,,,,,,,,,,,,,,,,,,,,,,,,,,,,,,,,,,,,,,,,,,,,,,,,,,,
Judith Akwetey,,,,,,,,,,,,,,,,* myContacts,* Other,juditheyrama@gmail.com,,,,,Other,2330507190756,,,,,,,,,,,,,,,,,,,,,,,,,,,,,,,,,,,,,,,,,,,,,,,,,,,,,,,,,,,
Judith Arthur-Dennis,,,,,,,,,,,,,,,,* myContacts,* Other,arthurdennisjudith@gmail.com,,,,,Other,2330249983418,,,,,,,,,,,,,,,,,,,,,,,,,,,,,,,,,,,,,,,,,,,,,,,,,,,,,,,,,,,
Judkins Grear,,,,,,,,,,,,,,,,* myContacts,* Other,grearjudkinsflahn@gmail.com,,,,,Other,2310886783031,,,,,,,,,,,,,,,,,,,,,,,,,,,,,,,,,,,,,,,,,,,,,,,,,,,,,,,,,,,
Julia Bailey Ameyaw Baah,,,,,,,,,,,,,,,,* myContacts,* Other,juliabaileyameyawbaah@gmail.com,,,,,Other,233504720362,,,,,,,,,,,,,,,,,,,,,,,,,,,,,,,,,,,,,,,,,,,,,,,,,,,,,,,,,,,
JULIAN & JAPHETH,KOLADE & ENIOLA,EMORDI,,,,,,,,,,,,,,KBI Parents ::: * myContacts,* ,OMOTOLA.OLUWO@GMAIL.COM,,,,,,0810 183 8336 ::: 0808 661 1710,,,,,,,,,,,,,,,,,,,,,,,,,,,,,,,,,,,,,,,,,,,,,,,,,,JULIAN,2020-05-04,JAPHETH,2016-09-15,,,,,,
Junaidu Abubakar,,,,,,,,,,,,,,,,* myContacts,* Other,jj.ahmad03@gmail.com,,,,,Other,+2348038106462,,,,,,,,,,,,,,,,,,,,,,,,,,,,,,,,,,,,,,,,,,,,,,,,,,,,,,,,,,,
Kabiru Waya Ibrahim,,,,,,,,,,,,,,,,* myContacts,* Other,ibrahimkabiruwaya@gmail.com,,,,,Other,2330545561129,,,,,,,,,,,,,,,,,,,,,,,,,,,,,,,,,,,,,,,,,,,,,,,,,,,,,,,,,,,
KAFAYAT,ADENIKE,ADEKUNLE,,,,,,,,,,,,,,TESCOM ::: * myContacts,* Home,kafayatadenikeadekunle@gmail.com,,,,,Mobile,+2348072784186,,,,,,,,,,,,,,,,,,,,Nigeria,,,,,,Nigeria,,,,,,,,,,,,,,,,,,,,,,,,,,,,,,,,,
KAH JOSPEN NGUM,,,,,,,,,,,,,,,,* myContacts,* Other,ngumkahjospen@gmail.com,,,,,Other,2376513351228,,,,,,,,,,,,,,,,,,,,,,,,,,,,,,,,,,,,,,,,,,,,,,,,,,,,,,,,,,,
KAKA PANEL,,,,,,,,,,,,,,,,* myContacts,,,,,,,Mobile,+2348153541506,,,,,,,,,,,,,,,,,,,,,,,,,,,,,,,,,,,,,,,,,,,,,,,,,,,,,,,,,,,
KASHYFUND WINE STORE wine store,,,,,,,,,,,,,,,,* myContacts,,,,,,,Mobile,+2348120076452,Other,+2348120076452,,,,,,,,,,,,,,,,,,,,,,,,,,,,,,,,,,,,,,,,,,,,,,,,,,,,,,,,,
KAYODE AWOYEMI,,,,,,,,,,,,,,,,Relatives ::: * myContacts,,,,,,,Other,+2347018252617,,,,,,,,,,,,,,,,,,,,,,,,,,,,,,,,,,,,,,,,,,,,,,,,,,,,,,,,,,,
KAYODE,,OGUNPAIMO,,,,,,,,,,,2019-02-28,,,RCCG ::: * myContacts,* Home,Kypaimo@gmail.com,,,,,Mobile,+2348131087397,,,,,,,,,,,,,,,,,,,,,,,,,,,,,,,,,,,,,,,,,,,,,,,,,,Anniversary,2019-08-24,,,,,,,,
KBI CARPENTER,,,,,,,,,,,,,,,,* myContacts,,,,,,,Mobile,+2348148739777,Other,+2348148739777,,,,,,,,,,,,,,,,,,,,,,,,,,,,,,,,,,,,,,,,,,,,,,,,,,,,,,,,,
KBI PLUMBER,,,,,,,,,,,,,,,,* myContacts,,,,,,,Mobile,+2348073811363,Other,+2348073811363,,,,,,,,,,,,,,,,,,,,,,,,,,,,,,,,,,,,,,,,,,,,,,,,,,,,,,,,,
KEHINDE,,ADETAYO,,,,,,,,,,,,,https://lh3.googleusercontent.com/contacts/AG6tpzESX3rT6wzbbmp_33q8T_ULbjgTVthj4SlpRFivnjNB2NqQiQJE,RCCG ::: * myContacts,,,,,,,Mobile,+2347060940570,,,,,,,,,,,,,,,,,,,,,,,,,,,,,,,,,,,,,,,,,,,,,,,,,,,,,,,,,,,
KEHINDE ESTHER,,,,,,,,,,,,,,,,* myContacts,* Other,kehindeesther2016@gmail.com,,,,,Mobile,+2348165557375,Other,+2348165557375,,,,,,,,,,,,,,,,,,,,,,,,,,,,,,,,,,,,,,,,,,,,,,,,,,,,,,,,,
KEHINDE LADEJOBI,,,,,,,,,,,,,,,,* myContacts,,,,,,,Other,+2348035012562,,,,,,,,,,,,,,,,,,,,,,,,,,,,,,,,,,,,,,,,,,,,,,,,,,,,,,,,,,,
KEHINDE OYEBAMIJI,,,,,,,,,,,,,2019-09-28,,,RCCG ::: * myContacts,* Home,kayansiji@gmail.com,,,,,Mobile,+2347065463912,Other,+2347065463912,,,,,,,,,,,,,,,,,,,,,,,,,,,,,,,,,,,,,,,,,,,,,,,,Anniversary,2024-12-01,,,,,,,,
KEHINDE POPOOLA,,,,,,,,,,,,,,,,* myContacts,,,,,,,Mobile,+2348155775442,Other,+2348155775442,,,,,,,,,,,,,,,,,,,,,,,,,,,,,,,,,,,,,,,,,,,,,,,,,,,,,,,,,
KEHINDE SAHEED RASHEED,,,,,,,,,,,,,,,,TESCOM ::: * myContacts,,,,,,,Mobile,+2348076606075 ::: 08168176488,Other,+2348076606075,,,,,,,,,,,,,,,,,,,,,,,,,,,,,,,,,,,,,,,,,,,,,,,,,,,,,,,,,
KEHINDE,WEMA,ADEJORIN,,,,,,,,,,,,,,Businesses ::: * myContacts,* Home,adejorin49@gmail.com,,,,,Mobile,+2347087341872,,,,,,,,,,,,,,,,,,,,Nigeria,,,,,,Nigeria,,,,,,,,,,,,,,,,,,,,,,,,,,,,,,,,,
KEJI AWOYEMI,,,,,,,,,,,,,,,,Relatives ::: * myContacts,,,,,,,Mobile,+2348062814494,Other,+2348062814494,,,,,,,,,,,,,,,,,,,,,,,,,,,,,,,,,,,,,,,,,,,,,,,,,,,,,,,,,
Kelvin C. Kamei,,,,,,,,,,,,,,,,* myContacts,* Other,kameikelvin060@gmail.com,,,,,Other,231775932807,,,,,,,,,,,,,,,,,,,,,,,,,,,,,,,,,,,,,,,,,,,,,,,,,,,,,,,,,,,
KELVIN CHINEDU OSSAI,,,,,,,,,,Graceland Clinic,,,,,,* myContacts,,,,,,,Mobile,+2348027743068,Work,+2348034682240 ::: +2348034682240,Other,+2348034682240,,,,,,,,,,,,,,,Home,Nigeria,,,,,,Nigeria,,,,,,,,,,,,,,,,,,,,,,,,,,,,,,,,,
KELVIN KOSISOCHUKWU DRAME,,,,,,,,,,,,,1989-06-30,,,KBI Ex Staff ::: * myContacts,* Home,kelvindrame@gmail.com,,,,,Mobile,+2348162250148,Other,+2348162250148,,,,,,,,,,,,,,,,,,,,,,,,,,,,,,,,,,,,,,,,,,,,,,,,,,,,,,,,,
KENNY WEMA BANK,,,,,,,,,,,,,,,,* myContacts,* Other,adejorin49@gmail.com,,,,,Mobile,+2347087341872,Other,+2347087341872,,,,,,,,,,,,,,,,,,,,,,,,,,,,,,,,,,,,,,,,,,,,,,,,,,,,,,,,,
Keren Arkoh,,,,,,,,,,,,,,,,* myContacts,* Other,kjarkoh@gmail.com,,,,,Other,2330264591476,,,,,,,,,,,,,,,,,,,,,,,,,,,,,,,,,,,,,,,,,,,,,,,,,,,,,,,,,,,
Kerkula Flomo,,,,,,,,,,,,,,,,* myContacts,* Other,fkerkula86@gmail.com,,,,,Other,+231886926143,,,,,,,,,,,,,,,,,,,,,,,,,,,,,,,,,,,,,,,,,,,,,,,,,,,,,,,,,,,
KHADIJAT FOLARIN,,,,,,,,,,,,,,,,TESCOM ::: * myContacts,,,,,,,Mobile,+2347062818428,Other,+2347062818428,,,,,,,,,,,,,,,,,,Nigeria,,,,,,Nigeria,,,,,,,,,,,,,,,,,,,,,,,,,,,,,,,,,
KIKIOPE PEACE AKINADE,,,,,,,,,,,,,2021-01-30,,,KBI Ex Parents ::: * myContacts,* Other,ebunjoju@gmail.com,,,,,Other,+2348021992328,,,,,,,,,,,,,,,,,,,,,,,,,,,,,,,,,,,,,,,,,,,,,,,,,,,,,,,,,,,
KNOWLEDGE BASE INTERNATIONAL SCHOOLS,,,,,,,,,,,,,,,,* myContacts,* Other,knowledgebaseschools@gmail.com,Other,knowledgebasestaff@gmail.com,,,Mobile,+2348163086631,Work,+2348163086631 ::: +2348163086631,Other,+2348163086631,,,,,,,,,,,,,,,,,,,,,,,,,,,,,,,,,,,,,,,,,,,,,,,,,,,,,,,
KOLA BELOVED JOHN,,,,,,,,,,,,,,,,School University of Ibadan Students ::: * myContacts,* Home,kolawolejohn90@gmail.com,,,,,Mobile,+2347068618174,Other,+2347068618174,,,,,,,,,,,,,,,,,,Nigeria,,,,,,Nigeria,,,,,,,,,,,,,,,,,,,,,,,,,,,,,,,,,
KOLA,,IGE,,,,,,,,,,,,,https://lh3.googleusercontent.com/contacts/AG6tpzHRBlf1-rjJPt2aRmt9YFTpeOAexjCVEG5GJs1BNJWA0RzgdTug,RCCG ::: * myContacts,* Home,kola.ige67@gmail.com,,,,,Mobile,+2348067417436,,,,,,,,,,,,,,,,,,,,Nigeria,,,,,,Nigeria,,,,,,,,,,,,,,,,,,,,,,,,,,,,,,,,,
KOLADE,,OLUFAJO,,,,,,,,,CIVIL SERVANT / TRADER,,2013-10-04,,,KBI Ex Parents ::: * myContacts,* ,olufajo_muyiwa@yahoo.com,,,,,Other,+2348067938542 ::: +2348067938542,,,,,,,,,,,,,,,,,,,,"KAJOLA ESTATEAPAPA
MONIYA
NG",KAJOLA ESTATEAPAPA,MONIYA,,,,NG,,,,,,,,,,,,,,,,,,,,,,,,,,,,,,,,,
Kum Aristide,,,,,,,,,,,,,,,,* myContacts,* Other,aristidekum92@gmail.com,,,,,Other,237670033411,,,,,,,,,,,,,,,,,,,,,,,,,,,,,,,,,,,,,,,,,,,,,,,,,,,,,,,,,,,
KUNMILAYO SUNDAY AYOOLA,,,,,,,,,,,,,,,,TESCOM ::: * myContacts,,,,,,,Mobile,+2348142488370,Other,+2348142488370,,,,,,,,,,,,,,,,,,,,,,,,,,,,,,,,,,,,,,,,,,,,,,,,,,,,,,,,,
Kwabena Danso,,,,,,,,,,,,,,,,* myContacts,* Other,kalsdank@gmail.com,,,,,Other,2330242433694,,,,,,,,,,,,,,,,,,,,,,,,,,,,,,,,,,,,,,,,,,,,,,,,,,,,,,,,,,,
Ladidi Abdulmumin,,,,,,,,,,,,,,,,* myContacts,* Other,ladidiabdulmumini@gmail.com,,,,,Mobile,+2348166749211,Other,+2348166749211,,,,,,,,,,,,,,,,,,,,,,,,,,,,,,,,,,,,,,,,,,,,,,,,,,,,,,,,,
LAMIDI OLABISI KAOSARAT,,,,,,,,,,,,,,,,* myContacts,* Other,lamidiolabisi9@gmail.com,,,,,Other,+2349058767259,,,,,,,,,,,,,,,,,,,,,,,,,,,,,,,,,,,,,,,,,,,,,,,,,,,,,,,,,,,
LASAKI CORPERS LIE,,,,,,,,,,,,,,,,* myContacts,,,,,,,Other,+2348067300014,,,,,,,,,,,,,,,,,,,,,,,,,,,,,,,,,,,,,,,,,,,,,,,,,,,,,,,,,,,
Lawrence Boakye Dankwah,,,,,,,,,,,,,,,,* myContacts,* Other,lawrencedanquah6.ld@gmail.com,,,,,Mobile,+233240780302,Other,2330240780302,,,,,,,,,,,,,,,,,,,,,,,,,,,,,,,,,,,,,,,,,,,,,,,,,,,,,,,,,
Levi Singbeh,,,,,,,,,,,,,,,,* myContacts,* Other,levisingbeh6@gmail.com,,,,,Other,231777420254,,,,,,,,,,,,,,,,,,,,,,,,,,,,,,,,,,,,,,,,,,,,,,,,,,,,,,,,,,,
"Lieutenant Dr GIDEON CHUKWUDI NWEKE, Phd",,,,,,,,,,,,,,,https://lh3.googleusercontent.com/contacts/AG6tpzFcsLqTicWQd8ruAii43S_F4FXDv3ZEfBeIdWeR-WiZJhqTy961,School University of Ibadan Students ::: * myContacts,* ,askgideon09@gmail.com,,,,,Mobile,+2347063433603,Other,+2348059450192,,,,,,,,,,,,,,,,,Home,NG,,,,,,NG,,,,,,,,,,,,,,,,,,,,,,,,,,,,,,,,,
LILY,AVERE,LIBERTY,,,,,,,,,,,2024-05-27,,,KBI Ex Parents ::: * myContacts,* ,AYOPEACE65@GMAIL.COM,,,,,Other,+2348160126681 ::: +2348149493230,,,,,,,,,,,,,,,,,,,,,,,,,,,,,,,,,,,,,,,,,,,,,,,,,,,,,,,,,,,
Lois Araba Fynn,,,,,,,,,,,,,,,,* myContacts,* Other,arabafynn19@gmail.com,,,,,Other,+233558557566,,,,,,,,,,,,,,,,,,,,,,,,,,,,,,,,,,,,,,,,,,,,,,,,,,,,,,,,,,,
LOVETH,AYOBOLA,OMOTOSHO,,,,,,,,,,,1992-12-07,,,School University of Ibadan Students ::: * myContacts,* ,loveth.omotosho@yahoo.com,,,,,Other,+2347060983291,,0706 237 4136,,,,,,,,,,,,,,,,,,"Plot 34b, Block 15, Admiral Way, Lekki Phase 1,Lagos State. c/o Mr M. F. AdeyemiNo 1 Awofodun Street, Pedro Road, Bariga, Lagos State.
NG","Plot 34b, Block 15, Admiral Way, Lekki Phase 1,Lagos State. c/o Mr M. F. AdeyemiNo 1 Awofodun Street, Pedro Road, Bariga, Lagos State.",,,,,NG,,,,,,,,,,,,,,,,,,,,,,,,,,,,,,,,,
LUCKY IFEANYI OGBONNA,,,,,,,,,,,,,1993-08-05,,,RCCG ::: * myContacts,,,,,,,Other,+2347061993230,,,,,,,,,,,,,,,,,,,,,,,,,,,,,,,,,,,,,,,,,,,,,,,,,,,,,,,,,,,
LUCKY OLATUNDE OMOWAYE,,,,,,,,,,,,,,,,* myContacts,,,,,,,Other,+2347033146790,,,,,,,,,,,,,,,,,,,,,,,,,,,,,,,,,,,,,,,,,,,,,,,,,,,,,,,,,,,
Lucy Attikpo,,,,,,,,,,,,,,,,* myContacts,* Other,setornam.attikpo69@gmail.com,,,,,Other,2330552082259,,,,,,,,,,,,,,,,,,,,,,,,,,,,,,,,,,,,,,,,,,,,,,,,,,,,,,,,,,,
Lydia Awentiirim Awumbiisi,,,,,,,,,,,,,,,,* myContacts,* Other,awumbiisilydia@gmail.com,,,,,Other,233246583571,,,,,,,,,,,,,,,,,,,,,,,,,,,,,,,,,,,,,,,,,,,,,,,,,,,,,,,,,,,
Lydia Efobi,,,,,,,,,,,,,,,,* myContacts,* Other,lydiaefobi@gmail.com,,,,,Other,+2348134757412,,,,,,,,,,,,,,,,,,,,,,,,,,,,,,,,,,,,,,,,,,,,,,,,,,,,,,,,,,,
LYDIA,OLUWABUNMI,OLADIMEJI,,,,,,,,,,,2018-05-08,,https://lh3.googleusercontent.com/contacts/AG6tpzEsZH1pR9SswspIhMtMX9DD7MU0IZe3ooHUPqg4S4sHt2fhIrUn,* myContacts,,,,,,,Mobile,+2348164798540,,,,,,,,,,,,,,,,,,,,,,,,,,,,,,,,,,,,,,,,,,,,,,,,,,,,,,,,,,,
MABUB,,ISMAIL,,,,,,,,,,,2025-03-31,,,KBI Parents ::: * myContacts,,,,,,,,0813 087 3611 ::: 0905 237 8755,,,,,,,,,,,,,,,,,,,,,,,,,,,,,,,,,,,,,,,,,,,,,,,,,,,,,,,,,,,
Mam Marie Darboe,,,,,,,,,,,,,,,,* myContacts,* Other,darboeyaikah@gmail.com,,,,,Other,2204065554,,,,,,,,,,,,,,,,,,,,,,,,,,,,,,,,,,,,,,,,,,,,,,,,,,,,,,,,,,,
Mamudou Bojang,,,,,,,,,,,,,,,,* myContacts,* Other,mamudoubojang17@gmail.com,,,,,Other,2203677440,,,,,,,,,,,,,,,,,,,,,,,,,,,,,,,,,,,,,,,,,,,,,,,,,,,,,,,,,,,
MARGARET IBUKUN,DOLAPO,OGUNGBAYI,,,,,,Hybeekay,,,,,,,https://lh3.googleusercontent.com/contacts/AG6tpzHAmMH32yn_j0x_OUFaveysTWPWXE_-vCizeiDhpS9BZRyKm3E5,* myContacts,,,,,,,Mobile,+234 705 987 5920,,,,,,,,,,,,,,,,,,,Home,Nigeria,,,,,,Nigeria,,,,,,,,,,,,,,,,,,,,,,,,,,,,,,,,,
MARIAM,,LOAN,,,,,,,,,,,,,,* myContacts,,,,,,,Mobile,+2349117186736,,,,,,,,,,,,,,,,,,,,,,,,,,,,,,,,,,,,,,,,,,,,,,,,,,,,,,,,,,,
Mariam Naa Dedei ARYEETEY,,,,,,,,,,,,,,,,* myContacts,* Other,official.mariam.one@gmail.com,,,,,Other,233553985411,,,,,,,,,,,,,,,,,,,,,,,,,,,,,,,,,,,,,,,,,,,,,,,,,,,,,,,,,,,
Marjan Issah,,,,,,,,,,,,,,,,* myContacts,* Other,marjanissah35@gmail.com,,,,,Other,233245095218,,,,,,,,,,,,,,,,,,,,,,,,,,,,,,,,,,,,,,,,,,,,,,,,,,,,,,,,,,,
MARTIN,,ADEBOWALE,,,,,,,,,,,2016-08-27,,,KBI Parents ::: * myContacts,,,,,,,,0816 551 9429,,,,,,,,,,,,,,,,,,,,,,,,,,,,,,,,,,,,,,,,,,,,,,,,,,,,,,,,,,,
MARVELLOUS & OBALOLUWA,QUADRI & MUHAMMED,EMIOLA,,,,,,,,,,,,,,KBI Parents ::: * myContacts,,,,,,,,0805 794 4112,,,,,,,,,,,,,,,,,,,,,,,,,,,,,,,,,,,,,,,,,,,,,,,,,,MARVELLOUS,2022-01-17,OBALOLUWA,2020-07-20,,,,,,
MARVELLOUS IYANUOLUWAOLUWA HADASSAH OLUWADUNSIN,,,,,,,,,,,,,2024-05-18,,,RCCG ::: * myContacts,* Home,marvellousdunsin12@gmail.com,,,,,Work,+2347050287198,Mobile,+2348131533913,Other,+2348131533913,,,,,,,,,,,,,,,,,,,,,,,,,,,,,,,,,,,,,,,,,,,,,,,,,,,,,,,
MARY ADELEKE,,,,,,,,,,,,, --11-07,,,RCCG ::: * myContacts,,,,,,,Other,+2348142273660,,,,,,,,,,,,,,,,,,,,,,,,,,,,,,,,,,,,,,,,,,,,,,,,,,,,,,,,,,,
MARY BETUS GABRIEL,,,,,,,,,,,,, --01-03,,,RCCG ::: * myContacts,,,,,,,Other,+2349138778995,,,,,,,,,,,,,,,,,,,,,,,,,,,,,,,,,,,,,,,,,,,,,,,,,,,,,,,,,,,
MARY NURSE MONISOLA OLUWOLE,,,,,,,,,,,,,,,,* myContacts,,,,,,,Mobile,+18325358770,Other,+18325358770,,,,,,,,,,,,,,,,,,,,,,,,,,,,,,,,,,,,,,,,,,,,,,,,,,,,,,,,,
MARY OLUWASHINA,,,,,,,,,,,,, --05-14,,,RCCG ::: * myContacts,,,,,,,Other,+2348164484475,,,,,,,,,,,,,,,,,,,,,,,,,,,,,,,,,,,,,,,,,,,,,,,,,,,,,,,,,,,
MARY,OLUWATOFUNMI,ADEDINI,,,,,,,,,,,2013-12-29,,,KBI Parents ::: * myContacts,,,,,,,,0803 259 1241 ::: 0805 803 7618,,,,,,,,,,,,,,,,,,,,,,,,,,,,,,,,,,,,,,,,,,,,,,,,,,,,,,,,,,,
MARY TAIWO,,,,,,,,,,,,,2024-10-23,,,RCCG ::: * myContacts,,,,,,,Mobile,+2349032551578,Other,+2349032551578,,,,,,,,,,,,,,,,,,,,,,,,,,,,,,,,,,,,,,,,,,,,,,,,,,,,,,,,,
MARYAMU JOSHUA,,,,,,,,,,,,,,,,RCCG ::: * myContacts,,,,,,,Mobile,+2349063749784,Other,+2349063749784,,,,,,,,,,,,,,,,,,,,,,,,,,,,,,,,,,,,,,,,,,,,,,,,,,,,,,,,,
Master,,Break Akingbile,,,,,,,,,,,,,,Businesses ::: * myContacts,,,,,,,Mobile,+2348127120118,,,,,,,,,,,,,,,,,,,,Nigeria,Nigeria,,,,,,,,,,,,,,,,,,,,,,,,,,,,,,,,,,,,,,
Matar Samba,,,,,,,,,,,,,,,,* myContacts,* Other,matarsamba6@gmail.com,,,,,Other,2203700632,,,,,,,,,,,,,,,,,,,,,,,,,,,,,,,,,,,,,,,,,,,,,,,,,,,,,,,,,,,
Matthew Adebisi,,,,,,,,,,,,,,,,* myContacts,* Other,madewal52@gmail.com,,,,,Other,+2347058762577,,,,,,,,,,,,,,,,,,,,,,,,,,,,,,,,,,,,,,,,,,,,,,,,,,,,,,,,,,,
MATTHEW,OLUWA DAMILARE,ADEGUNLOLA,,,,,,,,,,,,,,TESCOM ::: * myContacts,,,,,,,Mobile,+2348148133023,Other,+2348148133023,,,,,,,,,,,,,,,,,,,,,,,,,,,,,,,,,,,,,,,,,,,,,,,,,,,,,,,,,
Maureen Amaechi,,,,,,,,,,,,,,,,* myContacts,* Other,maurreenamaechi@gmail.com,,,,,Other,+2348072380412,,,,,,,,,,,,,,,,,,,,,,,,,,,,,,,,,,,,,,,,,,,,,,,,,,,,,,,,,,,
Mavis Mavthenaldo,,,,,,,,,,,,,,,,* myContacts,* Other,mavismavthenaldo@gmail.com,,,,,Other,2330558130815,,,,,,,,,,,,,,,,,,,,,,,,,,,,,,,,,,,,,,,,,,,,,,,,,,,,,,,,,,,
MAYOWA,,ADEBAYO,,,,,,,,,,,,,,TESCOM AGBIRIGIDI ::: * myContacts,,,,,,,Mobile,+2348062202443,,,,,,,,,,,,,,,,,,,,,,,,,,,,,,,,,,,,,,,,,,,,,,,,,,,,,,,,,,,
Mayowa Adewuyi,,,,,,,,,,,,,,,,* myContacts,* Other,debravura@gmail.com,,,,,Mobile,+2347067729253,Other,+2347067729253,,,,,,,,,,,,,,,,,,,,,,,,,,,,,,,,,,,,,,,,,,,,,,,,,,,,,,,,,
MAYOWA,MOSES,OLALEYE,,,,,,,,,,, --08-21,,,KBI Staff ::: * myContacts,,,,,,,Mobile,+2348078360902,,,,,,,,,,,,,,,,,,,,,,,,,,,,,,,,,,,,,,,,,,,,,,,,,,,,,,,,,,,
MAYOWA OLUWAFEMI,,,,,,,,,,,,,2024-09-23,,,RCCG ::: * myContacts,,,,,,,Mobile,+2349118228491,Other,+2349118228491,,,,,,,,,,,,,,,,,,,,,,,,,,,,,,,,,,,,,,,,,,,,,,,,,,,,,,,,,
Mbah Nadine Abefoin,,,,,,,,,,,,,,,,* myContacts,* Other,mbahnadine52@gmail.com,,,,,Other,237652569376,,,,,,,,,,,,,,,,,,,,,,,,,,,,,,,,,,,,,,,,,,,,,,,,,,,,,,,,,,,
Mbara Cham,,,,,,,,,,,,,,,,* myContacts,* Other,cmbara88@gmail.com,,,,,Other,6282249122497,,,,,,,,,,,,,,,,,,,,,,,,,,,,,,,,,,,,,,,,,,,,,,,,,,,,,,,,,,,
Mbinkar Evadine,,,,,,,,,,,,,,,,* myContacts,* Other,mbinkarevadine@gmail.com,,,,,Other,237674868176,,,,,,,,,,,,,,,,,,,,,,,,,,,,,,,,,,,,,,,,,,,,,,,,,,,,,,,,,,,
MC  AJAKAYE,,,,,,,,,,,,,,,,* myContacts,,,,,,,Mobile,+2348134593410,Other,+2348134593410,,,,,,,,,,,,,,,,,,,,,,,,,,,,,,,,,,,,,,,,,,,,,,,,,,,,,,,,,
MELROSE PUBLISHERS,,,,,,,,,,,,,,,,* myContacts,,,,,,,Mobile,+2348061383468,Work,+2348074889044 ::: +2348074889044,Other,+2348074889044,,,,,,,,,,,,,,,,,,,,,,,,,,,,,,,,,,,,,,,,,,,,,,,,,,,,,,,
MERCY & LEAH,,ADENEGAN,,,,,,,,,,,,,,KBI Ex Parents ::: * myContacts,,,,,,,Other,+2347042103974,,0802 070 2496,,,,,,,,,,,,,,,,,,,,,,,,,,,,,,,,,,,,,,,,,,,,,,,,MERCY,2018-03-01,LEAH,2020-08-15,,,,,,
MERCY EMMANUEL,,,,,,,,,,,,,,,,RCCG ::: * myContacts,* Home,mercymicmalfashion01@gmail.com,,,,,Mobile,+2348135589083,Other,+2348135589083,,,,,,,,,,,,,,,,,Home,Nigeria,,,,,,Nigeria,,,,,,,,,,,,,,,,,,,,,,,,,,,,,,,,Photo,https://lh3.googleusercontent.com/contacts/ABsqplskArkcPczpWDprV6_ZK1hMh8eIia7b_925EXwx72MddVZ6ScJe
MERCY JANE MOSES,,,,,,,,,,,,,1996-09-16,,,KBI Ex Staff ::: * myContacts,* Other,janemoses695@gmail.com,,,,,Other,+2348031920156,,,,,,,,,,,,,,,,,,,,,,,,,,,,,,,,,,,,,,,,,,,,,,,,,,,,,,,,,,,
MERCY JEREMIAH,,,,,,,,,,,,,,,,RCCG ::: * myContacts,,,,,,,Mobile,+2348099007974,Other,+2348099007974,,,,,,,,,,,,,,,,,,,,,,,,,,,,,,,,,,,,,,,,,,,,,,,,,,,,,,,,,
MERCY,OYADOYIN,OMOWUNMI,,,,,,,,,,,,,https://lh3.googleusercontent.com/contacts/AG6tpzFxivXbtRRzzFaGWFdFOvgW6kt_R4o8Xv6xox0cw2lI9Sy-WSaO,* myContacts,* Home,mercyomowunmi2@gmail.com,,,,,Mobile,+234 706 519 8528,Work,+234 701 533 4494,,,,,,,,,,,,,,,,,,Nigeria,,,,,,Nigeria,,,,,,,,,,,,,,,,,,,,,,,,,,,,,,,,,
MERCY,REBECCA,ATAYERO,,,,,,,,,,,1992-05-18,,https://lh3.googleusercontent.com/contacts/AG6tpzHfA947L0caR5-_ww2BQ6tEFgWouw19TFejBuv1okUMaJdI2xT8,* myContacts,,,,,,,Mobile,+234 805 215 6000 ::: +2348106445230,,,,,,,,,,,,,,,,,,,,,,,,,,,,,,,,,,,,,,,,,,,,,,,,,,,,,,,,,,,
Mfon Isongidok,,,,,,,,,,,,,,,,* myContacts,* Other,mmisongidok@gmail.com,,,,,Other,+2347038424760,,,,,,,,,,,,,,,,,,,,,,,,,,,,,,,,,,,,,,,,,,,,,,,,,,,,,,,,,,,
MICHAEL,,AYODELE,,,,,,,,,,,2020-11-17,Playgroup 1,,KBI Ex Parents ::: * myContacts,* ,muyiwaayodele82@gmail.com,,,,,Mobile,+234 913 488 2426 ::: +234 807 638 5102,Other,+2349066702197,,,,,,,,,,,,,,,,,Home,NG,,,,,,NG,,,,,,,,,,,,,,,,,,,,,,,,,,,,,,,,,
MICHAEL BEST OYEKOLA,,,,,,,,,,,,,,,,TESCOM ::: * myContacts,,,,,,,Mobile,+2348116604804,,,,,,,,,,,,,,,,,,,,,,,,,,,,,,,,,,,,,,,,,,,,,,,,,,,,,,,,,,,
Michael Bonsu Osei,,,,,,,,,,,,,,,,* myContacts,* Other,mbonsuosei13@gmail.com,,,,,Other,233547548021,,,,,,,,,,,,,,,,,,,,,,,,,,,,,,,,,,,,,,,,,,,,,,,,,,,,,,,,,,,
MICHAEL HEMEN,,,,,,,,,,,,,,,,* myContacts,* Home,hemenmonterakosu@gmail.com,,,,,Mobile,+2348142148630,Other,+2348142148630,,,,,,,,,,,,,,,,,Home,NG,,,,,,NG,,,,,,,,,,,,,,,,,,,,,,,,,,,,,,,,,
Michael Ojo,,,,,,,,,,,,,,,,* myContacts,* Other,michael.ojo@localpathways.org,,,,,Other,+2348065461744,,,,,,,,,,,,,,,,,,,,,,,,,,,,,,,,,,,,,,,,,,,,,,,,,,,,,,,,,,,
MICHAEL OLATUNJI,,,,,,,,,,,,,2024-06-29,,,RCCG ::: * myContacts,,,,,,,Pager,080357939404,,,,,,,,,,,,,,,,,,,,,,,,,,,,,,,,,,,,,,,,,,,,,,,,,,,,,,,,,,,
MICHAEL OPEYEMI ADEOSUN,,,,,,,,,,EXCEEDING GRACE PUBLISHERS,,,,,,Businesses ::: * myContacts,,,,,,,Pager,+2348066741910,Other,+2348066741910,,,,,,,,,,,,,,,,,,,,,,,,,,,,,,,,,,,,,,,,,,,,,,,,,,,,,,,,,
"MICHAEL, MISHAEL & JEDIDIAH",,JOHN,,,,,,,,,,,,,,KBI Parents ::: * myContacts,* ,KEMIRUTH005@GMAIL.COM,,,,,Other,+2348036442429 ::: +2348168484850,,,,,,,,,,,,,,,,,,,,,,,,,,,,,,,,,,,,,,,,,,,,,,,,,,MICHAEL & MISHAEL,2022-04-21,JEDIDIAH,2019-02-08,,,,,,
MICHEAL ,,OLALERE ,,,,,,,,Embraiz Collections,,,,,,* myContacts,* Home,michealolalere1@gmail.com,,,,,Other,+2347038176348,Mobile,+2349123620047,,,,,,,,,,,,,,,,,Home,NG ::: NG, ::: , ::: , ::: , ::: , ::: ,NG ::: NG, ::: ,,,,,,,,,,,,,,,,,,,,,,,,,,,,,,,,
Michelle Dafiaghor,,,,,,,,,,,,,,,,* myContacts,* Other,mimidafiaghor@gmail.com,,,,,Other,231888803168,,,,,,,,,,,,,,,,,,,,,,,,,,,,,,,,,,,,,,,,,,,,,,,,,,,,,,,,,,,
Millicent Iye Koiwa,,,,,,,,,,,,,,,,* myContacts,* Other,millicentkoiwa@gmail.com,,,,,Other,23234693094,,,,,,,,,,,,,,,,,,,,,,,,,,,,,,,,,,,,,,,,,,,,,,,,,,,,,,,,,,,
MIRACLE AJUMOBI,,,,,,,,,,,,,1999-06-10,,,RCCG ::: * myContacts,* Other,adeniyimiracle93@gmail.com,Other,miracleajumobi@gmail.com,,,Mobile,+2348070936348,Other,+2348070936348 ::: +2348147320962,,,,,,,,,,,,,,,,,,,,,,,,,,,,,,,,,,,,,,,,,,,,,,,,,,,,,,,,,
MIRACLE CHUKWUDI,,,,,,,,,,,,,,,,RCCG ::: * myContacts,,,,,,,Other,+2348136188250,,,,,,,,,,,,,,,,,,,,,,,,,,,,,,,,,,,,,,,,,,,,,,,,,,,,,,,,,,,
MIRACLE OLUEBUBE AJOKA,,,,,,,,,,,,,,,,RCCG ::: * myContacts,,,,,,,Other,+2347064740935,,,,,,,,,,,,,,,,,,,,,,,,,,,,,,,,,,,,,,,,,,,,,,,,,,,,,,,,,,,
MIRACLE ,,ONOJA,,,,,,,,,CIVIL SERVANT / BUSINESSWOMAN,,2013-03-14,,,KBI Parents ::: * myContacts,* ,onojaclementa@gmail.com,,,,,Other,+2348067984771 ::: +2348032803688,,0906 357 6762,,,,,,,,,,,,,,,,,Other,"APAPA ESTATENO 62
MONIYA
NG",APAPA ESTATENO 62,MONIYA,,,,NG,,,,,,,,,,,,,,,,,,,,,,,,,,,,,,,,,
MODADEOBA,,OGUNYEMI,,,,,,,,,,,2022-09-12,,,KBI Ex Parents ::: * myContacts,* ,profluvtimileyin1@gmail.com,,,,,Other,+2348094929809 ::: +2348124539997,,,,,,,,,,,,,,,,,,,,,,,,,,,,,,,,,,,,,,,,,,,,,,,,,,,,,,,,,,,
MOJIMORIRE DORCAS AJIBOYE,,,,,,,,,,,,,2024-02-11,,,KBI Ex Parents ::: * myContacts,* Home,cooldammy795@gmail.com,,,,,Mobile,+2348030768826,Work,+2349050767320 ::: +2349050767320,Other,+2349050767320,,,,,,,,,,,,,,,,,,,,,,,,,,,,,,,,,,,,,,,,,,,,,,,,,,,,,,,
MOJISOLA A.,,ADENIYI,,,,PROFESSOR,,,,,,,,,,School University of Ibadan Staff ::: * myContacts,* Home,mojisolaadeniyi@yahoo.com,,,,,Mobile,+2348033579081,Other,+2348033579081,,,,,,,,,,,,,,,,,,,,,,,,,,,,,,,,,,,,,,,,,,,,,,,,,,,,,,,,,
MOJISOLA,,ADISA,,,,,,,,,,,,,,* family ::: * myContacts ::: * starred,,,,,,,Mobile,+13093507111,,,,,,,,,,,,,,,,,,,,,,,,,,,,,,,,,,,,,,,,,,,,,,,,,,Anniversary,2025-06-21,,,,,,,,
MONSUR,,DABIRI,,,,,,,,,,,,,https://lh3.googleusercontent.com/contacts/AG6tpzHN8iyd0iAll65wrMboTnkZ0PjE2Zg91FqY7_5LI9PjpQ4jUzeI,School University of Ibadan Students ::: * myContacts,* Home,senmola.dabiri@gmail.com,,,,,Mobile,+2348122522767,,,,,,,,,,,,,,,,,,,,Nigeria,,,,,,Nigeria,,,,,,,,,,,,,,,,,,,,,,,,,,,,,,,,,
MOORE,,OLATUNDE,,,,,,,,,,,2018-09-11,,,RCCG ::: * myContacts,* ,DUSTORMORE@YAHOO.COM,,,,,Other,0029999685,Work,+2347066854323,Mobile,+2348029616330,Home,+2348173539538,,0029999685,,,,,,,,,,,,,,,,,,,,,,,,,,,,,,,,,,,,,,,,,,,,,,,,,,Photo,https://lh3.googleusercontent.com/contacts/ABsqplvoo6Z4oFPbH0uDovuurN9-5Ojqn8dL_7YswCFl6JOS5nkqpwyZ
MORENIKEJI,,,,,,,,,,,,,,,,RCCG ::: * myContacts,,,,,,,Mobile,+2348065940799,Other,+2348065940799,,,,,,,,,,,,,,,,,,,,,,,,,,,,,,,,,,,,,,,,,,,,,,,,,,,,,,,,,
MOSES ADESUYIGBE,,,,,,,,,,,,,,,,RCCG ::: * myContacts,,,,,,,Mobile,+2348160760108,Other,+2348160760108,,,,,,,,,,,,,,,,,,,,,,,,,,,,,,,,,,,,,,,,,,,,,,,,,,,,,,,,,
MOSES AWOYEMI,,,,,,,,,,,,,,,,Relatives ::: * myContacts,,,,,,,Other,+2348135758985,,,,,,,,,,,,,,,,,,,,,,,,,,,,,,,,,,,,,,,,,,,,,,,,,,,,,,,,,,,
MOSES OLUWASEUN OLATUNDE,,,,,,,,,,,,,2019-08-19,,,RCCG ::: * myContacts,,,,,,,Mobile,+2348039460424,Other,+2348039460424,,,,,,,,,,,,,,,,,,,,,,,,,,,,,,,,,,,,,,,,,,,,,,,,,,,,,,,,,
MOTUNRAYO,,FRANCIS,,,,,,,,KBI Schools,,,1993-02-06,,https://lh3.googleusercontent.com/contacts/AG6tpzFPTPwJDfVxg7eataGcFcTWRqoQ-NC8RtIuHhl-PG3dVTD1LtX9,KBI Ex Staff ::: * myContacts,* ,francismotunrayo123@gmail.com,,,,,Mobile,+234 806 764 4660,,,,,,,,,,,,,,,,,,,,Nigeria,,,,,,Nigeria,,,,,,,,,,,,,,,,,,,,,,,,,,,,,,,,,
Mr Salami Awal,,,,,,,,,,,,,,,,* myContacts,,,,,,,Mobile,+2348032309906,Other,+2348032309906,,,,,,,,,,,,,,,,,,,,,,,,,,,,,,,,,,,,,,,,,,,,,,,,,,,,,,,,,
Mrs,,ADISA,,,,,,,,,,,,,,Relatives ::: * myContacts,,,,,,,Mobile,+234 803 384 0821,,,,,,,,,,,,,,,,,,,,Nigeria,,,,,,Nigeria,,,,,,,,,,,,,,,,,,,,,,,,,,,,,,,,,
Mrs AKINHONMHIN,,,,,,,,,,,,,,,,Businesses ::: RCCG ::: * myContacts,,,,,,,Mobile,+234 803 727 0823,,,,,,,,,,,,,,,,,,,Home,NG,,,,,,NG,,,,,,,,,,,,,,,,,,,,,,,,,,,,,,,,,
Mrs EMEGBO,,,,,,,,,,,,,,,,KBI Ex Staff ::: * myContacts,,,,,,,Mobile,+2347066301211,Other,+2347066301211,,,,,,,,,,,,,,,,,Home,NG,,,,,,NG,,,,,,,,,,,,,,,,,,,,,,,,,,,,,,,,,
Mubarak Jolayemi Mustapha,,,,,,,,,,,,,,,,* myContacts,* Other,mustaphamubarakjolayemi@gmail.com,,,,,Other,+2348068823814,,,,,,,,,,,,,,,,,,,,,,,,,,,,,,,,,,,,,,,,,,,,,,,,,,,,,,,,,,,
MUBARAK OLAWALE MOSHOOD,,,,,,,,,,,,,,,,TESCOM ::: * myContacts,,,,,,,Mobile,+2349069232672,Other,+2349069232672,,,,,,,,,,,,,,,,,,,,,,,,,,,,,,,,,,,,,,,,,,,,,,,,,,,,,,,,,
MUHAMMED,,ABDULLATEEF,,,,,,,,,,,2012-02-11,,,KBI Parents ::: * myContacts,,,,,,,Other,+2348026157922,,0913 515 4677,,,,,,,,,,,,,,,,,,,,,,,,,,,,,,,,,,,,,,,,,,,,,,,,,,,,,,,,,
MUJIBAH ISA,,,,,,,,,,,,,2014-02-08,,,KBI Ex Parents ::: * myContacts,,,,,,,Other,+2349112367601,,,,,,,,,,,,,,,,,,,,,,,,,,,,,,,,,,,,,,,,,,,,,,,,,,,,,,,,,,,
MUM WALE ADESINA,,,,,,,,,,,,,,,,* myContacts,,,,,,,Other,+2348072734980,,,,,,,,,,,,,,,,,,,,,,,,,,,,,,,,,,,,,,,,,,,,,,,,,,,,,,,,,,,
MUM WISDOM,,,,,,,,,,,,,,,,* myContacts,,,,,,,Mobile,+2348065616683,Other,+2348065616683,,,,,,,,,,,,,,,,,,,,,,,,,,,,,,,,,,,,,,,,,,,,,,,,,,,,,,,,,
MUMINAT ADEBOLA AYOMIDE ADEKUNLE,,,,,,,,,,,,,2014-02-07,,,KBI Parents ::: * myContacts,,,,,,,Mobile,+2348063582621,Other,+2348063582621,,,,,,,,,,,,,,,,,,,,,,,,,,,,,,,,,,,,,,,,,,,,,,,,,,,,,,,,,
Muritala Abdulrahman Ministry Of Education,,,,,,,,,,,,,,,,* myContacts,,,,,,,Mobile,+2348085676899,Other,+2348085676899,,,,,,,,,,,,,,,,,,,,,,,,,,,,,,,,,,,,,,,,,,,,,,,,,,,,,,,,,
Murna Kwaji,,,,,,,,,,,,,,,,* myContacts,* Other,murnahannah49@gmail.com,,,,,Other,+2347035833908,,,,,,,,,,,,,,,,,,,,,,,,,,,,,,,,,,,,,,,,,,,,,,,,,,,,,,,,,,,
Mustapha Muhammed,,,,,,,,,,,,,,,,* myContacts,* Other,muhammedmustapha37@gmail.com,,,,,Other,+2348167864665,,,,,,,,,,,,,,,,,,,,,,,,,,,,,,,,,,,,,,,,,,,,,,,,,,,,,,,,,,,
MUTIAT,OMOWUMI,ADENIRAN,,,,,,,,,,,2000-07-10,,,KBI Staff ::: * myContacts,* ,adeniranoyindamola512@gmail.com,,,,,Other,+2348087156406,,,,,,,,,,,,,,,,,,,,"Apapa Road
Moniya
Oyo
200136
NG",Apapa Road,Moniya,,YO,200136,NG,,,,,,,,,,,,,,,,,,,,,,,,,,,,,,,,,
MUTIU FAWAZ,,,,,,,,,,,,,,,,* myContacts,* Other,fawazadeshina74@gmail.com,,,,,Other,+2347068881682,,,,,,,,,,,,,,,,,,,,,,,,,,,,,,,,,,,,,,,,,,,,,,,,,,,,,,,,,,,
MUTIU ISAU,,,,,,,,,,,,,,,,* myContacts,* Other,mutiuisau46@gmail.com,,,,,Other,+2348068115248,,,,,,,,,,,,,,,,,,,,,,,,,,,,,,,,,,,,,,,,,,,,,,,,,,,,,,,,,,,
MUYIWA,,AWOYEMI,,,,,,,,,,,,,https://lh3.googleusercontent.com/contacts/AG6tpzFWoVbn5XNRqK82fFwkFcBfghZNuchNkBOEK9ENcXxkupeMWMcy,Relatives ::: * myContacts,* Home,olumuyiwaayodele4@gmail.com,,,,,Other,+234 803 592 4728,Home,+234 817 661 2350,,,,,,,,,,,,,,,,,Home,Nigeria,,,,,,Nigeria,,,,,,,,,,,,,,,,,,,,,,,,,,,,,,,,,
Naa Adjeley Tagoe,,,,,,,,,,,,,,,,* myContacts,* Other,naatagoe87@gmail.com,,,,,Other,233543920670,,,,,,,,,,,,,,,,,,,,,,,,,,,,,,,,,,,,,,,,,,,,,,,,,,,,,,,,,,,
Nafisat Temilola Abdulazeez,,,,,,,,,,,,,,,,* myContacts,* Other,nafisatabdulazeez063@gmail.com,,,,,Other,+2347039050952,,,,,,,,,,,,,,,,,,,,,,,,,,,,,,,,,,,,,,,,,,,,,,,,,,,,,,,,,,,
Nancy Akyea,,,,,,,,,,,,,,,,* myContacts,* Other,ajoayaale@gmail.com,,,,,Other,233595242434,,,,,,,,,,,,,,,,,,,,,,,,,,,,,,,,,,,,,,,,,,,,,,,,,,,,,,,,,,,
NARIA,DELIGHT,ABUDU,,,,,,,,,,,1997-07-29,,,KBI Ex Staff ::: * myContacts,* ,nariaabudul@gmail.com,,,,,,+234 810 956 4673,,,,,,,,,,,,,,,,,,,,,,,,,,,,,,,,,,,,,,,,,,,,,,,,,,,,,,,,,,,
NAZIFI DAYYABU,,,,,,,,,,,,,,,,* myContacts,* Other,dayyabunazifi1@gmail.com,,,,,Mobile,+2348031369434,Other,+2348031369434,,,,,,,,,,,,,,,,,,,,,,,,,,,,,,,,,,,,,,,,,,,,,,,,,,,,,,,,,
Naziha Gombilla Amin,,,,,,,,,,,,,,,,* myContacts,* Other,naziha.amin2018@gmail.com,,,,,Mobile,+233558364350,Other,233558364350,,,,,,,,,,,,,,,,,,,,,,,,,,,,,,,,,,,,,,,,,,,,,,,,,,,,,,,,,
NESCO BOOKSHOP BEERE,,,,,,,,,,,,,,,,* myContacts,,,,,,,Mobile,+2348105120996,Other,+2348105120996,,,,,,,,,,,,,,,,,,,,,,,,,,,,,,,,,,,,,,,,,,,,,,,,,,,,,,,,,
NEWMAN ABASIANAM BETHEL,,,,,,,,,,,,,,,,* myContacts,* Other,bethelnewman@gmail.com,,,,,Other,+2347032992752,,,,,,,,,,,,,,,,,,,,,,,,,,,,,,,,,,,,,,,,,,,,,,,,,,,,,,,,,,,
Nfor Calvin Tata,,,,,,,,,,,,,,,,* myContacts,* Other,nforcalvin10@gmail.com,,,,,Other,237673351290,,,,,,,,,,,,,,,,,,,,,,,,,,,,,,,,,,,,,,,,,,,,,,,,,,,,,,,,,,,
Nifemi Mtv,,,,,,,,,,,,,,,,* myContacts,,,,,,,Other,+2348029965520,,,,,,,,,,,,,,,,,,,,,,,,,,,,,,,,,,,,,,,,,,,,,,,,,,,,,,,,,,,
NIKE,,ADEWUYI,,,,,,,,,,,,,,Techbase Customers ::: * myContacts,,,,,,,Mobile,+17573890770,,,,,,,,,,,,,,,,,,,,"Norfolk, VA
United States",,Norfolk,,VA,,United States,,,,,,,,,,,,,,,,,,,,,,,,ERIOLUWA,2011-08-17,INIOLUWA,2018-05-03,,,,,,
NIYI,,AKINYANJU,,,,,,,,AKINYELE LG,,,,,https://lh3.googleusercontent.com/contacts/AG6tpzFg-GzI_hibVf47sCX_7eLncQV1yo6A1kDYTJzi1gf3eHHjvCbK,Businesses ::: * myContacts,* Home,akinyanjuniyi@gmail.com,,,,,Other,+2348062563729,,,,,,,,,,,,,,,,,,,,Nigeria,,,,,,Nigeria,,,,,,,,,,,,,,,,,,,,,,,,,,,,,,,,,
NIYI IJALUSI,,,,,,,,,,,,,,,,* myContacts,* Other,niyiijalusi@gmail.com,,,,,Mobile,+2347068815457,Other,+2347068815457,,,,,,,,,,,,,,,,,,,,,,,,,,,,,,,,,,,,,,,,,,,,,,,,,,,,,,,,,
NNAMDI,,JIBIRI,,,,PROFESSOR,,,,,,,,,https://lh3.googleusercontent.com/contacts/AG6tpzEM-i4YDC-z5496zinJXiDtJw4obK7hmtCF1STYfd_6vIx_bGRo,School University of Ibadan Staff ::: * myContacts,* Home,nnjibiri@gmail.com,Work,jibirinn@yahoo.com,,,Mobile,+234 803 499 7035,,,,,,,,,,,,,,,,,,,,,,,,,,,,,,,,,,,,,,,,,,,,,,,,,,,,,,,,,,,
NOEL THAMES,,,,,,,,,,,,,,,,Techbase Customers Ex ::: * myContacts,,,,,,,Pager,+2349039742403,Other,+2349039742403,,,,,,,,,,,,,,,,,,,,,,,,,,,,,,,,,,,,,,,,,,,,,,,,,,,,,,,,,
NOSA GEORGE IMARHIAGBE,,,,,,,,,,,,,1996-03-23,,,KBI Ex Staff ::: * myContacts,* Home,nosageorge0@gmail.com,,,,,Mobile,+2348108596615,Other,+2348108596615,,,,,,,,,,,,,,,,,,,,,,,,,,,,,,,,,,,,,,,,,,,,,,,,,,,,,,,,,
Nosakhare Omorovbiye Emmanuella,,,,,,,,,,,,,,,,* myContacts,* Other,ellaomo887@gmail.com,,,,,Other,+2348061159798,,,,,,,,,,,,,,,,,,,,,,,,,,,,,,,,,,,,,,,,,,,,,,,,,,,,,,,,,,,
Nosyandé Boukaré Sawadogo,,,,,,,,,,,,,,,,* myContacts,* Other,boubasawadogo682@gmail.com,,,,,Other,22675341712,,,,,,,,,,,,,,,,,,,,,,,,,,,,,,,,,,,,,,,,,,,,,,,,,,,,,,,,,,,
Nura Muhammad,,,,,,,,,,,,,,,,* myContacts,* Other,nuramuhammada1990@gmail.com,,,,,Other,+2347033089490,,,,,,,,,,,,,,,,,,,,,,,,,,,,,,,,,,,,,,,,,,,,,,,,,,,,,,,,,,,
Nura Yusuf,,,,,,,,,,,,,,,,* myContacts,* Other,nurayusuf20ny@gmail.com,,,,,Other,+2349167605367,,,,,,,,,,,,,,,,,,,,,,,,,,,,,,,,,,,,,,,,,,,,,,,,,,,,,,,,,,,
NURUDEEN DANJUMA,,,,,,,,,,,,,,,,Relatives ::: * myContacts,,,,,,,Mobile,+2348026233523,Other,+2348026233523,,,,,,,,,,,,,,,,,,,,,,,,,,,,,,,,,,,,,,,,,,,,,,,,,,,,,,,,,
OBADEYI KHALIFAT BOLUWATIFE,,,,,,,,,,,,,,,,* myContacts,* Other,khalifatobadeyi58@gmail.com,,,,,Mobile,+2347061651394,Other,+2347061651394,,,,,,,,,,,,,,,,,,,,,,,,,,,,,,,,,,,,,,,,,,,,,,,,,,,,,,,,,
OBALOLUWA,,OLUWAFEMI ,,,,,,,,,,,2025-04-17,,,KBI Ex Parents ::: * myContacts,,,,,,,Mobile,+234 806 126 7685,,,,,,,,,,,,,,,,,,,Home,Nigeria,,,,,,Nigeria,,,,,,,,,,,,,,,,,,,,,,,,,,,,,,,,,
OBINNA CHUKWUNENYE,,,,,,,,,,,,,2000-06-18,,,Techbase Customers Ex ::: * myContacts,* Home,obichris202@gmail.com,,,,,Mobile,+2348129614462,Other,+2348129614462,,,,,,,,,,,,,,,,,,,,,,,,,,,,,,,,,,,,,,,,,,,,,,,,,,,,,,,,,
OBIORA ANIKWU,,,,,,,,,,,,, --05-23,,,RCCG ::: * myContacts,,,,,,,Other,+2348167166054,Mobile,+2348167166053,,,,,,,,,,,,,,,,,,,,,,,,,,,,,,,,,,,,,,,,,,,,,,,,,,,,,,,,,
Odell Juah Nimene,,,,,,,,,,,,,,,,* myContacts,* Other,odnimene@gmail.com,,,,,Other,2310778021416 ::: +231778021416,,,,,,,,,,,,,,,,,,,,,,,,,,,,,,,,,,,,,,,,,,,,,,,,,,,,,,,,,,,
ODUNAYO,,ADEDOKUN,,,,,,,,,,,,,,TESCOM ::: * myContacts,* Home,adedokunodunayo@gmail.com,,,,,Mobile,+2348062833104,,,,,,,,,,,,,,,,,,,,Nigeria,,,,,,Nigeria,,,,,,,,,,,,,,,,,,,,,,,,,,,,,,,,,
ODUNAYO TIJESU KOFOWOROLA,,,,,,,,,,,,,,,,* myContacts,,,,,,,Mobile,+2348139290258,Other,+2348139290258,,,,,,,,,,,,,,,,,,,,,,,,,,,,,,,,,,,,,,,,,,,,,,,,,,,,,,,,,
ODUNOLA ADEOYE,,,,,,,,,,,,,2018-07-27,,,RCCG ::: * myContacts,* Other,JUSTMEADEOYE@YAHOO.COM,,,,,Mobile,+2349092484989,Work,+2349058839898 ::: +2349058839898,Other,+2349058839898,,,,,,,,,,,,,,,,,,,,,,,,,,,,,,,,,,,,,,,,,,,,,,Anniversary,2018-04-08,,,,,,,Photo,https://lh3.googleusercontent.com/contacts/ABsqplsh63-Y3K9J31wLIXagKPoLfLmac5tkIvDc3Y56aKH-HAqpKQnk
OFOFON,OKON,EYEFOH,,,,,,,,,,,,,,* myContacts,* ,ofoseyefoh@gmail.com,,,,,,08140022097,,,,,,,,,,,,,,,,,,,,,,,,,,,,,,,,,,,,,,,,,,,,,,,,,,,,,,,,,,,
Ogochukwu Jones Okolie,,,,,,,,,,,,,,,,* myContacts,* Other,hausdorffspace7@gmail.com,,,,,Other,+2348109164514,,,,,,,,,,,,,,,,,,,,,,,,,,,,,,,,,,,,,,,,,,,,,,,,,,,,,,,,,,,
OGUNDEYI,,OLUWAKEMI,,,,,,,,,,,,,,TESCOM ::: * myContacts,* Home,ogundeyilizzykem@gmail.com,,,,,Mobile,+2348066478695,,,,,,,,,,,,,,,,,,,,Nigeria,,,,,,Nigeria,,,,,,,,,,,,,,,,,,,,,,,,,,,,,,,,,
OGUNLADE ELIZABETH,,,,,,,,,,,,,,,,* myContacts,* Other,ogunladeelizabeth040@gmail.com,,,,,Other,+2347025286672,,,,,,,,,,,,,,,,,,,,,,,,,,,,,,,,,,,,,,,,,,,,,,,,,,,,,,,,,,,
OGUNSINA OLAWALE EMMANUEL,,,,,,,,,,,,,2022-01-24,,,RCCG ::: * myContacts,,,,,,,Mobile,+2347046537743,Other,+2347046537743,,,,,,,,,,,,,,,,,Home,NG,,,,,,NG,,,,,,,,,,,,,,,,,,,,,,,,,,,,,,,,,
OGUNTADE,,EBENEZER,,,,,,,,,,,,,https://lh3.googleusercontent.com/contacts/AG6tpzHXC7LRKCzvHkOu9BLvn7v30c6qA2fiIzTL_nd9NRauRRvcQuAK,Techbase Customers Ex ::: * myContacts,* Home,oluwatadeebenezer@gmail.com,,,,,Other,+234 703 231 0448,,,,,,,,,,,,,,,,,,,,,,,,,,,,,,,,,,,,,,,,,,,,,,,,,,,,,,,,,,,
OJEDELE,,,,,,,,,,,,,,,,* myContacts,,,,,,,Mobile,+2348033494374,Other,+2348033494374,,,,,,,,,,,,,,,,,,,,,,,,,,,,,,,,,,,,,,,,,,,,,,,,,,,,,,,,,
OKE,,OMOTAYO,,,,,,,,,,,,,,* myContacts,* ,Sokeojo@gmail.com,,,,,Other,+2348106086442,,,,,,,,,,,,,,,,,,,,,,,,,,,,,,,,,,,,,,,,,,,,,,,,,,,,,,,,,,,
OKE TAIWO OBALOLUWA,,,,,,,,,,,,,,,,* myContacts,* Other,oketaiwo97@gmail.com,,,,,Other,+2348062511981,,,,,,,,,,,,,,,,,,,,,,,,,,,,,,,,,,,,,,,,,,,,,,,,,,,,,,,,,,,
Okeugo Uchenna,,,,,,,,,,,,,,,,* myContacts,* Home,uchennaokeugo32@gmail.com,,,,,Mobile,+2348149009221,Other,+2348149009221,,,,,,,,,,,,,,,,,,Nigeria,,,,,,Nigeria,,,,,,,,,,,,,,,,,,,,,,,,,,,,,,,,,
OKIKE NMESOMA,,,,,,,,,,,,,2024-03-11,,,RCCG ::: * myContacts,* Home,okikenmesoma@gmail.com,,,,,Mobile,+2347039019113,Other,+2347039019113,,,,,,,,,,,,,,,,,,Nigeria,,,,,,Nigeria,,,,,,,,,,,,,,,,,,,,,,,,,,,,,,,,,
OKON OFOFON EYEFOH,,,,,,,,,,,,,,,,RCCG ::: * myContacts,* Other,ofoseyefoh@gmail.com,,,,,Mobile,+2348140022097,Other,+2348140022097,,,,,,,,,,,,,,,,,,,,,,,,,,,,,,,,,,,,,,,,,,,,,,,,,,,,,,,,,
OLABISI AJAYI,,,,,,,,,,BMHS IKOLA PARENT,,,,,,Techbase Customers Ex ::: * myContacts,,,,,,,Mobile,+2348029245879,Other,+2348029245879,,,,,,,,,,,,,,,,,,,,,,,,,,,,,,,,,,,,,,,,,,,,,,,,,,,,,,,,,
Olabisi Busayo Etuk,,,,,,,,,,,,,,,,* myContacts,* Other,olabisietuk@gmail.com,,,,,Other,+2347033761435,,,,,,,,,,,,,,,,,,,,,,,,,,,,,,,,,,,,,,,,,,,,,,,,,,,,,,,,,,,
OLADAPO ADELEKE,,,,,,,,,,,,,,,,School University of Ibadan Students ::: * myContacts,* Home,dapsungg@yahoo.com,,,,,Mobile,+2348097096018,Other,+2348097096018,,,,,,,,,,,,,,,,,,Nigeria,,,,,,Nigeria,,,,,,,,,,,,,,,,,,,,,,,,,,,,,,,,,
OLADAPO ISRAEL OLUYEMI,,,,,,,,,,,,,,,,* myContacts,* Other,yemi_isreal@yahoo.com,,,,,Home,+2348123185281,Work,+2348036002670,Other,+2349035251920,,,,,,,,,,,,,,,,,,,,,,,,,,,,,,,,,,,,,,,,,,,,,,,,,,,,,,,
OLADAPO,ISRAEL,OLUYEMI,,,,,,,,,,,1949-05-19,,https://lh3.googleusercontent.com/contacts/AG6tpzGcAvChrymy_yqWxQvc6Y3tXdrYMOD4fZlgl9kZ7dlHmR5EXa3k,* family ::: * myContacts ::: * starred,* INTERNET,YEMI_ISREAL@YAHOO.COM,INTERNET,YEMI_ISREAL@YAHOO.COM,,,Mobile,0903 525 1920 ::: 0904 606 0395,Work,0803 600 2670,Home,0812 318 5281,BVN,22220655961,,,,,,,,,,,,,,"No 21, Unit 4, Zone 2, Akingbile, Moniya
Ibadan
Oyo
200136
NG","No 21, Unit 4, Zone 2, Akingbile, Moniya",Ibadan,,Oyo,200136,NG,,,,,,,,,,,,,,,,,,,,,,,,Another Birthday (BVN),1962-07-19,,,,,,,,
OLADAPO ISRAEL OLUYEMI,,,,,,,,,,,,,,,,* myContacts,* Other,YEMI_ISREAL@YAHOO.COM,,,,,Home,+2348123185281,Mobile,+2349035251920,Work,+2348036002670 ::: +2348036002670,Other,2000335120,,,,,,,,,,,,,,,,,,,,,,,,,,,,,,,,,,,,,,,,,,,,,,,,,,,,,
OLADAPO ISRAEL OLUYEMI,,,,,,,,,,,,,,,,* myContacts,* Other,YEMI_ISREAL@YAHOO.COM,,,,,Home,+2348123185281,Mobile,+2349035251920,Work,+2348036002670 ::: +2348036002670,Other,2000335120,,,,,,,,,,,,,,,,,,,,,,,,,,,,,,,,,,,,,,,,,,,,,,,,,,,,,
OLADAPO ISRAEL OLUYEMI,,,,,,,,,,,,,,,,* myContacts,* Other,YEMI_ISREAL@YAHOO.COM,,,,,Home,+2348123185281,Mobile,+2349035251920,Work,+2348036002670,Other,+2348036002670,,,,,,,,,,,,,,,,,,,,,,,,,,,,,,,,,,,,,,,,,,,,,,,,,,,,,
OLADAPO ISRAEL OLUYEMI,,,,,,,,,,,,,,,,* myContacts,* Other,YEMI_ISREAL@YAHOO.COM,,,,,Home,+2348123185281,Mobile,+2349035251920,Work,+2348036002670,Other,+2348036002670,,,,,,,,,,,,,,,,,,,,,,,,,,,,,,,,,,,,,,,,,,,,,,,,,,,,,
OLADAPO ISRAEL OLUYEMI,,,,,,,,,,,,,,,,* myContacts,* Other,yemi_isreal@yahoo.com,,,,,Home,+2348123185281,Work,+2348036002670,Other,+2349035251920,,,,,,,,,,,,,,,,,,,,,,,,,,,,,,,,,,,,,,,,,,,,,,,,,,,,,,,
OLADAPO ISRAEL OLUYEMI,,,,,,,,,,,,,,,,* myContacts,* Other,YEMI_ISREAL@YAHOO.COM,,,,,Home,+2348123185281,Mobile,+2349035251920,Work,+2348036002670 ::: +2348036002670,Other,2000335120,,,,,,,,,,,,,,,,,,,,,,,,,,,,,,,,,,,,,,,,,,,,,,,,,,,,,
OLADAPO ISRAEL OLUYEMI,,,,,,,,,,,,,,,,* myContacts,* Other,YEMI_ISREAL@YAHOO.COM,,,,,Home,+2348123185281,Mobile,+2349035251920,Work,+2348036002670,Other,+2348036002670,,,,,,,,,,,,,,,,,,,,,,,,,,,,,,,,,,,,,,,,,,,,,,,,,,,,,
OLADEJO KOLAWOLE ADEOTI,,,,,,,,,,,,,,,,TESCOM ::: * myContacts,* Home,adeotidejo.69@gmail.com,,,,,Other,+2348038042563,,,,,,,,,,,,,,,,,,,,,,,,,,,,,,,,,,,,,,,,,,,,,,,,,,,,,,,,,,,
OLADELE ALAWODE,,,,,,,,,,Lead British International School,ICT DIRECTOR,,,,,Techbase Customers Ex ::: * myContacts,,,,,,,Mobile,+2348068384394,Other,+2348068384394,,,,,,,,,,,,,,,,,,,,,,,,,,,,,,,,,,,,,,,,,,,,,,,,,,,,,,,,,
OLADELE OLANREWAJU OLUWATOBILOBA,,,,,,,,,,,,,,,,* myContacts,* Other,oladeleolanrewaju7@gmail.com,,,,,Other,+2349050521814,,,,,,,,,,,,,,,,,,,,,,,,,,,,,,,,,,,,,,,,,,,,,,,,,,,,,,,,,,,
OLADUNNI OLAJUMOKE,,,,,,,,,,,,,,,,* myContacts,* Other,oladunniolajumoke11@gmail.com,,,,,Other,+2347067293561,,,,,,,,,,,,,,,,,,,,,,,,,,,,,,,,,,,,,,,,,,,,,,,,,,,,,,,,,,,
OLAIDE AWOYEMI,,,,,,,,,,,,,,,,Relatives ::: * myContacts,,,,,,,Other,+2347012487826,,,,,,,,,,,,,,,,,,,,,,,,,,,,,,,,,,,,,,,,,,,,,,,,,,,,,,,,,,,
OLAIDE TOSIN OLADELE,,,,,,,,,,Knowledge Base International School,,,1999-06-28,,,KBI Ex Staff ::: * myContacts,* Other,olaidetosin11@gmail.com,,,,,Mobile,+2348106122918,Work,+2349118348574 ::: +2349118348574,Other,+2349118348574,,,,,,,,,,,,,,,,,,,,,,,,,,,,,,,,,,,,,,,,,,,,,,,,,,,,,,,
OLAITAN OLADELE,,,,,,,,,,,,,,,,* myContacts,,,,,,,Other,+2349019442888,,,,,,,,,,,,,,,,,,,,,,,,,,,,,,,,,,,,,,,,,,,,,,,,,,,,,,,,,,,
OLAITAN WEMA BANK ALAO,,,,,,,,,,,,,,,https://lh3.googleusercontent.com/contacts/AG6tpzEu72S1WkH_Rmb4FTev2_qNzcqmiwFlOReyOCiAGCdFi_k-7TLv,Businesses ::: * myContacts,* Home,kofoworolaolaitan27@gmail.com,,,,,Mobile,+2348064827543,,,,,,,,,,,,,,,,,,,,Nigeria,,,,,,Nigeria,,,,,,,,,,,,,,,,,,,,,,,,,,,,,,,,,
OLAJIDE,,,,,,,,,,,,,1988-04-22,,,RCCG ::: * myContacts,,,,,,,Other,+2348102431075,,,,,,,,,,,,,,,,,,,,,,,,,,,,,,,,,,,,,,,,,,,,,,,,,,,,,,,,,,,
OLALEKAN ODERINU OMOODE,,,,,,,,,,,,,,,,* myContacts,,,,,,,Mobile,+2348181509188,Other,+2348181509188,,,,,,,,,,,,,,,,,,,,,,,,,,,,,,,,,,,,,,,,,,,,,,,,,,,,,,,,,
OLAMIDE AASA,,,,,,,,,,BAPTIST MODEL HIGH SCHOOL ISOLO,PRINCIPAL,,,,,Techbase Customers ::: * myContacts,* Other,bmhsisolo2015@gmail.com,,,,,Mobile,+2347034715440,Other,+2347034715440,,,,,,,,,,,,,,,,,,,,,,,,,,,,,,,,,,,,,,,,,,,,,,,,,,,,,,,,,
OLAMIDE IBIRONKE,,,,,,,,,,,,,,,,Techbase Customers Ex ::: * myContacts,* Home,ibironkeolamide9@gmail.com,,,,,Pager,+2348160739754,Other,+2348160739754,,,,,,,,,,,,,,,,,,,,,,,,,,,,,,,,,,,,,,,,,,,,,,,,,,,,,,,,,
OLAMIDE MARGARET AYANYEMI,,,,,,,,,,,,,2018-10-19,,,RCCG ::: * myContacts,* Home,horlamhideymargaret@gmail.com,,,,,Other,+2348086423438,,,,,,,,,,,,,,,,,,,,,,,,,,,,,,,,,,,,,,,,,,,,,,,,,,,,,,,,,,,
OLAMIDE MARY SAPPHIRE AROWOLO,,,,,,,,,,,,,2022-01-27,,,School University of Ibadan Students ::: * myContacts,,,,,,,Mobile,+2347067990042,Other,+2347067990042,,,,,,,,,,,,,,,,,,,,,,,,,,,,,,,,,,,,,,,,,,,,,,,,,,,,,,,,,
OLAMIDE MODUPEOLUWA OGUNTUASHE,,,,,,,,,,,,,1999-06-10,"Qualification - B.Agric Animal Production and Health 
School graduated from - Federal University Oye Ekiti 
Employment contract - Corper 
Designation - Primary 
Class - Primary 3 
Resumption day - 17th of September 2024",,KBI Ex Staff ::: * myContacts,* Home,olamidemoguntuase@gmail.com,,,,,Mobile,+2348130938074,Other,+2348130938074,,,,,,,,,,,,,,,,,,,,,,,,,,,,,,,,,,,,,,,,,,,,,,,,,,,,,,,,,
OLAMIDE OLAIYA OWONIFARI,,,,,,,,,,,,,2023-12-18,Business Education,,KBI Ex Staff ::: * myContacts,,,,,,,Work,+2347047946805 ::: +2347047946805,Mobile,+2348104985413,Other,+2348104985413,,,,,,,,,,,,,,,,,,,,,,,,,,,,,,,,,,,,,,,,,,,,,,,,,,,,,,,
OLAMIDE OLUWATOYIN,,,,,,,,,,,,,,,,Businesses ::: * myContacts,* Home,akinolami34@gmail.com,,,,,Mobile,+2349050253151,Other,+2349050253151,,,,,,,,,,,,,,,,,,,,,,,,,,,,,,,,,,,,,,,,,,,,,,,,,,,,,,,,,
OLAMIDE,,SOETAN,,,,,,,,,,, --05-10,,,RCCG ::: * myContacts,* ,olamidesoetan16@gmail.com,,,,,,0814 122 7404,,,,,,,,,,,,,,,,,,,,,,,,,,,,,,,,,,,,,,,,,,,,,,,,,,,,,,,,,,,
OLAMIDE,TITILAYO,DUROWOJU,,,,,,,,,,,2003-10-20,,,KBI Staff ::: * myContacts,,,,,,,,0815 331 9408,,,,,,,,,,,,,,,,,,,,"Lane 6 house 1 peace avenue estate ajoda moniya Ibadan
NG",Lane 6 house 1 peace avenue estate ajoda moniya Ibadan,,,,,NG,,,,,,,,,,,,,,,,,,,,,,,,,,,,,,,,,
OLAMILEKAN,,BANNER PRINTER,,,,,,,,,,,,,,Businesses ::: * myContacts,,,,,,,Home,+2349028187927 ::: +2349028187927,Mobile,+2349060829724,Other,+2349028187927,,,,,,,,,,,,,,,Home,NG,,,,,,NG,,,,,,,,,,,,,,,,,,,,,,,,,,,,,,,,,
OLANIPEKUN AMINAH ADEDOJA,,,,,,,,,,,,,,,,* myContacts,* Other,aaolanipekun6@gmail.com,,,,,Other,+2348131570719,,,,,,,,,,,,,,,,,,,,,,,,,,,,,,,,,,,,,,,,,,,,,,,,,,,,,,,,,,,
OLANREWAJU OGUNDELE,,,,,,,,,,EMMANUEL CHAPEL,,,,,,RCCG ::: * myContacts,,,,,,,Mobile,+2349077359673,Other,+2347040527584,,,,,,,,,,,,,,,,,,,,,,,,,,,,,,,,,,,,,,,,,,,,,,,,,,,,,,,,,
OLAOLU,,,,,,,,,,PG SCHOOL CERTIFICATE,,,,,,School University of Ibadan Staff ::: * myContacts,,,,,,,Mobile,+2348032935902,Other,+2348032935902,,,,,,,,,,,,,,,,,,,,,,,,,,,,,,,,,,,,,,,,,,,,,,,,,,,,,,,,,
OLAOLUWAKITAN JEMIMAH OLADAPO,,,,,,,,,,,,,2024-04-26,,,KBI Parents ::: * myContacts,* Home,olakunleoladapo43@gmail.com,,,,,Mobile,+2348069324872,Work,+2348160148360 ::: +2348160148360,Other,+2348160148360,,,,,,,,,,,,,,,,,,,,,,,,,,,,,,,,,,,,,,,,,,,,,,,,,,,,,,,
OLARINDE,,BOLAKALE PUMPING MACHINE,,,,,,,,,,,,,,* myContacts,* Home,bolakaleolarinde@gmail.com,,,,,Mobile,+2348035865926,,,,,,,,,,,,,,,,,,,,Nigeria,,,,,,Nigeria,,,,,,,,,,,,,,,,,,,,,,,,,,,,,,,,,
OLARONKE,,ADEBAYO,,,,,,,,,,,1990-12-12,,,KBI Ex Staff ::: KBI Ex Parents ::: * myContacts,* ,gracearose90@gmail.com,,,,,Other,+2347067674873,,0805 354 4481,,,,,,,,,,,,,,,,,Other,"NG
ARORO MAKINDE
NG",NG,,,,ARORO MAKINDE,NG,,,,,,,,,,,,,,,,,,,,,,,,ADEBAYO MICHAEL,2012-09-20,ADEBAYO PAUL,2017-03-18,ADEBAYO ESTHER,2015-05-14,,,,
OLASUNKANMI OLUWATOBI ESTHER,,,,,,,,,,,,,,,,* myContacts,* Other,tobbek2017@gmail.com,,,,,Mobile,+2347032397444,Other,+2347032397444,,,,,,,,,,,,,,,,,,,,,,,,,,,,,,,,,,,,,,,,,,,,,,,,,,,,,,,,,
OLASUNKANMI SAMUEL OLAWALE,,,,,,,,,,,,,,,,School University of Ibadan Students ::: * myContacts,* Home,WALEKANMI35@YAHOO.COM,Home,sunkanmi322@gmail.com,,,Mobile,+2347038152466,Other,+2347038152466,,,,,,,,,,,,,,,,,,Nigeria,,,,,,Nigeria,,,,,,,,,,,,,,,,,,,,,,,,,,,,,,,,,
OLATOKE SALAMI,,,,,,,,,,,,,,,,Businesses ::: * myContacts,* Home,omowonuolami@gmail.com,Work,s.olatoke@blakskill.com,,,Work,+2347062570586 ::: +2347062570586,Mobile,+2348137776815,Other,+2348137776815,,,,,,,,,,,,,,,,Nigeria,,,,,,Nigeria,,,,,,,,,,,,,,,,,,,,,,,,,,,,,,,,,
Olatokun Bukola,,,,,,,,,,,,,,,,* myContacts,,,,,,,Mobile,+2347064248248,Other,+2347064248248,,,,,,,,,,,,,,,,,,,,,,,,,,,,,,,,,,,,,,,,,,,,,,,,,,,,,,,,,
OLATUNDE DANIEL SAMUEL,,,,,,,,,,,,,,,,School University of Ibadan Students ::: * myContacts,,,,,,,Work,+2347054028011,Mobile,+2347033877495,Other,+2347033877495,,,,,,,,,,,,,,,,,,,,,,,,,,,,,,,,,,,,,,,,,,,,,,,,,,,,,,,
OLATUNDE MODUPE AWOYEMI,,,,,,,,,,,,,,,,Relatives ::: * myContacts,,,,,,,Other,+2348036453161,,,,,,,,,,,,,,,,,,,,,,,,,,,,,,,,,,,,,,,,,,,,,,,,,,,,,,,,,,,
OLATUNJI OLAMILEKAN AGBOOLA,,,,,,,,,,,,,2022-12-01,,,RCCG ::: * myContacts,* Other,olamiolatunji456@gmail.com,,,,,Mobile,+2349134978723 ::: +2347061481041,Work,+2347061481041 ::: +2347061481041,Other,+2347061481041,,,,,,,,,,,,,,,,,,,,,,,,,,,,,,,,,,,,,,,,,,,,,,,,,,,,,,,
OLATUNJI,YUSUF ,FADAIRO,,,,,,,,Thames Valley College,"Head of Department, Languages ",,,,,Techbase Customers Ex ::: * myContacts,* Home,fadyus1990@gmail.com,,,,,Mobile,+234 703 192 4372 ::: +234 703 192 4372,,,,,,,,,,,,,,,,,,,Home,"Km 10, Sagamu-Ikorodu road
Sagamu
Nigeria","Km 10, Sagamu-Ikorodu road",Sagamu,,,,Nigeria,,,,,,,,,,,,,,,,,,,,,,,,,,,,,,,,,
OLATUTU KEHINDE,,,,,,,,,,,,,,,,Techbase Customers ::: * myContacts,,,,,,,Mobile,+18575442744,Other,+18575442744,,,,,,,,,,,,,,,,,,,,,,,,,,,,,,,,,,,,,,,,,,,,,,,,IREOLUWA OLATUTU, --07-10,,,,,,,,
OLAWUMI ADIGUN,,,,,,,,,,,,,1980-10-29,,,RCCG ::: * myContacts,,,,,,,Other,+2347037972202,,,,,,,,,,,,,,,,,,,,,,,,,,,,,,,,,,,,,,,,,,,,,,,,,,,,,,,,,,,
OLAWUMI BLESSING OMOLARA,,,,,,,,,,,,,,,,* myContacts,* Other,gbonju27@gmail.com,,,,,Other,+2347062210409,,,,,,,,,,,,,,,,,,,,,,,,,,,,,,,,,,,,,,,,,,,,,,,,,,,,,,,,,,,
OLAYINKA,,,,,,,,,,,,,,,,* myContacts,,,,,,,Other,+2348164417418,,,,,,,,,,,,,,,,,,,,,,,,,,,,,,,,,,,,,,,,,,,,,,,,,,,,,,,,,,,
OLAYINKA,,KOLADE,,,,,,,,,,,,,,* myContacts,* Home,koladelayinka@gmail.com,,,,,Mobile,+2347037244773,,,,,,,,,,,,,,,,,,,,Nigeria,,,,,,Nigeria,,,,,,,,,,,,,,,,,,,,,,,,,,,,,,,,,
OLAYINKA OLUSAYO,,,,,,,,,,,,,,,,RCCG ::: * myContacts,,,,,,,Pager,+2348032074941,Mobile,+2347019363170,Other,+2348032074941,,,,,,,,,,,,,,,,,,,,,,,,,,,,,,,,,,,,,,,,,,,,,,,,,,,,,,,
Olivia Modey,,,,,,,,,,,,,,,,* myContacts,* Other,modeyolivia@gmail.com,,,,,Other,2330256670673,,,,,,,,,,,,,,,,,,,,,,,,,,,,,,,,,,,,,,,,,,,,,,,,,,,,,,,,,,,
OLOFINTILA,,,,,,,,,,,,,,,,RCCG ::: * myContacts,,,,,,,Mobile,+2347038308582,Other,+2347038308582,,,,,,,,,,,,,,,,,,,,,,,,,,,,,,,,,,,,,,,,,,,,,,,,,,,,,,,,,
OLORUNTOBA OLUWATOYIN,,,,,,,,,,,,,2023-07-25,,,KBI Ex Staff ::: * myContacts,* Other,oloruntobaoluwatoyin24@gmail.com,,,,,Mobile,+2348083589994,Other,+2348083589994,,,,,,,,,,,,,,,,,,,,,,,,,,,,,,,,,,,,,,,,,,,,,,,,,,,,,,,,,
OLUBI ADU,,,,,,,,,,,,,,,,RCCG ::: * myContacts,* Home,rizzryan959@yahoo.com,,,,,Mobile,+2348144838896,Other,+2348144838896,,,,,,,,,,,,,,,,,Home,Nigeria,,,,,,Nigeria,,,,,,,,,,,,,,,,,,,,,,,,,,,,,,,,,
OLUBIYI,,OLOFINTILA,,,,,,,,,,,,,https://lh3.googleusercontent.com/contacts/AG6tpzFufWrcmExQrglAZ07DVYQ2vueVgZFOHeiI7MOEN_2OIMQxff8e,RCCG ::: * myContacts,* INTERNET,tilabiy@gmail.com,,,,,Mobile,+2348132849579,,,,,,,,,,,,,,,,,,,,,,,,,,,,,,,,,,,,,,,,,,,,,,,,,,,,,,,,,,,
OLUBUKOLA,,OKEGBEMI,,,,,,,,,,,,,,TESCOM ::: * myContacts,* Home,olajumokekemi97@gmail.com,,,,,Mobile,+2348036874128,,,,,,,,,,,,,,,,,,,,Nigeria,,,,,,Nigeria,,,,,,,,,,,,,,,,,,,,,,,,,,,,,,,,,
OLUFEMI,SAMUEL,ATAYERO,,,,,,,,,,,,,https://lh3.googleusercontent.com/contacts/AG6tpzEzdiPumBDGRuSlerxAoDtTNLIDUM-AXnv0PesS3tYN8D6zrazR,* myContacts,* INTERNET,olufemat@hotmail.com,,,,,Home,+2348147051504,Mobile,+2347064719804,,,,,,,,,,,,,,,,,,,,,,,,,,,,,,,,,,,,,,,,,,,,,,,,,,,,,,,,,
OLUGBENGA,DAVID,OLABIYI,,,,,,,,,,,1985-08-20,,https://lh3.googleusercontent.com/contacts/AG6tpzGC6XPKNibanY2CYoEAArQEGyKoC_8a_rycCrQLdCInrUrvoATV,School University of Ibadan Students ::: * myContacts,* INTERNET,OLUZ820@YAHOO.COM,Home,olugbenga.olabiyi@gmail.com,,,Mobile,+2348131041860 ::: +2348077707726 ::: 0907 773 7031,,,,,,,,,,,,,,,,,,,,"Area 3, Ajibode, Ibadan, Nigeria
NG","Area 3, Ajibode, Ibadan, Nigeria",,,,,NG,,,,,,,,,,,,,,,,,,,,,,,,,,,,,,,,,
,,OLUGBODE,,,,,,,,CHIEF DRIVER ISI UI,,,,,,Businesses ::: * myContacts,,,,,,,Mobile,+2348160047573,,,,,,,,,,,,,,,,,,,,Nigeria,,,,,,Nigeria,,,,,,,,,,,,,,,,,,,,,,,,,,,,,,,,,
OLUKEMI,,ONIFADE,,,,,,,,,,,,,,TESCOM ::: * myContacts,,,,,,,Mobile,+2347037857041,,,,,,,,,,,,,,,,,,,,,,,,,,,,,,,,,,,,,,,,,,,,,,,,,,,,,,,,,,,
OLUMIDE,,OKOGUN,,,,,,,,,,,,,,* myContacts,,,,,,,Mobile,+2348130896314 ::: +2348057831091 ::: +2347039324204,,,,,,,,,,,,,,,,,,,,,,,,,,,,,,,,,,,,,,,,,,,,,,,,,,,,,,,,,,,
OLURANTI,,GARUBA,,,,,,,,,,,,,,RCCG ::: * myContacts,,,,,,,Mobile,+2347051589658,,,,,,,,,,,,,,,,,,,,,,,,,,,,,,,,,,,,,,,,,,,,,,,,,,,,,,,,,,,
OLUSEMADE OLUWADAMILOLA,,,,,,,,,,,,,2004-04-17,,,KBI Ex Staff ::: * myContacts,* Home,olusemadeoluwadamilola@gmail.com,,,,,Home,+2349016558198 ::: +2349016558198,Mobile,+2347085044639,Other,+2349016558198,,,,,,,,,,,,,,,,,,,,,,,,,,,,,,,,,,,,,,,,,,,,,,,,,,,,,,,
OLUSEYE,,,,,,,,,,BAPTIST MODEL HIGH SCHOOL IJEGUN, ICT DIRECTOR,,,,,Techbase Customers ::: * myContacts,,,,,,,Mobile,+2348022659572,Other,+2348022659572,,,,,,,,,,,,,,,,,,,,,,,,,,,,,,,,,,,,,,,,,,,,,,,,,,,,,,,,,
OLUSOJI ADEREMI ADELERE,,,,,,,,,,,,,,,,TESCOM ::: * myContacts,,,,,,,Other,+2348037966028,,,,,,,,,,,,,,,,,,,,,,,,,,,,,,,,,,,,,,,,,,,,,,,,,,,,,,,,,,,
OLUSOLA MUSEUM,,,,,,,,,,,,,,,,* myContacts,* Other,itadareolusola78@gmail.com,,,,,Mobile,+2348033634857,Other,+2348033634857,,,,,,,,,,,,,,,,,,,,,,,,,,,,,,,,,,,,,,,,,,,,,,,,,,,,,,,,,
OLUTAYO,,ISAIAH,,,,,,,,,,,,,,TESCOM ::: * myContacts,* Home,olutayoisaiah927@gmail.com,,,,,Mobile,+2348023657660,,,,,,,,,,,,,,,,,,,,Nigeria,,,,,,Nigeria,,,,,,,,,,,,,,,,,,,,,,,,,,,,,,,,,
OLUWABANKE,GRACE,OLOFINTILA,,,,,,,,,,LAW,1993-05-05,,https://lh3.googleusercontent.com/contacts/AG6tpzFw7qoxzFXimvW673l3FG6ATR2dvjSFttXmrglkUYlZK70_q3oE,RCCG ::: * myContacts,* INTERNET,OLOFINTILABANKE@YAHOO.COM,,,,,Home,07058709377 ::: +2347058709377,Mobile,07033938382 ::: +2347033938382,,,,,,,,,,,,,,,,,,,,,,,,,,,,,,,,,,,,,,,,,,,,,,,,,,,,,,,,,
OLUWABUNMI,,ADEOSUN,,,,,,,,,,,2019-08-28,,,RCCG ::: * myContacts,* Home,adeosunoluwabunmi12@gmail.com,,,,,Mobile,+2347013504796 ::: +2348154126676 ::: +2349043845606,,,,,,,,,,,,,,,,,,,,,,,,,,,,,,,,,,,,,,,,,,,,,,,,,,,,,,,,,,,
OLUWABUSAYO AWOYEMI,,,,,,,,,,,,,,,,Relatives ::: * myContacts,,,,,,,Pager,+2348161542894,Other,+2348161542894,,,,,,,,,,,,,,,,,,,,,,,,,,,,,,,,,,,,,,,,,,,,,,,,,,,,,,,,,
OLUWADAMILOLA,,AWOYEMI,,,,,,,,,,,,,https://lh3.googleusercontent.com/contacts/AG6tpzEHF8Ri0cFfSoLZOAPxWihyGedxTCgHu7iNH8HD5Kbkvfy8W_33,Relatives ::: * myContacts,* Home,anikeawoyemi07@gmail.com,,,,,Mobile,+2348081677666,,,,,,,,,,,,,,,,,,,,Nigeria,Nigeria,,,,,,,,,,,,,,,,,,,,,,,,,,,,,,,,,,,,,,
OLUWADARASIMI,,DAVID,,,,,,,,,TRADER,,2021-03-09,,,KBI Parents ::: * myContacts,* Home,davizyuo@gmail.com,,,,,Mobile,+234 704 940 6596,Other,+2348115222584,,0811 528 7650,,,,,,,,,,,,,,,,,,,,,,,,,,,,,,,,,,,,,,,,,,,,,,,,,,,,,,,
OLUWADARASIMI NATHANIEL,,,,,,,,,,,,,,,,* myContacts,* Other,davizyuo@gmail.com,,,,,Other,+2348115222584,,,,,,,,,,,,,,,,,,,,,,,,,,,,,,,,,,,,,,,,,,,,,,,,,,,,,,,,,,,
OLUWAFADEKEMI AREMU,,,,,,,,,,,,,,,,RCCG ::: * myContacts,,,,,,,Other,+2349077689379,,,,,,,,,,,,,,,,,,,,,,,,,,,,,,,,,,,,,,,,,,,,,,,,,,,,,,,,,,,
OLUWAFEMI OLUWATOBI,,,,,,,,,,,,,,,,RCCG ::: * myContacts,,,,,,,Other,+2349125289238,,,,,,,,,,,,,,,,,,,,,,,,,,,,,,,,,,,,,,,,,,,,,,,,,,,,,,,,,,,
OLUWAFERANMI & OLUWAFEMI,BRIDGET & BRIGHT,IGE,,,,,,,,,,,,,,KBI Parents ::: * myContacts,,,,,,,Other,+2348128858072 ::: +2348161506323,,,,,,,,,,,,,,,,,,,,,,,,,,,,,,,,,,,,,,,,,,,,,,,,,,BRIDGET,2014-03-14,BRIGHT,2019-01-25,,,,,,
OLUWAFERANMI & OPETOSIMI,BLESSED & GRACE,OGUNSANYA,,,,,,,,,,,,,,KBI Parents ::: * myContacts,,,,,,,,0706 672 7790 ::: 0810 200 2421,,,,,,,,,,,,,,,,,,,,,,,,,,,,,,,,,,,,,,,,,,,,,,,,,,BLESSED,2024-09-10,GRACE,2021-04-22,,,,,,
OLUWAFERANMI,BLESSED,OGUNSANYA,,,,,,,,,,,2024-09-10,,,KBI Ex Parents ::: * myContacts,,,,,,,Other,+2347066727790 ::: +2348102002421,,,,,,,,,,,,,,,,,,,,,,,,,,,,,,,,,,,,,,,,,,,,,,,,,,,,,,,,,,,
OLUWAFUNMIBI,,OMOGBEMINIYI,,,,,,,,,,,,,https://lh3.googleusercontent.com/contacts/AG6tpzGnWxmhNbsLsqZObEztE0tWqbi9jJ0LNa0qA8cCZzl91Z45ppA-,RCCG ::: * myContacts,,,,,,,Mobile,+2347064711463,,,,,,,,,,,,,,,,,,,,,,,,,,,,,,,,,,,,,,,,,,,,,,,,,,,,,,,,,,,
OLUWAGBEMILEKE AKINADE,,,,,,,,,,Knowledge Base International School,,,1997-05-15,,,KBI Ex Staff ::: * myContacts,* Home,gbemileke.daniel4@gmail.com,,,,,Mobile,+2348063395943,Other,+2348063395943,,,,,,,,,,,,,,,,,,,,,,,,,,,,,,,,,,,,,,,,,,,,,,,,,,,,,,,,,
OLUWAJARE,OLUWADARASIMI,OPASANYA,,,,,,,,,,, --03-23,,,RCCG ::: * myContacts,* ,opasanyaoluwajare@gmail.com,,,,,Other,+2348156948802,,,,,,,,,,,,,,,,,,,,,,,,,,,,,,,,,,,,,,,,,,,,,,,,,,,,,,,,,,,
OLUWAJENYO OGUNJOBI,,,,,,,,,,,,,,,,RCCG ::: * myContacts,,,,,,,Other,+2348031564845,,,,,,,,,,,,,,,,,,,,,,,,,,,,,,,,,,,,,,,,,,,,,,,,,,,,,,,,,,,
OLUWAJOMILOJU & SUITAN,AL-AMEER & ORODE,ABIDOYE,,,,,,,,,,,,,,KBI Parents ::: * myContacts,* Work,abidoyedayo@gmail.com,,horlayodebolanle@gmail.com,,,Other,+2347057512221 ::: +2349058436914,Mobile,+234 806 428 7190,,,,,,,,,,,,,,,,,Other,"OLUWAKEMI ESTATEMONIYA
IBADAN
NG",OLUWAKEMI ESTATEMONIYA,IBADAN,,,,NG,,,,,,,,,,,,,,,,,,,,,,,,ALAMEER,2020-11-10,SUITAN,2023-07-11,,,,,,
OLUWAJOMILOJU AL-AMEER ABIDOYE,,,,,,,,,,,,,,,,* myContacts,* Other,abidoyedayo@gmail.com,,,,,Pager,+2349058436914,Other,+2347057512221,,,,,,,,,,,,,,,,,,,,,,,,,,,,,,,,,,,,,,,,,,,,,,,,,,,,,,,,,
OLUWAJUEDALO,FARHAN,GANIYU,,,,,,,,,,,2022-01-22,,,KBI Parents ::: * myContacts,* ,OLATUNDUN14@GMAILCOM,,,,,,0805 779 0544,,,,,,,,,,,,,,,,,,,,,,,,,,,,,,,,,,,,,,,,,,,,,,,,,,,,,,,,,,,
OLUWAJUWON OLAJIDE,,,,,,,,,,,,,,,,RCCG ::: * myContacts,,,,,,,Mobile,+2347063901156,Other,+2347063901156,,,,,,,,,,,,,,,,,,,,,,,,,,,,,,,,,,,,,,,,,,,,,,,,,,,,,,,,,
OLUWAKEMI OMOBOLA,,ADEGOKE,,,,,,,,,,,,,,TESCOM ::: * myContacts,* Home,adegokemobola@gmail.com,,,,,Mobile,+2348129294172,,,,,,,,,,,,,,,,,,,,Nigeria,Nigeria,,,,,,,,,,,,,,,,,,,,,,,,,,,,,,,,,,,,,,
OLUWAKOREDE & IKEOLUWA,,AJAGBE,,,,,,,,,,,,,,KBI Parents ::: * myContacts,* ,KENNYSMART694@GMAIL.COM,,,,,Other,+2349071678734,,0901 725 5220,,,,,,,,,,,,,,,,,,,,,,,,,,,,,,,,,,,,,,,,,,,,,,,,OLUWAKOREDE,2019-05-26,IKEOLUWA,2021-06-08,,,,,,
OLUWANIFEMI,GLORIA,AJAYI,,,,,,,,,,, --08-05,,,RCCG ::: * myContacts,,,,,,,Other,+2347036538482,,,,,,,,,,,,,,,,,,,,,,,,,,,,,,,,,,,,,,,,,,,,,,,,,,,,,,,,,,,
OLUWANIFEMI SHOMOYE,,,,,,,,,,,,, --07-15,,,RCCG ::: * myContacts,,,,,,,Other,+2349077681888,,,,,,,,,,,,,,,,,,,,,,,,,,,,,,,,,,,,,,,,,,,,,,,,,,,,,,,,,,,
OLUWANIFEMI,TESTIMONY,IYANDA,,,,,,,,,,,2005-11-27,,,KBI Ex Staff ::: * myContacts,,,,,,,,0901 705 4114,,,,,,,,,,,,,,,,,,,,"Road 9, no 4, Unity Street, Apapa, Moniya
NG","Road 9, no 4, Unity Street, Apapa, Moniya",,,,,NG,,,,,,,,,,,,,,,,,,,,,,,,,,,,,,,,,
OLUWASAYO,ELIZABETH,OLUWATUYI,,,,,,SHUYAN,,,,,1993-09-15,,,Techbase Customers Ex ::: * myContacts,* Home,oluwatuyi.oluwasayo@gmail.com,,,,,Mobile,+2347064441089,Home,+2347083065451,Other,+2348095907316,,,,,,,,,,,,,,,Other,"27 Akanbi Arimi StSurulere
Lagos, Aguda LA
NG",27 Akanbi Arimi StSurulere,Lagos,,Aguda LA,,NG,,,,,,,,,,,,,,,,,,,,,,,www.linkedin.com/in/oluwasayo-oluwatuyi,,,,,,,,,Photo,https://lh3.googleusercontent.com/contacts/ABsqpltB2IdhfJY8u9iTIolCgzuFWLNp9sH5AvT9PJt-fwf6O2lVOTf2
OLUWASEGUN ODEWALE,,,,,,,,,,,,,,,,School University of Ibadan Students ::: * myContacts,* Home,ODEWALE49@GMAIL.COM,Home,itakinlabi@gmail.com,,,Home,+2348162777105 ::: +2348162777105,Mobile,+2348071896372,Work,+234 915 775 5805 ::: 2349157755805,Other,+2348162777105,,,,,,,,,,,,,Home,Nigeria,,,,,,Nigeria,,,,,,,,,,,,,,,,,,,,,,,,,,,,,,,,,
OLUWASEUN OLASIMBO,,,,,,,,,,,,,,,,RCCG ::: * myContacts,,,,,,,Other,+2347066166299,,,,,,,,,,,,,,,,,,,,,,,,,,,,,,,,,,,,,,,,,,,,,,,,,,,,,,,,,,,
OLUWASEUN OLUWAFISAYO ADEMOLU,,,,,,,,,,,,,1996-08-12,"HND Business Administration 
GATEWAY POLYTECHNIC, SAPADE, OGUN STATE",,KBI Ex Staff ::: * myContacts,* Home,ademoluoluwaseunfisayomi@gmail.com,,,,,Work,+2349049054048,Mobile,+2349157621036,Other,+2349157621036,,,,,,,,,,,,,,,,,,,,,,,,,,,,,,,,,,,,,,,,,,,,,,,,,,,,,,,
OLUWASHINDARA,FLOURISH,ERIC,,,,,,,,,,,2023-04-06,,,* myContacts,* ,SAMUELBUKOLAMI@GMAIL.COM,,,,,Other,+2348064147939 ::: +2347066601053,,,,,,,,,,,,,,,,,,,,,,,,,,,,,,,,,,,,,,,,,,,,,,,,,,,,,,,,,,,
OLUWASHINDARA,,KOLADE,,,,,,,,,CIVIL SERVANT / TEACHER,,2018-10-28,,,KBI Ex Staff ::: * myContacts,* ,koladeanna9@gmail.com,,koladeabiola1987@gmail.com,,,Other,+2348038979868,,0811 715 7119 ::: 0904 852 7465,,,,,,,,,,,,,,,,,,"OFF APAPA ROAD
NO 24, AKURO OLOKUN STREET
NG","OFF APAPA ROAD
NO 24, AKURO OLOKUN STREET",,,,,NG,,,,,,,,,,,,,,,,,,,,,,,,,,,,,,,,,
OLUWASOJI,,OBAKULUJO,,,,,,,,,,,,,,RCCG ::: * myContacts,,,,,,,Other,+2349132508094,,,,,,,,,,,,,,,,,,,,,,,,,,,,,,,,,,,,,,,,,,,,,,,,,,,,,,,,,,,
OLUWATOBI BALOGUN,,,,,,,,,,,,, --08-31,,,RCCG ::: * myContacts,,,,,,,Other,+2348169155229,,,,,,,,,,,,,,,,,,,,,,,,,,,,,,,,,,,,,,,,,,,,,,,,,,,,,,,,,,,
OLUWATOBI GLORIA ADELEKE,,,,,,,,,,,,,2020-02-17,,,RCCG ::: * myContacts,* Home,adegloria04@gmail.com,,,,,Mobile,+2348164166629,Other,+2348164166629,,,,,,,,,,,,,,,,,,,,,,,,,,,,,,,,,,,,,,,,,,,,,,,,,,,,,,,,,
OLUWATOFUNMI ESTHER ROTIMI,,,,,,,,,,,,, --03-11,,,RCCG ::: * myContacts,* Home,rotimioluwatofunmi@gmail.com,,,,,Other,+2348147440789,,,,,,,,,,,,,,,,,,,,,,,,,,,,,,,,,,,,,,,,,,,,,,,,,,,,,,,,,,,
OLUWATOMILAYO,LYDIA,OGUNGBENJO,,,,,,,,,,,2025-01-19,,,KBI Ex Staff ::: * myContacts,* Home,tomilayoogungbenjo@gmail.com,,,,,Mobile,+2347037979726,Other,+2347037979726,,,,,,,,,,,,,,,,,,,,,,,,,,,,,,,,,,,,,,,,,,,,,,,,,,,,,,,,,
OLUWATOSIN AGBELE,,,,,,,,,,,,,2018-05-11,,,RCCG ::: * myContacts,* Home,hi2aditu@gmail.com,,,,,Mobile,+2347033320345,Other,+2347033320345,,,,,,,,,,,,,,,,,,,,,,,,,,,,,,,,,,,,,,,,,,,,,,,,,,,,,,,,,
OLUWATOSIN AKINOSI,,,,,,,,,,,,,,,,RCCG ::: * myContacts,,,,,,,Other,+2348020644975,,,,,,,,,,,,,,,,,,,,,,,,,,,,,,,,,,,,,,,,,,,,,,,,,,,,,,,,,,,
OLUWATOSIN,IFEOLUWA,OLUWAFEMI,,,,,,,,,,, --01-28,,,RCCG ::: * myContacts,* Home,oluwafemioluwatosinifeoluwa@gmail.com,,,,,Mobile,+2347041634726,,,,,,,,,,,,,,,,,,,,Nigeria,,,,,,Nigeria,,,,,,,,,,,,,,,,,,,,,,,,,,,,,,,,,
OLUWATOSIN LAWAL TESCOM,,,,,,,,,,,,,,,,* myContacts,,,,,,,Mobile,+2349025076496,Other,+2349025076496,,,,,,,,,,,,,,,,,,,,,,,,,,,,,,,,,,,,,,,,,,,,,,,,,,,,,,,,,
OLUWATOYIN,RACHAEL,OGUNMOLA,,,,,,,,,,,2000-03-22,,https://lh3.googleusercontent.com/contacts/AG6tpzFx7D7siFwBf_GBr4GMwd0JY3O9BaZUEKWj4ZOxejYenENb94Vu,RCCG ::: * myContacts,,,,,,,Work,+2349151472649,Mobile,+2347034533881 ::: 0813 233 8815 ::: +2349019733812,,,,,,,,,,,,,,,,,,,,,,,,,,,,,,,,,,,,,,,,,,,,,,,,,,,,,,,,,
OLUWATUNMISE ADEBAYO,,,,,,,,,,,,,2021-08-12,,,RCCG ::: * myContacts,,,,,,,Mobile,+2349035589066,Other,+2349035589066,,,,,,,,,,,,,,,,,,,,,,,,,,,,,,,,,,,,,,,,,,,,,,,,,,,,,,,,,
OLUWAYANMIFE OBAYOMI,,,,,,,,,,,,,2024-06-07,,,RCCG ::: * myContacts,,,,,,,Other,+2348104231564,,,,,,,,,,,,,,,,,,,,,,,,,,,,,,,,,,,,,,,,,,,,,,,,,,,,,,,,,,,
OLUWAYEMISI DEBBY OYEKUSIBE,,,,,,,,,,,,,,,,* myContacts,* Other,oluwayemisidebbyoyekusibe@gmail.com,,,,,Mobile,+2347046809814,Other,+2347046809814,,,,,,,,,,,,,,,,,,,,,,,,,,,,,,,,,,,,,,,,,,,,,,,,,,,,,,,,,
OLUWAYEMISI YETUNDE OGUNPAIMO,,,,,,,,,,,,,2019-01-16,,,RCCG ::: * myContacts,* Home,AjaoyetundeO@gmail.com,,,,,Mobile,+2347033284199,Other,+2347033284199,,,,,,,,,,,,,,,,,,,,,,,,,,,,,,,,,,,,,,,,,,,,,,,,Anniversary,2019-08-24,,,,,,,,
OLUWOLE,,AMUSA,,,,,,,,,,,,,https://lh3.googleusercontent.com/contacts/AG6tpzHUt2LE0dG0vWvZL8065aVGtOn7BIZRXjDfCkNOw-rNtYArhZdy,RCCG ::: * myContacts,* Home,biao4u2000@yahoo.co.uk,,,,,Mobile,+234 703 323 0875,Home,+234 818 776 6165,Work,+234 805 555 4640,Main,+234 802 728 7717,,,,,,,,,,,,,Home,"AKINGBILE
IBADAN
NG",AKINGBILE,IBADAN,,,,NG,,,,,,,,,,,,,,,,,,,,,,,,,,,,,,,,,
OLUWOLE ISRAEL ADEYEMO,,,,,,,,,,ENGINEER UI,,,,,,Businesses ::: * myContacts,,,,,,,Mobile,+2348069429943,Other,+2348069429943,,,,,,,,,,,,,,,,,,,,,,,,,,,,,,,,,,,,,,,,,,,,,,,,,,,,,,,,,
OLUWOLE,,OYEBANJI,,,,,,,,,,,,,,TESCOM ::: * myContacts,,,,,,,Mobile,+2348073299183,,,,,,,,,,,,,,,,,,,,Nigeria,,,,,,Nigeria,,,,,,,,,,,,,,,,,,,,,,,,,,,,,,,,,
OLUYEMI OLUYOYE,,,,,,,,,,,,,,,,* myContacts,* Other,yemioluyoye@gmail.com,,,,,Other,+2348064427455,,,,,,,,,,,,,,,,,,,,,,,,,,,,,,,,,,,,,,,,,,,,,,,,,,,,,,,,,,,
OLUYEMI SIJIBOMI,,,,,,,,,,,,,2024-02-20,,,RCCG ::: * myContacts,,,,,,,Mobile,+2349060057984,Other,+2349060057984,,,,,,,,,,,,,,,,,,,,,,,,,,,,,,,,,,,,,,,,,,,,,,,,,,,,,,,,,
OMOBOLANLE FOLARIN,,,,,,,,,,,,,,,,* myContacts,* Other,omobolanlefolarin@gmail.com,,,,,Other,+2347066905196,,,,,,,,,,,,,,,,,,,,,,,,,,,,,,,,,,,,,,,,,,,,,,,,,,,,,,,,,,,
OMOBOLANLE SOLOMON,,,,,,,,,,TOBI'S TAILOR,,,,,,Businesses ::: * myContacts,* Home,solomonomo215@gmail.com,,,,,Mobile,+2348130944199,Other,+2348130944199,,,,,,,,,,,,,,,,,,Nigeria,,,,,,Nigeria,,,,,,,,,,,,,,,,,,,,,,,,,,,,,,,,,
OMODARATAN OLUWADUNSIN SAMUEL,,,,,,,,,,,,,,,,* myContacts,* Other,omodaratansamuel@gmail.com,,,,,Other,+2348102331985,,,,,,,,,,,,,,,,,,,,,,,,,,,,,,,,,,,,,,,,,,,,,,,,,,,,,,,,,,,
OMODOLAPO BUSARI,,,,,,,,,,,,,,,,* myContacts,,,,,,,Mobile,+2349016809906,Other,+2349016809906,,,,,,,,,,,,,,,,,,,,,,,,,,,,,,,,,,,,,,,,,,,,,,,,,,,,,,,,,
OMOLABAKE,NAOMI,ADESOKAN,,,,,,,,,,,2009-08-10,,,KBI Ex Staff ::: * myContacts,,,,,,,,0903 463 0435,,,,,,,,,,,,,,,,,,,,"Road 9, no 4, unity Street, Apapa, Moniya
NG","Road 9, no 4, unity Street, Apapa, Moniya",,,,,NG,,,,,,,,,,,,,,,,,,,,,,,,,,,,,,,,,
OMOLADE ADEBISI,,,,,,,,,,,,,,,,RCCG ::: * myContacts,,,,,,,Mobile,+2348136813369,Other,+2348136813369,,,,,,,,,,,,,,,,,,,,,,,,,,,,,,,,,,,,,,,,,,,,,,,,,,,,,,,,,
OMOLADE ADELOWO,,,,,,,,,,,,, --09-27,,,RCCG ::: * myContacts,,,,,,,Other,+2349060715950,,,,,,,,,,,,,,,,,,,,,,,,,,,,,,,,,,,,,,,,,,,,,,,,,,,,,,,,,,,
Omolade Ademiluyi,,,,,,,,,,,,,,,,* myContacts,* Other,lademiluyi1@gmail.com,,,,,Mobile,+2349076986475,Other,+2349076986475,,,,,,,,,,,,,,,,,,,,,,,,,,,,,,,,,,,,,,,,,,,,,,,,,,,,,,,,,
OMOLEWA,,IFEOLUWA,,,,,,,,,,,,,,School University of Ibadan Students ::: * myContacts,* Home,ifeoluwaomolewa4@gmail.com,,,,,Mobile,+2348130897563,,,,,,,,,,,,,,,,,,,,Nigeria,,,,,,Nigeria,,,,,,,,,,,,,,,,,,,,,,,,,,,,,,,,,
OMOLOLA GBOLAGADE,,,,,,,,,,,,,2022-11-08,,,RCCG ::: * myContacts,,,,,,,Mobile,+2348146405544,Other,+2348146405544,,,,,,,,,,,,,,,,,,,,,,,,,,,,,,,,,,,,,,,,,,,,,,,,,,,,,,,,,
OMOLOLA-OYALEKE,,INAOLAJI,,,,,,,,BMHS ISOLO,BURSAR,,,,,Techbase Customers ::: * myContacts,,,,,,,Mobile,+2348158893189,,,,,,,,,,,,,,,,,,,,,,,,,,,,,,,,,,,,,,,,,,,,,,,,,,,,,,,,,,,
OMOWUNMI,,ADEOSUN,,,,,,,,,,,,,,RCCG ::: * myContacts,,,,,,,Mobile,+2348142494097,,,,,,,,,,,,,,,,,,,,,,,,,,,,,,,,,,,,,,,,,,,,,,,,,,,,,,,,,,,
Omoyemi Oladiran,,,,,,,,,,,,,,,,* myContacts,* Other,vocationalempowerment@gmail.com,,,,,Other,+2348130992613,,,,,,,,,,,,,,,,,,,,,,,,,,,,,,,,,,,,,,,,,,,,,,,,,,,,,,,,,,,
ONIGBINDE ,MARY AYODEJI ,ATINUKE ,,,,,,,,,,,,,https://lh3.googleusercontent.com/contacts/AG6tpzFyUV7aI8B6iJQo7gTvjLVxUflZhwlIL6zvEVRkMMIOSMzTdGQB,* myContacts,* Home,atinukemary112@gmail.com,,,,,Mobile,+234 706 940 8675,,,,,,,,,,,,,,,,,,,Home,Nigeria,,,,,,Nigeria,,,,,,,,,,,,,,,,,,,,,,,,,,,,,,,,,
ONYEDIKACHUKWU,,OGBUELI,,,,,,,,,,,2024-06-09,,,RCCG ::: * myContacts,,,,,,,Mobile,+2348120814310,,,,,,,,,,,,,,,,,,,,Nigeria,,,,,,Nigeria,,,,,,,,,,,,,,,,,,,,,,,,,,,,,,,,,
OPE ALIGNMENT IBADAN,,,,,,,,,,,,,,,,Businesses ::: * myContacts,,,,,,,Mobile,+2348034096572,Other,+2348034096572,,,,,,,,,,,,,,,,,,,,,,,,,,,,,,,,,,,,,,,,,,,,,,,,,,,,,,,,,
OPEYEMI AWOYEMI,,,,,,,,,,,,,,,,Relatives ::: * myContacts,,,,,,,Mobile,+447577961983,Other,+447577961983,,,,,,,,,,,,,,,,,,,,,,,,,,,,,,,,,,,,,,,,,,,,,,,,,,,,,,,,,
OPEYEMI,MARIAM,BABATUNDE,,,,,,,,,,,2004-05-18,"Account Details 
Acc Number: 7039111241
Bank: OPay 
and Acc Name:  Babatunde Opeyemi Mariam",,KBI Staff ::: * myContacts,* ,opeyemibabatunde108@gmail.com,,,,,,+234 707 981 8716,,,,,,,,,,,,,,,,,,,,,,,,,,,,,,,,,,,,,,,,,,,,,,,,,,,,,,,,,,,
OPEYEMI OJO,,,,,,,,,,,,, --10-10,,,RCCG ::: * myContacts,,,,,,,Other,+2349013529137,,,,,,,,,,,,,,,,,,,,,,,,,,,,,,,,,,,,,,,,,,,,,,,,,,,,,,,,,,,
OREOFE ADELEKE,,,,,,,,,,,,,,,,RCCG ::: * myContacts,,,,,,,Mobile,+2348185752359,Other,+2348185752359,,,,,,,,,,,,,,,,,,,,,,,,,,,,,,,,,,,,,,,,,,,,,,,,,,,,,,,,,
OREOLUWA AFOLAYAN,,,,,,,,,,,,,,,,* myContacts,,,,,,,Mobile,+2348102280665,Other,+2348102280665,,,,,,,,,,,,,,,,,,,,,,,,,,,,,,,,,,,,,,,,,,,,,,,,,,,,,,,,,
OSCAR ALASA CHRISTMAS,,,,,,,,,,,,,,,,* myContacts,* Home,oscaralasa@gmail.com,,,,,Mobile,+2347032992238,Other,+2347032992238,,,,,,,,,,,,,,,,,,Nigeria,Nigeria,,,,,,,,,,,,,,,,,,,,,,,,,,,,,,,,,,,,,,
Ososese Akhere,,,,,,,,,,,,,,,,* myContacts,* Other,stephanieosose@gmail.com,,,,,Mobile,+2348167519816,Other,+2348167519816,,,,,,,,,,,,,,,,,,,,,,,,,,,,,,,,,,,,,,,,,,,,,,,,,,,,,,,,,
OSUOBENI BEST EBIMOBOWEI,,,,,,,,,,,,,,,,* myContacts,* Other,bestg3318@gmail.com,,,,,Other,+2349060662850,,,,,,,,,,,,,,,,,,,,,,,,,,,,,,,,,,,,,,,,,,,,,,,,,,,,,,,,,,,
Oyebade Adeniyi,,,,,,,,,,,,,,,,* myContacts,* Other,niyiandrew4all13@gmail.com,,,,,Other,24308165382329,,,,,,,,,,,,,,,,,,,,,,,,,,,,,,,,,,,,,,,,,,,,,,,,,,,,,,,,,,,
,,OYEBAMIJI,,,,,,,,,,,,,,TESCOM ::: * myContacts,,,,,,,Mobile,+2348060947509,,,,,,,,,,,,,,,,,,,,Nigeria,,,,,,Nigeria,,,,,,,,,,,,,,,,,,,,,,,,,,,,,,,,,
OYEKOLA,,PASTOR,,,,,,,,,,,,,,TESCOM AGBIRIGIDI ::: * myContacts,,,,,,,Mobile,+2348032125224,,,,,,,,,,,,,,,,,,,,Nigeria,,,,,,Nigeria,,,,,,,,,,,,,,,,,,,,,,,,,,,,,,,,,
OYEKUNLE ,,AJAGBE,,,,,,,,,,,,,https://lh3.googleusercontent.com/contacts/AG6tpzGkhDLg1zUYEzBiQgJX2-EVms2uf_1G_phZXXh_RoIS-J2J-4OW,Techbase Customers ::: * myContacts,* Home,oyekunle.ajagbe@gmail.com,,,,,Mobile,+2348027715366,,,,,,,,,,,,,,,,,,,,,,,,,,,,,,,,,,,,,,,,,,,,,,,,,,,,,,,,,,,
OYELAKIN IDC APAPA,,,,,,,,,,,,,,,,* myContacts,,,,,,,Mobile,+2348060231393,Other,+2348060231393,,,,,,,,,,,,,,,,,,Nigeria,,,,,,Nigeria,,,,,,,,,,,,,,,,,,,,,,,,,,,,,,,,,
OYENIHUN POPOOLA,,,,,,,,,,,,,,,,TESCOM ::: * myContacts,* Home,popoolaboyin@gmail.com,,,,,Mobile,+2347037350542,Other,+2347037350542,,,,,,,,,,,,,,,,,,Nigeria,,,,,,Nigeria,,,,,,,,,,,,,,,,,,,,,,,,,,,,,,,,,
OYERANTI,,,,,,,,,,,,,,,,School University of Ibadan Staff ::: RCCG ::: * myContacts,,,,,,,Mobile,+2348063761176,Other,+2348063761176,,,,,,,,,,,,,,,,,,,,,,,,,,,,,,,,,,,,,,,,,,,,,,,,,,,,,,,,,
OYETUNJI,,,,,,,,,,,,, --08-06,FIRST TIMER 2024/12/29,,RCCG ::: * myContacts,,,,,,,Mobile,+2348068063699,Other,+2348068063699,,,,,,,,,,,,,,,,,,,,,,,,,,,,,,,,,,,,,,,,,,,,,,,,,,,,,,,,,
OYEWO,,AKINLOLU,,,,,,,,U. I.,Mr.,,,,,School University of Ibadan Staff ::: * myContacts,* Home,oyewoakinlolu2@gmail.com,,,,,Mobile,+2348067524720,,,,,,,,,,,,,,,,,,,,Nigeria,Nigeria,,,,,,,,,,,,,,,,,,,,,,,,,,,,,,,,,,,,,,
OYINDAMOLA HANNAH ADESINA,,,,,,,,,,,,,2023-10-17,Business Administration,,KBI Ex Staff ::: * myContacts,,,,,,,Mobile,+2348141134197,Work,+2349075283087,Other,+2348141134197,,,,,,,,,,,,,,,,,,,,,,,,,,,,,,,,,,,,,,,,,,,,,,,,,,,,,,,
OYINLOLA,RUTH,AREMU,,,,,,,,,,,1996-11-17,,,RCCG ::: * myContacts,,,,,,,Mobile,+2348088794868,,,,,,,,,,,,,,,,,,,,Nigeria,,,,,,Nigeria,,,,,,,,,,,,,,,,,,,,,,,,,,,,,,,,,
Panel,,Idi Fan,,,,,,,,,,,,,,Businesses ::: * myContacts,,,,,,,Mobile,+2348067245698,,,,,,,,,,,,,,,,,,,,Nigeria,Nigeria,,,,,,,,,,,,,,,,,,,,,,,,,,,,,,,,,,,,,,
PAPA NCCF MONIYA,,,,,,,,,,,,,,,,RCCG ::: * myContacts,,,,,,,Mobile,+2348148767819,Other,+2348148767819,,,,,,,,,,,,,,,,,,,,,,,,,,,,,,,,,,,,,,,,,,,,,,,,,,,,,,,,,
Parfait Toke,,,,,,,,,,,,,,,,* myContacts,* Other,parfaittoke18@gmail.com,,,,,Mobile,+22896183519,Other,22896183519,,,,,,,,,,,,,,,,,,,,,,,,,,,,,,,,,,,,,,,,,,,,,,,,,,,,,,,,,
PARTY GIFTS COOLERS,,,,,,,,,,,,,,,,* myContacts,,,,,,,Mobile,+2348036154797,Other,+2348036154797,,,,,,,,,,,,,,,,,,,,,,,,,,,,,,,,,,,,,,,,,,,,,,,,,,,,,,,,,
PASCAL GRACE ONYEAHIALAM,,,,,,,,,,,,,,,,Businesses ::: * myContacts,,,,,,,Mobile,+2348116661973,Other,+2348116661973,,,,,,,,,,,,,,,,,,,,,,,,,,,,,,,,,,,,,,,,,,,,,,,,,,,,,,,,,
PASTOR EGBUFOR,,,,,,,,,,,,,,,,* myContacts,,,,,,,Home,+2348120114125 ::: +2348120114125,Mobile,+2348138600912,Other,+2348120114125,,,,,,,,,,,,,,,,,,,,,,,,,,,,,,,,,,,,,,,,,,,,,,,,,,,,,,,
Pastor KOMOLAFE,,,,,,,,,,,,,,,,RCCG ::: * myContacts,,,,,,,Mobile,+25779805316,Other,+25779805316,,,,,,,,,,,,,,,,,,,,,,,,,,,,,,,,,,,,,,,,,,,,,,,,,,,,,,,,,
Patience Etornam Liadey,,,,,,,,,,,,,,,,* myContacts,* Other,patpelaapril@gmail.com,,,,,Other,233248071104,,,,,,,,,,,,,,,,,,,,,,,,,,,,,,,,,,,,,,,,,,,,,,,,,,,,,,,,,,,
Patricia Des-Bordes,,,,,,,,,,,,,,,,* myContacts,* Other,arabadesbordes@gmail.com,,,,,Other,2330242008426,,,,,,,,,,,,,,,,,,,,,,,,,,,,,,,,,,,,,,,,,,,,,,,,,,,,,,,,,,,
Patrick Addo,,,,,,,,,,,,,,,,* myContacts,* Other,addopatrick93@gmail.com,,,,,Other,2330242601992,,,,,,,,,,,,,,,,,,,,,,,,,,,,,,,,,,,,,,,,,,,,,,,,,,,,,,,,,,,
PAUL,,,,,,,,,,,,,2021-08-15,,,RCCG ::: * myContacts,,,,,,,Mobile,+2348160256262,Other,+2348160256262,,,,,,,,,,,,,,,,,,,,,,,,,,,,,,,,,,,,,,,,,,,,,,,,,,,,,,,,,
PAUL,,ADESINA,,,,,,,,,,,,,https://lh3.googleusercontent.com/contacts/AG6tpzE8eYqM-65s_BqLpAkf6QbM01Jibe3crmJfIMuwFloacuxgc_aj,School University of Ibadan Students ::: * myContacts,* Home,paul2reign@gmail.com,,,,,Mobile,+2348039168970,,,,,,,,,,,,,,,,,,,,Nigeria,,,,,,Nigeria,,,,,,,,,,,,,,,,,,,,,,,,,,,,,,,,,
PEACE ESTHER OMOSEBI,,,,,,,,,,,,, --04-26,,,RCCG ::: * myContacts,,,,,,,Other,+2349035617945,,,,,,,,,,,,,,,,,,,,,,,,,,,,,,,,,,,,,,,,,,,,,,,,,,,,,,,,,,,
Peace Mensah,,,,,,,,,,,,,,,,* myContacts,* Other,mensahjmpeace@yahoo.com,,,,,Other,2330544376831,,,,,,,,,,,,,,,,,,,,,,,,,,,,,,,,,,,,,,,,,,,,,,,,,,,,,,,,,,,
PEACE OLUSOLA,,,,,,,,,,,,,2024-05-07,,,RCCG ::: * myContacts,,,,,,,Mobile,+2349063219776,Other,+2349063219776,,,,,,,,,,,,,,,,,,,,,,,,,,,,,,,,,,,,,,,,,,,,,,,,,,,,,,,,,
PEACE OWOLABI,,,,,,,,,,,,,,,,RCCG ::: * myContacts,,,,,,,Other,+2349065590554,,,,,,,,,,,,,,,,,,,,,,,,,,,,,,,,,,,,,,,,,,,,,,,,,,,,,,,,,,,
PEARCE FOLORUNSHO,,,,,,,,,,,,,2024-10-10,,,KBI Staff ::: * myContacts,* Home,folorunshopearse@gmail.com,,,,,Work,+2349011307562,Mobile,+2348168870371,Other,+2348168870371,,,,,,,,,,,,,,,,,,,,,,,,,,,,,,,,,,,,,,,,,,,,,,,,,,,,,,,
PEJU AHMED,,,,,,,,,,,,,,,,* myContacts,* Other,pjahmed@yahoo.co.uk,,,,,Mobile,+2348038565369,Other,+2348038565369,,,,,,,,,,,,,,,,,,,,,,,,,,,,,,,,,,,,,,,,,,,,,,,,,,,,,,,,,
PELUMI ADURAGBEMI AWONIYI,,,,,,,,,,,,, --06-01,,,KBI Ex Staff ::: * myContacts,* Other,awoniyipelumi2019@gmail.com,,,,,Other,+2349016957793,,,,,,,,,,,,,,,,,,,,,,,,,,,,,,,,,,,,,,,,,,,,,,,,,,,,,,,,,,,
Peter Botame Ikome,,,,,,,,,,,,,,,,* myContacts,* Other,botamepeter@gmail.com,,,,,Other,237653165172,,,,,,,,,,,,,,,,,,,,,,,,,,,,,,,,,,,,,,,,,,,,,,,,,,,,,,,,,,,
PETER EJESEI,,,,,,,,,,,,,,,,RCCG ::: * myContacts,* Home,alhumilepeter@gmail.com,Work,khamepeter@gmail.com,,,Mobile,+2348075123891,Other,+2348075123891,,,,,,,,,,,,,,,,,,,,,,,,,,,,,,,,,,,,,,,,,,,,,,,,,,,,,,,,,
PETER,,EMMANUEL,,,,,,,,,,, --08-04,,,RCCG ::: * myContacts,,,,,,,Other,+2349065618939,,,,,,,,,,,,,,,,,,,,,,,,,,,,,,,,,,,,,,,,,,,,,,,,,,,,,,,,,,,
PETER,,FAVOUR,,,,,,,,,,,2021-11-26,,,KBI Parents ::: * myContacts,,,,,,,Mobile,+2347040853164,,,,,,,,,,,,,,,,,,,,Nigeria,,,,,,Nigeria,,,,,,,,,,,,,,,,,,,,,,,,,,,,,,,,,
PETER,,GLORY,,,,,,,,,,, --11-13,,,RCCG ::: * myContacts,,,,,,,Other,+2347047712320,,,,,,,,,,,,,,,,,,,,,,,,,,,,,,,,,,,,,,,,,,,,,,,,,,,,,,,,,,,
PETER KIMBEGHI,,,,,,,,,,Peter Kimbeghi,,,,,,Techbase Customers Ex ::: * myContacts,,,,,,,Mobile,+2349025823243,Other,+2349025823243,,,,,,,,,,,,,,,,,,,,,,,,,,,,,,,,,,,,,,,,,,,,,,,,,,,,,,,,,
PETER OLABODE,,OLAOKE,,,,,,,,,,,,,,TESCOM ::: * myContacts,* Home,olaokeolabode@gmail.com,,,,,Mobile,+2348105649481,,,,,,,,,,,,,,,,,,,,Nigeria,Nigeria,,,,,,,,,,,,,,,,,,,,,,,,,,,,,,,,,,,,,,
PHARMACY AZEEZAT KINGSWAY,,,,,,,,,,,,,,,,* myContacts,,,,,,,Other,+2348074671798,,,,,,,,,,,,,,,,,,,,,,,,,,,,,,,,,,,,,,,,,,,,,,,,,,,,,,,,,,,
PHEBEAN,OLUWASEUN,ADEKUNLE,,,,,,,,,,,1999-11-27,,,KBI Ex Staff ::: * myContacts,* Home,adekunleoluwaseun025@gmail.com,,,,,Mobile,+2349155651423,,,,,,,,,,,,,,,,,,,,Nigeria,,,,,,Nigeria,,,,,,,,,,,,,,,,,,,,,,,,,,,,,,,,,
Philomina Adjei,,,,,,,,,,,,,,,,* myContacts,* Other,philominaadjei692@gmail.com,,,,,Other,233548442545,,,,,,,,,,,,,,,,,,,,,,,,,,,,,,,,,,,,,,,,,,,,,,,,,,,,,,,,,,,
PHOEBE AMAKA CHIKEZIE,,,,,,,,,,,,,,,,Techbase Customers Ex ::: * myContacts,,,,,,,Mobile,+2348068689856,Other,+2348068689856,,,,,,,,,,,,,,,,,,,,,,,,,,,,,,,,,,,,,,,,,,,,,,,,,,,,,,,,,
PHOEBE IBUKUNOLUWA FALOLA,,,,,,,,,,,,,2001-07-24,,,KBI Staff ::: * myContacts,* Home,phoebeakorede@gmail.com,,,,,Other,+2349032806402,,,,,,,,,,,,,,,,,,,,,,,,,,,,,,,,,,,,,,,,,,,,,,,,,,,,,,,,,,,
POLICE ELEYELE,,,,,,,,,,,,,,,https://lh3.googleusercontent.com/contacts/AG6tpzHOM3RtHCB1EmzAPirQtHYDqQ3tH1DaF3MOOeHMaDLv-cO6rzMh,Scholarship Processing ::: * myContacts,* Home,omoayecole@gmail.com,,,,,Mobile,+234 802 352 8151,,,,,,,,,,,,,,,,,,,,,,,,,,,,,,,,,,,,,,,,,,,,,,,,,,,,,,,,,,,
PRAISE & MOJEREOLUWA & FAITH,,ADEDOJA,,,,,,,,,,,,,,KBI Parents ::: * myContacts,* ,adedojapaulsunday@gmail.com,,adeyemiadedoja24@gmail.com,,,Other,0803 728 1853,Mobile,0913 412 7863,,,,,,,,,,,,,,,,,,"NO 20, UNIT 1, ARAROMIBAGADAJE, MONIYA
IBADAN
NG","NO 20, UNIT 1, ARAROMIBAGADAJE, MONIYA",IBADAN,,,,NG,,,,,,,,,,,,,,,,,,,,,,,,ADEDOJA PRAISE,2017-05-08,ADEDOJA MOJEREOLUWA,2020-07-08,FAITH MORAYOOLUWA,2023-05-09,,,,
PRAISE & MOJEREOLUWA ADEDOJA,,,,,,,,,,,,,,,,* myContacts,* Other,adedojapaulsunday@gmail.com,Other,adeyemiadedoja24@gmail.com,,,Other,+2349033128076,,,,,,,,,,,,,,,,,,,,,,,,,,,,,,,,,,,,,,,,,,,,,,,,,,,,,,,,,,,
PRAISE & MOJEREOLUWA PROSPER ADEDOJA,,,,,,,,,,,,,,,,* myContacts,* Other,adeyemiadedoja24@gmail.com,Other,adedojapaulsunday@gmail.com,,,Other,+2349033128076,,,,,,,,,,,,,,,,,,,,,,,,,,,,,,,,,,,,,,,,,,,,,,,,,,,,,,,,,,,
PRAISE ADEBAYO,,,,,,,,,,,,,,,,RCCG ::: * myContacts,,,,,,,Other,+2349058507119,,,,,,,,,,,,,,,,,,,,,,,,,,,,,,,,,,,,,,,,,,,,,,,,,,,,,,,,,,,
PRAISE ADEBISI,,,,,,,,,,,,,,,,* myContacts,,,,,,,Mobile,+2348158550460,Other,+2348158550460,,,,,,,,,,,,,,,,,,,,,,,,,,,,,,,,,,,,,,,,,,,,,,,,,,,,,,,,,
PRAISE AJAYI,,,,,,,,,,,,,,,,RCCG ::: * myContacts,,,,,,,Mobile,+2347065097463,Other,+2347065097463,,,,,,,,,,,,,,,,,,,,,,,,,,,,,,,,,,,,,,,,,,,,,,,,,,,,,,,,,
PRAISE,,DAHUNSI,,,,,,,,,,,,,,RCCG ::: * myContacts,,,,,,,Other,+2349158800169,,,,,,,,,,,,,,,,,,,,,,,,,,,,,,,,,,,,,,,,,,,,,,,,,,,,,,,,,,,
PRAISE IKHUORIA,,,,,,,,,,,,, --02-12,,,RCCG ::: * myContacts,,,,,,,Mobile,+447448116366,Other,+2348103284706,,,,,,,,,,,,,,,,,,,,,,,,,,,,,,,,,,,,,,,,,,,,,,,,,,,,,,,,,
PRAISE NIFEMI OMOSEBI,,,,,,,,,,,,,2024-06-29,,,RCCG ::: * myContacts,* Home,praisenifemi100@gmail.con,,,,,Mobile,+2349064233997,Other,+2349064233997,,,,,,,,,,,,,,,,,,,,,,,,,,,,,,,,,,,,,,,,,,,,,,,,,,,,,,,,,
PRAISE OGHUMAH CHRISTMAS,,,,,,,,,,,,,,,,* myContacts,* Home,poghumah@gmail.com,,,,,Mobile,+2348126211686,Other,+2348126211686,,,,,,,,,,,,,,,,,,Nigeria,Nigeria,,,,,,,,,,,,,,,,,,,,,,,,,,,,,,,,,,,,,,
PRAISE OLAMIPOSI PHILIPS,,,,,,,,,,,,,,,,KBI Ex Staff ::: * myContacts,* Home,philipspraise1808@gmail.com,,,,,Mobile,+2347088814293,Work,+2348158550460 ::: +2348158550460,Other,+2348158550460,,,,,,,,,,,,,,,Home,NG,,,,,,NG,,,,,,,,,,,,,,,,,,,,,,,,,,,,,,,,,
PRAISE OLOGUNDUDU,,,,,,,,,,,,,2019-09-16,,,KBI Parents ::: * myContacts,* Other,oladapooluwabunmi123@gmail.com,,,,,Other,+2349152933746,,,,,,,,,,,,,,,,,,,,,,,,,,,,,,,,,,,,,,,,,,,,,,,,,,,,,,,,,,,
PRECIOUS,,AYEDUN,,,,,,,,,FASHION DESIGNER / TRADER,,2010-02-05,,https://lh3.googleusercontent.com/contacts/AG6tpzFv_QkC8evAlJpW7VGa8s-UOGPAkEuq39prQmkLD4IicEFDIhqj,KBI Parents ::: * myContacts,,,,,,,Other,+2349068410943 ::: +2348061560798 ::: +2348076106985,Mobile,+2348086579251,,,,,,,,,,,,,,,,,Other,"NO 1 I.D.C PRIMARY SCHOOL AYEDUN COMPOUNDAPAPA
NG",NO 1 I.D.C PRIMARY SCHOOL AYEDUN COMPOUNDAPAPA,,,,,NG,,,,,,,,,,,,,,,,,,,,,,,,,,,,,,,,,
PRECIOUS,CHRISTIANA,OMOJARE,,,,,,,,,,,,,,* myContacts,* ,preciousdare34@gmail.com,,,,,Other,+2348162066111,,,,,,,,,,,,,,,,,,,,,,,,,,,,,,,,,,,,,,,,,,,,,,,,,,,,,,,,,,,
PRECIOUS IKPA,,,,,,,,,,,,,,,,RCCG ::: * myContacts,,,,,,,Mobile,+2348167394074,Other,+2348167394074,,,,,,,,,,,,,,,,,,,,,,,,,,,,,,,,,,,,,,,,,,,,,,,,,,,,,,,,,
PRECIOUS JOSEPH,,,,,,,,,,,,,,,,RCCG ::: * myContacts,,,,,,,Other,+2347083944321,,,,,,,,,,,,,,,,,,,,,,,,,,,,,,,,,,,,,,,,,,,,,,,,,,,,,,,,,,,
Precious Oluwafemi,,,,,,,,,,,,,,,,* myContacts,* Other,toluwalodaraju16@gmail.com,,,,,Other,+2349016860124,,,,,,,,,,,,,,,,,,,,,,,,,,,,,,,,,,,,,,,,,,,,,,,,,,,,,,,,,,,
PRECIOUS OMOSEBI,,,,,,,,,,,,,2024-09-29,,,RCCG ::: * myContacts,,,,,,,Mobile,+2349037515406,Other,+2349037515406,,,,,,,,,,,,,,,,,,,,,,,,,,,,,,,,,,,,,,,,,,,,,,,,,,,,,,,,,
PRECIOUS OMOWO,,,,,,,,,,Knowledge Base International School,,,1997-05-19,,,KBI Ex Staff ::: * myContacts,* Home,omowoprecious2@gmail.com,,,,,Home,+2349054566820,Mobile,+2348133764500,Other,+2348133764500,,,,,,,,,,,,,,,Home,Nigeria,,,,,,Nigeria,,,,,,,,,,,,,,,,,,,,,,,,,,,,,,,,,
PRECIOUS,,SANNI,,,,,,,,,,,,,,* myContacts,,,,,,,Mobile,+2348108919060,,,,,,,,,,,,,,,,,,,,Nigeria,,,,,,Nigeria,,,,,,,,,,,,,,,,,,,,,,,,,,,,,,,,,
Prince Dacosta Abagna,,,,,,,,,,,,,,,,* myContacts,* Other,dacospaltiel@gmail.com,,,,,Mobile,+233245625590,Other,233245625590,,,,,,,,,,,,,,,,,,,,,,,,,,,,,,,,,,,,,,,,,,,,,,,,,,,,,,,,,
PRINCESS,ADETOLA,ADEYEMI,,,,,,,,,,,2012-06-25,,,KBI Parents ::: * myContacts,* ,olamideadeyemi010@gmail.com,,,,,Other,+2349017984272,,0703 703 3917,,,,,,,,,,,,,,,,,,,,,,,,,,,,,,,,,,,,,,,,,,,,,,,,,,,,,,,,,
PRINCESS,BEWAJI,BAKARE,,,,,,,,,,,2011-06-17,,,KBI Parents ::: * myContacts,,,,,,,Other,+2348061539378,,,,,,,,,,,,,,,,,,,,,,,,,,,,,,,,,,,,,,,,,,,,,,,,,,,,,,,,,,,
Princess Noble,,,,,,,,,,,,,,,,* myContacts,* Other,noblenelo@gmail.com,,,,,Other,+2349094608773,,,,,,,,,,,,,,,,,,,,,,,,,,,,,,,,,,,,,,,,,,,,,,,,,,,,,,,,,,,
PRISCILLA ABIODUN,,,,,,,,,,,,,,,,RCCG ::: * myContacts,,,,,,,Other,+2348181667870,,,,,,,,,,,,,,,,,,,,,,,,,,,,,,,,,,,,,,,,,,,,,,,,,,,,,,,,,,,
Priscilla Adom,,,,,,,,,,,,,,,,* myContacts,* Other,prillaadom22@gmail.com,,,,,Other,2330532751926,,,,,,,,,,,,,,,,,,,,,,,,,,,,,,,,,,,,,,,,,,,,,,,,,,,,,,,,,,,
PRISCILLA,OLUWADARASIMI,MORADEYO,,,,,,,,,,,2019-08-24,,,KBI Parents ::: * myContacts,* ,MORADEXADEXCO@YAHOO.COM,,,,,,0803 426 2729,,,,,,,,,,,,,,,,,,,,,,,,,,,,,,,,,,,,,,,,,,,,,,,,,,,,,,,,,,,
Priscilla Vawurah,,,,,,,,,,,,,,,,* myContacts,* Other,priscilla.khadiv@gmail.com,,,,,Other,2330249400866,,,,,,,,,,,,,,,,,,,,,,,,,,,,,,,,,,,,,,,,,,,,,,,,,,,,,,,,,,,
PROFESSOR O. I. POPOOLA TUNDE,,,,,,,,,,,,,,,,School University of Ibadan Staff ::: * myContacts,* Home,latunde.popoola@gmail.com,Work,itundepopoola@yahoo.com,,,Mobile,+2348023217050,Work,+353899660331 ::: +353899660331,Other,+353899660331,,,,,,,,,,,,,,,,,,,,,,,,,,,,,,,,,,,,,,,,,,,,,,,,,,,,,,,
Promise Oladejo YALI 51,,,,,,,,,,,,,,,,* myContacts,,,,,,,Mobile,+2349038607958,Other,+2349038607958,,,,,,,,,,,,,,,,,,,,,,,,,,,,,,,,,,,,,,,,,,,,,,,,,,,,,,,,,
PROSPER & DANIEL & EMMANUEL,,ADELOYE,,,,,,,,,,,,,,KBI Parents ::: * myContacts,,,,,,,Other,+234 811 979 0441 ::: +2348146438402,,0703 269 5666,,,,,,,,,,,,,,,,,Other,"NO 20, ALAJAMONIYA
IBADAN
NG","NO 20, ALAJAMONIYA",IBADAN,,,,NG,,,,,,,,,,,,,,,,,,,,,,,,PROSPER ADELOYE,2013-09-24,DANIEL & EMMANUEL ADELOYE,2018-06-25,,,,,,
QUDUS & JUMAI,KOLAPO & BOLUWATIFE,OKERINDE,,,,,,,,,TRADER / TRADER / TRADER,,,,,KBI Parents ::: * myContacts,* ,okerindekabiru@gmail.com,,okerindeolaide@gmail.com ::: okerindesueebat@gmail.com,,,Other,+2348052600902,,0807 816 8370 ::: 0802 351 9591 ::: 0818 695 7420,,,,,,,,,,,,,,,,,Other,"47, ROAD C, APAPA STREET
NG","47, ROAD C, APAPA STREET",NG,,,,,,,,,,,,,,,,,,,,,,,,,,,,QUDUS KOLAPO OKERINDE,2010-06-26,JUMAI BOLUWATIFE OKERINDE,2011-07-30,,,,,,
QUDUS & JUMAI KOLAPO & BOLUWATIFE OKERINDE,,,,,,,,,,,,,,,,* myContacts,* Other,okerindeolaide@gmail.com,Other,okerindekabiru@gmail.com ::: okerindesueebat@gmail.com,,,Other,+2348028948020,,,,,,,,,,,,,,,,,,,,,,,,,,,,,,,,,,,,,,,,,,,,,,,,,,,,,,,,,,,
QUDUS & JUMAI KOLAPO & BOLUWATIFE OKERINDE,,,,,,,,,,,,,,,,* myContacts,* Other,okerindekabiru@gmail.com,Other,okerindeolaide@gmail.com ::: okerindesueebat@gmail.com,,,Pager,+2348129193607,Other,+2348052600902,,,,,,,,,,,,,,,,,,,,,,,,,,,,,,,,,,,,,,,,,,,,,,,,,,,,,,,,,
QUDUS AJAO,,,,,,,,,,,TRADER,,2008-11-09,,,KBI Ex Parents ::: * myContacts,,,,,,,Other,+2349022848304 ::: +2348114752824,Mobile,+2349023785440,Work,+2349139068858 ::: +2349139068858,,,,,,,,,,,,,,,,,,,,,,,,,,,,,,,,,,,,,,,,,,,,,,,,,,,,,,,
QUDUS,AKANDE,MOLUMO,,,,,,,,,,,,,,TESCOM AGBIRIGIDI ::: * myContacts,,,,,,,Mobile,+2349150177044,,,,,,,,,,,,,,,,,,,,,,,,,,,,,,,,,,,,,,,,,,,,,,,,,,,,,,,,,,,
QUDUS,BOLUWATIFE,AJAO,,,,,,,,,,,,,,KBI Ex Parents ::: * myContacts,* Home,mosesshobande807@gmail.com,,,,,Mobile,+2349015585735,,,,,,,,,,,,,,,,,,,,,,,,,,,,,,,,,,,,,,,,,,,,,,,,,,,,,,,,,,,
QUEEN,,OJEDELE,,,,,,,,,,,2020-10-17,,https://lh3.googleusercontent.com/contacts/AG6tpzG_3vFCIPKNTtC1AMv83CfNoDuQHeDESlPkvcLp0v41iuA07w5_,* myContacts,,,,,,,Mobile,+2348064769810,,,,,,,,,,,,,,,,,,,,,,,,,,,,,,,,,,,,,,,,,,,,,,,,,,,,,,,,,,,
RACHAEL AKPU IBIRONKE,,,,,,,,,,,,,,,,Techbase Customers Ex ::: * myContacts,,,,,,,Mobile,+2348163555027,Other,+2348163555027,,,,,,,,,,,,,,,,,,,,,,,,,,,,,,,,,,,,,,,,,,,,,,,,,,,,,,,,,
RACHAEL FUNBI,,,,,,,,,,,,, --06-18,,,RCCG ::: * myContacts,,,,,,,Other,+2348158761671,,,,,,,,,,,,,,,,,,,,,,,,,,,,,,,,,,,,,,,,,,,,,,,,,,,,,,,,,,,
RACHAEL SEYI OKUSANYA,,,,,,,,,,,,,1992-04-25,,,RCCG ::: * myContacts,* Home,racharlokusanya19@gmail.com,Work,okusanyarachael@gmail.com,,,Work,+2348124597007 ::: +2348124597007,Mobile,+2349034280660,Other,+2349034280660,,,,,,,,,,,,,,,,,,,,,,,,,,,,,,,,,,,,,,,,,,,,,,,,,,,,,,,
Racheal Nwachukwu,,,,,,,,,,,,,,,,* myContacts,* Other,rachinwachukwu@gmail.com,,,,,Other,+2348152961779,,,,,,,,,,,,,,,,,,,,,,,,,,,,,,,,,,,,,,,,,,,,,,,,,,,,,,,,,,,
Radia Chentiwuni Issahaku,,,,,,,,,,,,,,,,* myContacts,* Other,rissahaku2@gmail.com,,,,,Other,2330545321697,,,,,,,,,,,,,,,,,,,,,,,,,,,,,,,,,,,,,,,,,,,,,,,,,,,,,,,,,,,
RAFIU,OLAYIDE,AMIDU,,,,,,,,,,,1988-08-01,,,TESCOM ::: * myContacts,* Home,rafiuamidu100@gmail.com,,,,,Mobile,+2347056434399,,,,,,,,,,,,,,,,,,,,Nigeria,,,,,,Nigeria,,,,,,,,,,,,,,,,,,,,,,,,,,,,,,,,,
RAPHAEL WILSON,,,,,,,,,,,,,,,,* myContacts,,,,,,,Mobile,+2349016534077,Other,+2349016534077,,,,,,,,,,,,,,,,,,,,,,,,,,,,,,,,,,,,,,,,,,,,,,,,,,,,,,,,,
RASAK,,ADEBAYO,,,,,,,,,,,,,,Relatives ::: * myContacts,,,,,,,Mobile,+2349165190315,,,,,,,,,,,,,,,,,,,,Nigeria,,,,,,Nigeria,,,,,,,,,,,,,,,,,,,,,,,,,,,,,,,,,
RASHEEDAT,,AGBAJE,,,,,,,,UI BUS NASU TREASURER,,,,,,Businesses ::: * myContacts,,,,,,,Mobile,+2348136045470,,,,,,,,,,,,,,,,,,,,Nigeria,,,,,,Nigeria,,,,,,,,,,,,,,,,,,,,,,,,,,,,,,,,,
RASHEEDAT AJOLAAYO ABODUNRIN,,,,,,,,,,,,,1997-05-15,"FIRSTBANK
3115282655
Abodunrin Rasheedat Ajolaayo",,KBI Ex Staff ::: * myContacts,* Home,abodunrinrasheedat366@gmail.com,,,,,Mobile,+2349038004967,Other,+2349038004967,,,,,,,,,,,,,,,,,,,,,,,,,,,,,,,,,,,,,,,,,,,,,,,,,,,,,,,,,
RASHIDAT,ALHAJA UI PHYSICS,ADEDOKUN,,,,,,,,ALHAJA UI PHYSICS,,,,,https://lh3.googleusercontent.com/contacts/AG6tpzHHhaa-08k_9GDbTsnoRbAVxQuod9qJm106r7fVHapHTlodRQ-f,School University of Ibadan Staff ::: * myContacts,* Home,ra.adedokun72@gmail.com,,,,,Mobile,+2348053342869,Work,+2348167050640,,,,,,,,,,,,,,,,,,,,,,,,,,,,,,,,,,,,,,,,,,,,,,,,,,,,,,,,,
Raymond Kwame Amachor,,,,,,,,,,,,,,,,* myContacts,* Other,rkamachor01@gmail.com,,,,,Other,233557083195,,,,,,,,,,,,,,,,,,,,,,,,,,,,,,,,,,,,,,,,,,,,,,,,,,,,,,,,,,,
RAZAT PUBLISHERS,,,,,,,,,,,,,,,,* myContacts,,,,,,,Mobile,+2348183821766,Other,+2348183821766,,,,,,,,,,,,,,,,,,,,,,,,,,,,,,,,,,,,,,,,,,,,,,,,,,,,,,,,,
REBECCA,,EKONG,,,,,,,,,,,,,,RCCG ::: * myContacts,,,,,,,Other,+2348037130063,,,,,,,,,,,,,,,,,,,,,,,,,,,,,,,,,,,,,,,,,,,,,,,,,,,,,,,,,,,
Rebecca Kuwot Suku,,,,,,,,,,,,,,,,* myContacts,* Other,rebeccakuwotsuku@gmail.com,,,,,Other,+2347058302863,,,,,,,,,,,,,,,,,,,,,,,,,,,,,,,,,,,,,,,,,,,,,,,,,,,,,,,,,,,
Richard Tsekpokumah,,,,,,,,,,,,,,,,* myContacts,* Other,richardtsekpokumah@gmail.com,,,,,Other,+233595473683,,,,,,,,,,,,,,,,,,,,,,,,,,,,,,,,,,,,,,,,,,,,,,,,,,,,,,,,,,,
RIDWAN BABATUNDE BAMGBOSE,,,,,,,,,,,,,,Can teach Scratch Programming not Python Programming.,,Techbase Customers Ex ::: * myContacts,* Home,bamgboseridwan95@gmail.com,,,,,Work,+2348080737425 ::: +2348080737425,Mobile,+2348066314271,Other,+2348080737425,,,,,,,,,,,,,,,,,,,,,,,,,,,,,,,,,,,,,,,,,,,,,,,,,,,,,,,
RIDWAN MUDASHIRU,,,,,,,,,,,,,,,,* myContacts,* Other,mudashiruridwan5@gmail.com,,,,,Other,+2347010737194,,,,,,,,,,,,,,,,,,,,,,,,,,,,,,,,,,,,,,,,,,,,,,,,,,,,,,,,,,,
RODIAT,,OLADIPUPO,,,,,,,,,BUSINESSMAN / CHEMIST,,2009-01-20,,,KBI Ex Parents ::: * myContacts,* ,oladipupokenny@gmail.com,,oladipupodasola@gmail.com,,,Other,+234 903 560 7504 ::: +2348069077205 ::: +2347071738656,Mobile,+2348062475349,,,,,,,,,,,,,,,,,,"MESIOGO LABI 2, ROAD A 23
NG
GB","MESIOGO LABI 2, ROAD A 23",NG,,,,GB,,,,,,,,,,,,,,,,,,,,,,,,,,,,,,,,,
ROHEEMAT,,AZEEZ,,,,,,,,,,,,,,TESCOM ::: * myContacts,,,,,,,Mobile,+2348076772807,,,,,,,,,,,,,,,,,,,,Nigeria,,,,,,Nigeria,,,,,,,,,,,,,,,,,,,,,,,,,,,,,,,,,
ROQEEB OLALEKAN AKANBI,,,,,,,,,,,,,,,,* myContacts,* Other,aconbiola@gmail.com,,,,,Other,+2347030900258,,,,,,,,,,,,,,,,,,,,,,,,,,,,,,,,,,,,,,,,,,,,,,,,,,,,,,,,,,,
ROQUEEB WONSEBOLATAN,,,,,,,,,,,,,,,,Businesses ::: * myContacts,,,,,,,Work,+2347013892125 ::: +2347013892125,Other,+2347013892125,,,,,,,,,,,,,,,,,Home,NG,,,,,,NG,,,,,,,,,,,,,,,,,,,,,,,,,,,,,,,,,
Rose Tweneboa-kodua,,,,,,,,,,,,,,,,* myContacts,* Other,tweneboakoduarose@gmail.com,,,,,Mobile,+233546524255,Other,+233546524255,,,,,,,,,,,,,,,,,,,,,,,,,,,,,,,,,,,,,,,,,,,,,,,,,,,,,,,,,
ROSELINE,,ADEREMI,,,,,,,,,,,2025-01-29,,,* myContacts,,,,,,,Mobile,+2347010643760,,,,,,,,,,,,,,,,,,,,Nigeria,,,,,,Nigeria,,,,,,,,,,,,,,,,,,,,,,,,,,,,,,,,,
ROSEMARY ABIODUN OLUKOYA,,,,,,,,,,Rossey data services,,, --03-14,"School graduated from: Ogun state institute of technology (igbesa)
Course of study: Business administration
Account Details: 0774746872
Access
Rosemary olukoya",,KBI Ex Staff ::: * myContacts,* Other,olukoyarosemary2022@gmail.com,,,,,Mobile,+2349073846159,Other,+2349073846159,,,,,,,,,,,,,,,,,,,,,,,,,,,,,,,,,,,,,,,,,,,,,,,,,,,,,,,,,
ROSHEEDAT,ODUNAYO,AZEEZ,,,,,,,,,,,,,,TESCOM ::: * myContacts,,,,,,,Mobile,+2348165045569,,,,,,,,,,,,,,,,,,,,Nigeria,,,,,,Nigeria,,,,,,,,,,,,,,,,,,,,,,,,,,,,,,,,,
Ruhwema Shani,,,,,,,,,,,,,,,,* myContacts,* Other,shaniruhwema@gmail.com,,,,,Other,+233243240762,,,,,,,,,,,,,,,,,,,,,,,,,,,,,,,,,,,,,,,,,,,,,,,,,,,,,,,,,,,
RUKAYAT MOJISOLA AZEEZ,,,,,,,,,,OYO STATE MINISTRY,,,,,,Businesses ::: * myContacts,* Home,rukkysandy10@gmail.com,,,,,Other,+2347014901406,,,,,,,,,,,,,,,,,,,,,,,,,,,,,,,,,,,,,,,,,,,,,,,,,,,,,,,,,,,
RUQAYAT,,DANJUMA,,,,,,,,,,,,,https://lh3.googleusercontent.com/contacts/AG6tpzEdnQa-nwp64EAVhpgFLSHrF9iwHnkVIUHa6_2Uz-vc3o0hPoRx,Relatives ::: * myContacts,* Home,danjumaruqayat@gmail.com,,,,,Mobile,+234 807 540 4348 ::: +234 913 902 1721,,,,,,,,,,,,,,,,,,,Home,NG,,,,,,NG,,,,,,,,,,,,,,,,,,,,,,,,,,,,,,,,,
RUTH ALABI,,,,,,,,,,,,,,,,* myContacts,,,,,,,Mobile,+2348134590805,Other,+2348134590805,,,,,,,,,,,,,,,,,,,,,,,,,,,,,,,,,,,,,,,,,,,,,,,,,,,,,,,,,
Ruth Gladstone,,,,,,,,,,,,,,,,* myContacts,* Other,ruthygladstone@gmail.com,,,,,Other,2330542057455,,,,,,,,,,,,,,,,,,,,,,,,,,,,,,,,,,,,,,,,,,,,,,,,,,,,,,,,,,,
RUTH,KEMI,JOHN,,,,,,,,,,,1988-10-18,,,KBI Staff ::: * myContacts,* Home,godwinjohn23@yahoo.com,,,,,Work,+2348125193823,Mobile,+2348168484850,,,,,,,,,,,,,,,,,Home,"Labi Junction No 1 Apapa RoadMoniya
Ibadan
NG",Labi Junction No 1 Apapa RoadMoniya,Ibadan,,,,NG,,,,,,,,,,,,,,,,,,,,,,,,,,,,,,,,,
RUTH OLADIPUPO EMMANUEL,,,,,,,,,,,Civil Servant,,2012-10-10,,,KBI Parents ::: * myContacts,* Other,funmilayomercybabalola@gmail.com,,,,,Mobile,+2347066495170,Other,+2347051615946,,,,,,,,,,,,,,,,,,,,,,,,,,,,,,,,,,,,,,,,,,,,,,,,,,,,,,,,,
SAGNIK BASU,,,,,,,,,,,,,,,,Scholarship Processing ::: * myContacts,* Home,sagnikbasu7guide@gmail.com,,,,,Mobile,+918902551161,Other,+918902551161,,,,,,,,,,,,,,,,,,"Kolkata
India",,Kolkata,,,,India,,,,,,,,,,,,,,,,,,,,,,,,,,,,,,,,,
Sali Toure,,,,,,,,,,,,,,,,* myContacts,* Other,salit7891@gmail.com,,,,,Other,22601202334,,,,,,,,,,,,,,,,,,,,,,,,,,,,,,,,,,,,,,,,,,,,,,,,,,,,,,,,,,,
Saliu,,Adelani Salam,,,,,,,,,,,,,https://lh3.googleusercontent.com/contacts/AG6tpzEnR2WOAf4Coykn1MmWm7y1FXvw98R42V0MTs5HJ1ESCXw7vZKh,TESCOM ::: * myContacts,* Home,salamsaliiade83@gmail.com,,,,,Mobile,+2347035486834,,+2348134904680,,,,,,,,,,,,,,,,,,"DARUL SALAM WA SIDIQ EKUNLE ISEYIN, 038 Oyo, Nigeria","DARUL SALAM WA SIDIQ EKUNLE ISEYIN, 038 Oyo, Nigeria",,,,,,,,,,,,,,,,,,,,,,,,,,,,,,,,,,,,,,
SALIU SALAM,,ADELANI,,,,,,,,,,,,,,TESCOM ::: * myContacts,,,,,,,Mobile,+2348134904680,,,,,,,,,,,,,,,,,,,,,,,,,,,,,,,,,,,,,,,,,,,,,,,,,,,,,,,,,,,
Sally Njoh,,,,,,,,,,,,,,,,* myContacts,* Other,sallytabe1992@gmail.com,,,,,Other,237672083772,,,,,,,,,,,,,,,,,,,,,,,,,,,,,,,,,,,,,,,,,,,,,,,,,,,,,,,,,,,
Sam Adeyinka,,,,,,,,,,,,,,,,* myContacts,* Other,merakeedigital@gmail.com,,,,,Other,+2348161646027,,,,,,,,,,,,,,,,,,,,,,,,,,,,,,,,,,,,,,,,,,,,,,,,,,,,,,,,,,,
SAM NCCF PAPA OYINLOYE,,,,,,,,,,,,,,,,RCCG ::: * myContacts,,,,,,,Mobile,+2348106985951,Other,+2348106985951,,,,,,,,,,,,,,,,,,,,,,,,,,,,,,,,,,,,,,,,,,,,,,,,,,,,,,,,,
SAMIC,,,,,,,,,,,,,,,,RCCG ::: * myContacts,,,,,,,Pager,+2349062836976,Other,+2349062836976,,,,,,,,,,,,,,,,,,,,,,,,,,,,,,,,,,,,,,,,,,,,,,,,,,,,,,,,,
SAMSON ADELEKE,,,,,,,,,,,,,,,,RCCG ::: * myContacts,* Other,sam_fola@yahoo.com,,,,,Work,2267,Mobile,+2348034035452,Other,+2348034035452,,,,,,,,,,,,,,,,,,,,,,,,,,,,,,,,,,,,,,,,,,,,,,,,,,,,,,,
SAMSON AWOYEMI,,,,,,,,,,,,,,,,Relatives ::: * myContacts,,,,,,,Other,+2349016087986,,,,,,,,,,,,,,,,,,,,,,,,,,,,,,,,,,,,,,,,,,,,,,,,,,,,,,,,,,,
Samuel Active Conteh,,,,,,,,,,,,,,,,* myContacts,* Other,contehsamuelactive23@gmail.com,,,,,Other,23279495925,,,,,,,,,,,,,,,,,,,,,,,,,,,,,,,,,,,,,,,,,,,,,,,,,,,,,,,,,,,
SAMUEL,,AWELEWA,,,,,,,,TECHBRIDGE CONSULTING LIMITED,TRAINER,,2020-10-09,,https://lh3.googleusercontent.com/contacts/AG6tpzGsZTJsYZMZLv5oiM9MSHcNyRKlcJ2b01VVcI3j4dY0vvlqIx1f,School University of Ibadan Students ::: * myContacts,* ,awelewasamuel@gmail.com,,,,,Mobile,+234 703 862 7419,,,,,,,,,,,,,,,,,,,,"13, Akanbi Layout, Omotara Street, Beside Assemblies of God, Agbowo 1, Ibadan, Oyo State.
NG","13, Akanbi Layout, Omotara Street, Beside Assemblies of God, Agbowo 1, Ibadan, Oyo State.",,,,,NG,,,,,,,,,,,,,,,,,,,,,,,,,,,,,,,,,
SAMUEL AWONIYI,,,,,,,,,,,,,,,,KBI Ex Parents ::: * myContacts,* Home,oluseyi2007@gmail.com,,,,,Mobile,+2348023430570,Other,+2348023430570,,,,,,,,,,,,,,,,,Home,Nigeria,,,,,,Nigeria,,,,,,,,,,,,,,,,,,,,,,,,,,,,,,,,Photo,https://lh3.googleusercontent.com/contacts/ABsqpltYrNRVpdclYUUngosMJBm3fweLoS0krzEESfANltIHCOCjYIqD
SAMUEL,DEMILADE,ADENIYI,,,,,,,,,,,2015-02-19,JSS1,,KBI Parents ::: * myContacts,,,,,,,,0703 074 6255,Other,+2348139391109,,,,,,,,,,,,,,,,,,,,,,,,,,,,,,,,,,,,,,,,,,,,,,,,,,,,,,,,,
Samuel Ngouafo Tafuh Foncha,,,,,,,,,,,,,,,,* myContacts,* Other,fonchasamuel@gmail.com,,,,,Other,237672094932,,,,,,,,,,,,,,,,,,,,,,,,,,,,,,,,,,,,,,,,,,,,,,,,,,,,,,,,,,,
SAMUEL OLATUNJI,,,,,,,,,,COASTER BUS,,,,,,Businesses ::: * myContacts,,,,,,,Pager,+2348035241904,Other,+2348035241904,,,,,,,,,,,,,,,,,,,,,,,,,,,,,,,,,,,,,,,,,,,,,,,,,,,,,,,,,
SAMUEL,OLUWASEYI,OLOYEDE,,,,,,,,,,,1990-05-05,,,KBI Staff ::: * myContacts,* Home,oloyedes600@gmail.com,,,,,,0703 940 7564,,,,,,,,,,,,,,,,,,,,,,,,,,,,,,,,,,,,,,,,,,,,,,,,,,,,,,,,,,,
SAMUEL ,,OMILABU-GANDHI ,,,,,,,,,,,,,https://lh3.googleusercontent.com/contacts/AG6tpzFOccIqyHPcUBRXB-OGjjyuELfHZ0AvcRLATSXAIbbP2eKXaGDT,* myContacts,* Home,somilabugandhi@gmail.com,,,,,Mobile,+234 814 653 2265,,,,,,,,,,,,,,,,,,,Home,Nigeria,,,,,,Nigeria,,,,,,,,,,,,,,,,,,,,,,,,,,,,,,,,,
SAMUEL,,OWOLABI,,,,,,,,,,,2018-08-08,,https://lh3.googleusercontent.com/contacts/AG6tpzHUUHeoMZnfVm-WwgxHbBzvGXRlHG-OmJTK_6pbPnBhTqa3fXUO,* myContacts,* Home,drsamsimiloluwa@gmail.com,,,,,Mobile,+2348102943042,,,,,,,,,,,,,,,,,,,,,,,,,,,,,,,,,,,,,,,,,,,,,,,,,,,,,,,,,,,
Samuel Yahaya,,,,,,,,,,,,,,,,* myContacts,* Other,yahayasamuel21@gmail.com,,,,,Mobile,+233540250706,Other,233540250706,,,,,,,,,,,,,,,,,,,,,,,,,,,,,,,,,,,,,,,,,,,,,,,,,,,,,,,,,
SANDRA,,AYODELE,,,,,,,,,CIVIL SERVANT / CIVIL SERVANT,,2012-05-20,,,KBI Parents ::: * myContacts,* Work,boluwatito@gmail.com,,ayodeleadedayo24@gmail.com,,,Other,0815 073 7404,,0808 680 1472 ::: 0812 848 4924 ::: +234 901 316 4780 ::: 0807 237 4479 ::: +234 812 849 4824,,,,,,,,,,,,,,,,,Other,"NO 14, ROYAL GARDEN, ARORO
IBADAN, Oyo
NG","NO 14, ROYAL GARDEN, ARORO",IBADAN,,Oyo,,NG,,,,,,,,,,,,,,,,,,,,,,,,,,,,,,,,,
SANDRA AYODELE,,,,,,,,,,,,,,,,* myContacts,* Other,boluwatito@gmail.com,Other,ayodeleadedayo24@gmail.com,,,Mobile,+2348072374479,Pager,+2348150737404,Other,+2348086801472,,,,,,,,,,,,,,,,,,,,,,,,,,,,,,,,,,,,,,,,,,,,,,,,,,,,,,,
SANDRA AYODELE,,,,,,,,,,,,,,,,* myContacts,* Other,boluwatito@gmail.com,Other,ayodeleadedayo24@gmail.com,,,Other,+2348128494824,,,,,,,,,,,,,,,,,,,,,,,,,,,,,,,,,,,,,,,,,,,,,,,,,,,,,,,,,,,
SANDRA AYODELE,,,,,,,,,,,,,,,,* myContacts,* Other,boluwatito@gmail.com,Other,ayodeleadedayo24@gmail.com,,,Pager,+2348150737404,Other,+2348086801472,,,,,,,,,,,,,,,,,,,,,,,,,,,,,,,,,,,,,,,,,,,,,,,,,,,,,,,,,
SANDRA AYODELE,,,,,,,,,,,,,,,,* myContacts,* Other,boluwatito@gmail.com,Other,ayodeleadedayo24@gmail.com,,,Mobile,+2348072374479,Pager,+2348150737404,Other,+2348086801472,,,,,,,,,,,,,,,,,,,,,,,,,,,,,,,,,,,,,,,,,,,,,,,,,,,,,,,
SANDRA AYODELE,,,,,,,,,,,,,,,,* myContacts,* Other,boluwatito@gmail.com,Other,ayodeleadedayo24@gmail.com,,,Other,+2348128484924,,,,,,,,,,,,,,,,,,,,,,,,,,,,,,,,,,,,,,,,,,,,,,,,,,,,,,,,,,,
SANDRA TARDOO,,,,,,,,,,,,,2000-03-24,,,RCCG ::: * myContacts,* Other,francisgrace@gmail.com,,,,,Other,+2348130406529,,,,,,,,,,,,,,,,,,,,,,,,,,,,,,,,,,,,,,,,,,,,,,,,,,,,,,,,,,,
SANNI MAYOWA OGUNGBEMI,,,,,,,,,,,,,1999-09-19,,,Techbase Staff ::: * myContacts,* Home,Ogungbemimayowa14@gmail.com,,,,,Mobile,+2349150831932,Other,+2349150831932,,,,,,,,,,,,,,,,,,,,,,,,,,,,,,,,,,,,,,,,,,,,,,,,,,,,,,,,,
SARAH ADEOLA,,,,,,,,,,,,,2024-12-01,,,RCCG ::: * myContacts,,,,,,,Mobile,+2348065686892,Other,+2348065686892,,,,,,,,,,,,,,,,,,,,,,,,,,,,,,,,,,,,,,,,,,,,,,,,,,,,,,,,,
SARAH,,JOSEPH,,,,,,,,,,,,,https://lh3.googleusercontent.com/contacts/AG6tpzHX8G6VKB1gd2ZIG-sWvHm0XVbZK3RG0Wb4a3HPFf27UGf57mg-,RCCG ::: * myContacts,* Home,mhizsaraphina7@gmail.com,,,,,Mobile,+234 808 788 9902,,,,,,,,,,,,,,,,,,,,,,,,,,,,,,,,,,,,,,,,,,,,,,,,,,,,,,,,,,,
SCHOOL FURNITURE,,,,,,,,,,,,,,,,* myContacts,,,,,,,Other,+2348123800124,,,,,,,,,,,,,,,,,,,,,,,,,,,,,,,,,,,,,,,,,,,,,,,,,,,,,,,,,,,
SCHOOL,,PROTECTION EMERGENCY,,,,,,,,,,,,,,Businesses ::: * myContacts,,,,,,,Mobile,+2348077357777,,,,,,,,,,,,,,,,,,,,Nigeria,,,,,,Nigeria,,,,,,,,,,,,,,,,,,,,,,,,,,,,,,,,,
SEGUN AWOYEMI,,,,,,,,,,,,,,,,Relatives ::: * myContacts,,,,,,,Pager,+2348127291703,Other,+2348127291703,,,,,,,,,,,,,,,,,,,,,,,,,,,,,,,,,,,,,,,,,,,,,,,,,,,,,,,,,
SEGUN OMOLAYE,,,,,,,,,,AUNT FUNKE FRIEND,,,,,,* myContacts,,,,,,,Pager,+2348162855147,,,,,,,,,,,,,,,,,,,,,,,,,,,,,,,,,,,,,,,,,,,,,,,,,,,,,,,,,,,
SERAH IB KINGSWAY,,,,,,,,,,,,,,,,* myContacts,,,,,,,Mobile,+2349077131442,Other,+2349077131442,,,,,,,,,,,,,,,,,,Nigeria,,,,,,Nigeria,,,,,,,,,,,,,,,,,,,,,,,,,,,,,,,,,
SERGEANT AJIBADE,,,,,,,,,,ODOGBO BARRACKS,,,,,,Scholarship Processing ::: * myContacts,,,,,,,Mobile,+2348034629760,Other,+2348034629760,,,,,,,,,,,,,,,,,,,,,,,,,,,,,,,,,,,,,,,,,,,,,,,,,,,,,,,,,
SEYIWUMI WONSEBOLATAN,,,,,,,,,,WONSEBOLATAN,,,,,,Businesses ::: * myContacts,,,,,,,Mobile,+2348143991706,Other,+2348143991706,,,,,,,,,,,,,,,,,,Nigeria,,,,,,Nigeria,,,,,,,,,,,,,,,,,,,,,,,,,,,,,,,,,
SGS BL Theresa Odeniyi,,,,,,,,,,,,,,,,* myContacts,,,,,,,Mobile,+2348027318544,Other,+2348027318544,,,,,,,,,,,,,,,,,,,,,,,,,,,,,,,,,,,,,,,,,,,,,,,,,,,,,,,,,
SGS BLT Fayomi Omotola Michael,,,,,,,,,,,,,,,,* myContacts,,,,,,,Mobile,+2348038291810,Other,+2348038291810,,,,,,,,,,,,,,,,,,,,,,,,,,,,,,,,,,,,,,,,,,,,,,,,,,,,,,,,,
SGS Esther,,,,,,,,,,,,,,,,* myContacts,,,,,,,Mobile,+254113506789,Other,+254113506789,,,,,,,,,,,,,,,,,,,,,,,,,,,,,,,,,,,,,,,,,,,,,,,,,,,,,,,,,
SGS Gabu,,,,,,,,,,,,,,,,* myContacts,,,,,,,Mobile,+254704108944,Other,+254704108944,,,,,,,,,,,,,,,,,,,,,,,,,,,,,,,,,,,,,,,,,,,,,,,,,,,,,,,,,
SGS Godswill Godswill,,,,,,,,,,,,,,,,* myContacts,,,,,,,Mobile,+2349152053078,,,,,,,,,,,,,,,,,,,,,,,,,,,,,,,,,,,,,,,,,,,,,,,,,,,,,,,,,,,
SGS Mankolo,,,,,,,,,,,,,,,,* myContacts,,,,,,,Mobile,+260979666431,Other,+260979666431,,,,,,,,,,,,,,,,,,,,,,,,,,,,,,,,,,,,,,,,,,,,,,,,,,,,,,,,,
SGS Prudence,,,,,,,,,,,,,,,,* myContacts,,,,,,,Mobile,+260977480062,Other,+260977480062,,,,,,,,,,,,,,,,,,,,,,,,,,,,,,,,,,,,,,,,,,,,,,,,,,,,,,,,,
SGS Randy,,,,,,,,,,,,,,,,* myContacts,,,,,,,Mobile,+237650883685,Other,+237650883685,,,,,,,,,,,,,,,,,,,,,,,,,,,,,,,,,,,,,,,,,,,,,,,,,,,,,,,,,
SGS Student bethmwenja,,,,,,,,,,,,,,,,* myContacts,,,,,,,Mobile,+254723806104,Other,+254723806104,,,,,,,,,,,,,,,,,,,,,,,,,,,,,,,,,,,,,,,,,,,,,,,,,,,,,,,,,
SGS Student Busayo Agness Abubakri,,,,,,,,,,,,,,,,* myContacts,,,,,,,Mobile,+2348169729918,Other,+2348169729918,,,,,,,,,,,,,,,,,,,,,,,,,,,,,,,,,,,,,,,,,,,,,,,,,,,,,,,,,
SGS Student Elijah Emmanuel,,,,,,,,,,,,,,,,* myContacts,,,,,,,Mobile,+2348136221197,Other,+2348136221197,,,,,,,,,,,,,,,,,,,,,,,,,,,,,,,,,,,,,,,,,,,,,,,,,,,,,,,,,
SGS Student Emmanuel Chukwunaru,,,,,,,,,,,,,,,,* myContacts,,,,,,,Mobile,+2349067347582,Other,+2349067347582,,,,,,,,,,,,,,,,,,,,,,,,,,,,,,,,,,,,,,,,,,,,,,,,,,,,,,,,,
SGS Student Kenneth Hagin Iteheri,,,,,,,,,,,,,,,,* myContacts,,,,,,,Mobile,+2347080752052,Other,+2347080752052,,,,,,,,,,,,,,,,,,,,,,,,,,,,,,,,,,,,,,,,,,,,,,,,,,,,,,,,,
SGS Student Maduka Victor Divine,,,,,,,,,,,,,,,,* myContacts,,,,,,,Mobile,+2348149351749,Other,+2348149351749,,,,,,,,,,,,,,,,,,,,,,,,,,,,,,,,,,,,,,,,,,,,,,,,,,,,,,,,,
SGS Student Mercy Emmanuel,,,,,,,,,,,,,,,,* myContacts,,,,,,,Mobile,+2348036436976,Other,+2348036436976,,,,,,,,,,,,,,,,,,,,,,,,,,,,,,,,,,,,,,,,,,,,,,,,,,,,,,,,,
SGS Student Mercy Samson,,,,,,,,,,,,,,,,* myContacts,,,,,,,Mobile,+2347037669221,Other,+2347037669221,,,,,,,,,,,,,,,,,,,,,,,,,,,,,,,,,,,,,,,,,,,,,,,,,,,,,,,,,
SGS Student Opili Mercy,,,,,,,,,,,,,,,,* myContacts,,,,,,,Mobile,+254714401921,Other,+254714401921,,,,,,,,,,,,,,,,,,,,,,,,,,,,,,,,,,,,,,,,,,,,,,,,,,,,,,,,,
SGS Student Penelope Chibanga,,,,,,,,,,,,,,,,* myContacts,,,,,,,Mobile,+260977185398,Other,+260977185398,,,,,,,,,,,,,,,,,,,,,,,,,,,,,,,,,,,,,,,,,,,,,,,,,,,,,,,,,
SGS Student Shaddai Mwale,,,,,,,,,,,,,,,,* myContacts,,,,,,,Mobile,+17845263219,Other,+17845263219,,,,,,,,,,,,,,,,,,,,,,,,,,,,,,,,,,,,,,,,,,,,,,,,,,,,,,,,,
SGS Vivien,,,,,,,,,,,,,,,,* myContacts,,,,,,,Mobile,+260975913882,Other,+260975913882,,,,,,,,,,,,,,,,,,,,,,,,,,,,,,,,,,,,,,,,,,,,,,,,,,,,,,,,,
Shakira Nuhu,,,,,,,,,,,,,,,,* myContacts,* Other,nuhushakira0246@gmail.com,,,,,Other,2330207571887,,,,,,,,,,,,,,,,,,,,,,,,,,,,,,,,,,,,,,,,,,,,,,,,,,,,,,,,,,,
SHALEWA AWOYEMI,,,,,,,,,,,,,,,,Relatives ::: * myContacts,,,,,,,Other,+2348126186739,,,,,,,,,,,,,,,,,,,,,,,,,,,,,,,,,,,,,,,,,,,,,,,,,,,,,,,,,,,
shaniruhwema YALI 51,,,,,,,,,,,,,,,,* myContacts,,,,,,,Mobile,+233243240762,Other,+233243240762,,,,,,,,,,,,,,,,,,,,,,,,,,,,,,,,,,,,,,,,,,,,,,,,,,,,,,,,,
SIMEON OLUWASEUN SOYEWO,,,,,,,,,,Knowledge Base International School,Assistant Administrator,,1991-06-23,,,KBI Ex Staff ::: * myContacts,* Other,soyewosimeon@gmail.com,,,,,Other,+2347065448434,,,,,,,,,,,,,,,,,,,,,,,,,,,,,,,,,,,,,,,,,,,,,,,,,,,,,,,,,,,
SIMON,,TOBECHUKWU,,,,,,,,,,, --10-03,,,RCCG ::: * myContacts,,,,,,,Other,+2347036901680,,,,,,,,,,,,,,,,,,,,,,,,,,,,,,,,,,,,,,,,,,,,,,,,,,,,,,,,,,,
SINMISOLA,,OGUNTONA,,,,,,,,,,,,,,TESCOM AGBIRIGIDI ::: * myContacts,,,,,,,Mobile,+2347083804666,,,,,,,,,,,,,,,,,,,,,,,,,,,,,,,,,,,,,,,,,,,,,,,,,,,,,,,,,,,
Soj Mr Adelere Soj,,,,,,,,,,,,,,,,* myContacts,,,,,,,Mobile,+2348037966028,,,,,,,,,,,,,,,,,,,,,,,,,,,,,,,,,,,,,,,,,,,,,,,,,,,,,,,,,,,
SOLAT,,REDMI,,,,,,,,,,,,,,* myContacts,,,,,,,,+2349037567206,,,,,,,,,,,,,,,,,,,,,,,,,,,,,,,,,,,,,,,,,,,,,,,,,,,,,,,,,,,
SOLOMON AKINHONMHIN,,,,,,,,,,,,,,,,RCCG ::: * myContacts,,,,,,,Mobile,+2348114871426,Other,+2348114871426,,,,,,,,,,,,,,,,,,,,,,,,,,,,,,,,,,,,,,,,,,,,,,,,,,,,,,,,,
SPORTSWEAR KBI NEW,,,,,,,,,,,,,,,,* myContacts,,,,,,,Mobile,+2348054595790,Other,+2348054595790,,,,,,,,,,,,,,,,,,Nigeria,,,,,,Nigeria,,,,,,,,,,,,,,,,,,,,,,,,,,,,,,,,,
Stanley Eze,,,,,,,,,,,,,,,,* myContacts,* Other,stanleyeze53@gmail.com,,,,,Other,+2348134718877,,,,,,,,,,,,,,,,,,,,,,,,,,,,,,,,,,,,,,,,,,,,,,,,,,,,,,,,,,,
STEPHEN & GABRIEL,,KOLAWOLE,,,,,,,,,,,,,,KBI Parents ::: * myContacts,,,,,,,,0810 464 7172,,,,,,,,,,,,,,,,,,,,,,,,,,,,,,,,,,,,,,,,,,,,,,,,,,STEPHEN,2021-11-21,GABRIEL,2023-12-17,,,,,,
STEPHEN,,ATAYERO,,,,,,,,End Time Awareness Teaching Ministries,General Overseer,,,,,* myContacts,,,,,,,Home,+2348055911879,Mobile,+2348164166335,Work,+2348021444367,Main,+234 912 112 0424,,,,,,,,,,,,,,"Oyo
NG",,,,Oyo,,NG,,,,,,,,,,,,,,,,,,,,,,,,,,,,,,,,,
STEPHEN CHUKWUDEH,,,,,,,,,,,,,,,,* myContacts,* Other,stivchuks@gmail.com,,,,,Other,+2348066866737,,,,,,,,,,,,,,,,,,,,,,,,,,,,,,,,,,,,,,,,,,,,,,,,,,,,,,,,,,,
Stephen F. Adeyemo YALI 51,,,,,,,,,,,,,,,,* myContacts,,,,,,,Mobile,+2349077382205,Other,+2349077382205,,,,,,,,,,,,,,,,,,,,,,,,,,,,,,,,,,,,,,,,,,,,,,,,,,,,,,,,,
Stephen Feranmi Adeyemo,,,,,,,,,,,,,,,,* myContacts,* Other,stephenf.adeyemo@gmail.com,,,,,Mobile,+2349077382205,Other,+2349077382205,,,,,,,,,,,,,,,,,,,,,,,,,,,,,,,,,,,,,,,,,,,,,,,,,,,,,,,,,
STEPHEN KOLAWOLE,,,,,,,,,,,,,,,,* myContacts,,,,,,,Other,+2348104647172,,,,,,,,,,,,,,,,,,,,,,,,,,,,,,,,,,,,,,,,,,,,,,,,,,,,,,,,,,,
STEVEN,OLAJIDE,ILEKOIN,,,,,,,,,,,,,https://lh3.googleusercontent.com/contacts/AG6tpzE85us6UX4_HNzVndaRyTRwFJAJz5esiG3jqPDHRo1LzxcrLtUW,School University of Ibadan Students ::: * myContacts,* Home,olajidesteven6@gmail.com,,,,,Mobile,+234 816 124 7060 ::: +234 909 088 6953,Work,+234 805 477 8278,,,,,,,,,,,,,,,,,Home,Nigeria,,,,,,Nigeria,,,,,,,,,,,,,,,,,,,,,,,,,,,,,,,,,
SUBOMI,,SOYOYE,,,,,,,,,,,,,,Techbase Customers ::: * myContacts,,,,,,,Mobile,+18579995277,,,,,,,,,,,,,,,,,,,,"Cambridge, MA
United States",,Cambridge,,MA,,United States,,,,,,,,,,,,,,,,,,,,,,,,,,,,,,,,,
SUBULOYE TIMILEYIN SAMUEL,,,,,,,,,,,,,,,,* myContacts,* Other,samtimmyt@gmail.com,,,,,Mobile,+2349037255208,Other,+2349037255208,,,,,,,,,,,,,,,,,,,,,,,,,,,,,,,,,,,,,,,,,,,,,,,,,,,,,,,,,
SUCCESS,WEMA,ADEKUNLE,,,,,,,,,,,,,,Businesses ::: * myContacts,* Home,adexsuccess@gmail.com,,,,,Mobile,+2349032448649,,,,,,,,,,,,,,,,,,,,Nigeria,,,,,,Nigeria,,,,,,,,,,,,,,,,,,,,,,,,,,,,,,,,,
Sulayman Manneh,,,,,,,,,,,,,,,,* myContacts,* Other,mannehsulayman100@gmail.com,,,,,Other,2203613553,,,,,,,,,,,,,,,,,,,,,,,,,,,,,,,,,,,,,,,,,,,,,,,,,,,,,,,,,,,
Sunday Adejoh,,,,,,,,,,,,,,,,* myContacts,* Other,sundayadejoh6@gmail.com,,,,,Other,+2348109872154,,,,,,,,,,,,,,,,,,,,,,,,,,,,,,,,,,,,,,,,,,,,,,,,,,,,,,,,,,,
SUNDAY EKONG,,,,,,,,,,,,,,,,RCCG ::: * myContacts,,,,,,,Mobile,+2347038997503,Other,+2347038997503,,,,,,,,,,,,,,,,,,,,,,,,,,,,,,,,,,,,,,,,,,,,,,,,,,,,,,,,,
SUNDAY,MICHAEL,AKOMOLEDE,,,,,,,,,,,,,https://lh3.googleusercontent.com/contacts/AG6tpzGpWhcamFKvMbaf1MqZ3rCcwRGW0Y8EYAnFhj9N_LnOzKtvje6F,School University of Ibadan Students ::: * myContacts,* Home,aksun_eng@yahoo.com,Home,akomoledes@gmail.com,,,Mobile,+2347032440596,,,,,,,,,,,,,,,,,,,,Nigeria,,,,,,Nigeria,,,,,,,,,,,,,,,,,,,,,,,,,,,,,,,,,
SUNKANMI,,BIKER ISEYIN,,,,,,,,,,,,,,* myContacts,,,,,,,Mobile,+2349151024033,,,,,,,,,,,,,,,,,,,,Nigeria,,,,,,Nigeria,,,,,,,,,,,,,,,,,,,,,,,,,,,,,,,,,
SUSAN TITILAYO ALABI,,,,,,,,,,,,,1999-10-15,,,Techbase Customers Ex ::: * myContacts,* Home,switzysusalabi@gmail.com,,,,,Mobile,+2348101730451,Work,+2348024538702 ::: +2348024538702,Other,+2348101730451,,,,,,,,,,,,,,,Home,"Ijoko, OG 112105
Nigeria",,Ijoko,,OG,112105,Nigeria,,,,,,,,,,,,,,,,,,,,,,,,,,,,,,,,,
SYBIL,OYIRI,EGWU,,,,,,,,,,,1996-01-04,,https://lh3.googleusercontent.com/contacts/AG6tpzH7SydOVbr1RT2wQf1ymjJbKhNL54gh62HIY9_pl2fCPWr4uQBP,School University of Ibadan Students ::: * myContacts,* INTERNET,SYBILEGWU1@GMAIL.COM,,,,,Mobile,+2347069317253,,,,,,,,,,,,,,,,,,,,,,,,,,,,,,,,,,,,,,,,,,,,,,,,,,,,,,,,,,,
Sylph Ayerson,,,,,,,,,,,,,,,,* myContacts,* Other,sylphyawaayerson004@gmail.com,,,,,Other,2330547975824,,,,,,,,,,,,,,,,,,,,,,,,,,,,,,,,,,,,,,,,,,,,,,,,,,,,,,,,,,,
Tahir Lawan,,,,,,,,,,,,,,,,* myContacts,* Other,tahirlawan10@gmail.com,,,,,Other,+2348068710774,,,,,,,,,,,,,,,,,,,,,,,,,,,,,,,,,,,,,,,,,,,,,,,,,,,,,,,,,,,
TAILOR FEMALE,,,,,,,,,,,,,,,,Businesses ::: * myContacts,,,,,,,Mobile,+2349039191617,Other,+2349039191617,,,,,,,,,,,,,,,,,,,,,,,,,,,,,,,,,,,,,,,,,,,,,,,,,,,,,,,,,
TAILOR MALE COLLEGE,,,,,,,,,,,,,,,,* myContacts,,,,,,,Other,+2348033583328,,,,,,,,,,,,,,,,,,,,,,,,,,,,,,,,,,,,,,,,,,,,,,,,,,,,,,,,,,,
TAIWO & KEHINDE DAMILARE & REMILEKUN POPOOLA,,,,,,,,,,,,,,,,* myContacts,* Other,remilekunamos291@gmail.com,Other,nasiriadebola@gmail.com ::: popooladamilare185@gmail.com,,,Other,+2347060430126,,,,,,,,,,,,,,,,,,,,,,,,,,,,,,,,,,,,,,,,,,,,,,,,,,,,,,,,,,,
TAIWO & KEHINDE DAMILARE & REMILEKUN POPOOLA,,,,,,,,,,,,,,,,* myContacts,* Other,popooladamilare185@gmail.com,Other,nasiriadebola@gmail.com ::: remilekunamos291@gmail.com,,,Other,+2347060430126,,,,,,,,,,,,,,,,,,,,,,,,,,,,,,,,,,,,,,,,,,,,,,,,,,,,,,,,,,,
TAIWO & KEHINDE DAMILARE & REMILEKUN POPOOLA,,,,,,,,,,,,,,,,* myContacts,* Other,remilekunamos291@gmail.com,Other,nasiriadebola@gmail.com ::: popooladamilare185@gmail.com,,,Other,+2347060430126,,,,,,,,,,,,,,,,,,,,,,,,,,,,,,,,,,,,,,,,,,,,,,,,,,,,,,,,,,,
TAIWO & KEHINDE DAMILARE & REMILEKUN POPOOLA,,,,,,,,,,,,,,,,* myContacts,* Other,remilekunamos291@gmail.com,Other,nasiriadebola@gmail.com ::: popooladamilare185@gmail.com,,,Pager,+2348150842763,Other,+2347060430126,,,,,,,,,,,,,,,,,,,,,,,,,,,,,,,,,,,,,,,,,,,,,,,,,,,,,,,,,
TAIWO & KEHINDE,DAMILARE & REMILEKUN,POPOOLA ,,,,,,,,,POLICE OFFICER,,2006-10-22,,,KBI Ex Parents ::: * myContacts,* KEHINDE REMILEKUN POPOOLA,remilekunamos291@gmail.com,,nasiriadebola@gmail.com ::: popooladamilare185@gmail.com,,,,0706 043 0126 ::: 0815 084 2763 ::: 0705 754 5139 ::: 0805 298 6614 ::: 0815 577 5442 ::: +234 815 577 5509,,,,,,,,,,,,,,,,,,,Other,"13B APAPAMONIYA
IBADAN
NG",13B APAPAMONIYA,IBADAN,,,,NG,,,,,,,,,,,,,,,,,,,,,,,,,,,,,,,,,
TAIWO & KEHINDE DAMILARE & REMILEKUN POPOOLA,,,,,,,,,,,,,,,,* myContacts,* Other,nasiriadebola@gmail.com,Other,remilekunamos291@gmail.com ::: popooladamilare185@gmail.com,,,Other,+2348155775509,,,,,,,,,,,,,,,,,,,,,,,,,,,,,,,,,,,,,,,,,,,,,,,,,,,,,,,,,,,
TAIWO & KEHINDE DAMILARE & REMILEKUN POPOOLA,,,,,,,,,,,,,,,,* myContacts,* Other,nasiriadebola@gmail.com,Other,remilekunamos291@gmail.com ::: popooladamilare185@gmail.com,,,Other,+2348155775509,,,,,,,,,,,,,,,,,,,,,,,,,,,,,,,,,,,,,,,,,,,,,,,,,,,,,,,,,,,
TAIWO & KEHINDE,EYITAYO & AYOLEYI,OBEY,,,,,,,,,,,2023-08-27,,,KBI Parents ::: * myContacts,,,,,,,,0915 138 8779,,,,,,,,,,,,,,,,,,,,,,,,,,,,,,,,,,,,,,,,,,,,,,,,,,,,,,,,,,,
TAIWO,,ADETAYO,,,,,,,,,,,,,,RCCG ::: * myContacts,,,,,,,Mobile,+2349165180647,,,,,,,,,,,,,,,,,,,,Nigeria,,,,,,Nigeria,,,,,,,,,,,,,,,,,,,,,,,,,,,,,,,,,
TAIWO,,AWOYEMI,,,,,,,,,,,,,,Relatives ::: * myContacts,,,,,,,Other,+2348056674044,,,,,,,,,,,,,,,,,,,,,,,,,,,,,,,,,,,,,,,,,,,,,,,,,,,,,,,,,,,
TAIWO DEBORAH,,,,,,,,,,,,,,,,* myContacts,* Other,deborahtaiwo048@gmail.com,,,,,Other,+2348109454042,,,,,,,,,,,,,,,,,,,,,,,,,,,,,,,,,,,,,,,,,,,,,,,,,,,,,,,,,,,
TAIWO ODUNAYO,,OLOPADE,,,,,,,,,,,,,,TESCOM ::: * myContacts,* Home,olopadetaiwo480@gmail.com,,,,,Mobile,+2348039844201,,,,,,,,,,,,,,,,,,,,Nigeria,,,,,,Nigeria,,,,,,,,,,,,,,,,,,,,,,,,,,,,,,,,,
TAIWO OGUNFEYIMI,,,,,,,,,,,,,,,,RCCG ::: * myContacts,* Other,ogunfeyimitaiwo922@gmail.com,,,,,Other,+2348075003673,,,,,,,,,,,,,,,,,,,,,,,,,,,,,,,,,,,,,,,,,,,,,,,,,,,,,,,,,,,
TAIWO,,OLADIPO,,,,,,,,,,,,,,RCCG ::: * myContacts,,,,,,,Mobile,+2348066256609,,,,,,,,,,,,,,,,,,,,Nigeria,,,,,,Nigeria,,,,,,,,,,,,,,,,,,,,Child,Esther Oladipo,,,,,,,,,,,,
TAIWO OLUWATOSIN SAMUEL,,,,,,,,,,,,,2023-03-11,,,KBI Ex Staff ::: * myContacts,,,,,,,Mobile,+2348148299094,Other,+2348148299094,,,,,,,,,,,,,,,,,,,,,,,,,,,,,,,,,,,,,,,,,,,,,,,,,,,,,,,,,
TAIWO POPOOLA,,,,,,,,,,,,,,,,* myContacts,,,,,,,Pager,+2348155775509,Other,+2348155775509,,,,,,,,,,,,,,,,,,,,,,,,,,,,,,,,,,,,,,,,,,,,,,,,,,,,,,,,,
TAOFEEK,ABIODUN,OTUNLA,,,,DR,,,,,,,,"Mobile Phone: 0805 373 1830
",,School University of Ibadan Staff ::: * myContacts,* Work,biodunotunla@gmail.com,,biodunotunla@yahoo.com,,,Mobile,+2348053731830 ::: 0805 373 1830,,,,,,,,,,,,,,,,,,,,,,,,,,,,,,,,,,,,,,,,,,,,,,,,,,,,,,,,,,,
TAYLOR-OLUSAYO OLASIMBO,,,,,,,,,,,,,,,,RCCG ::: * myContacts,,,,,,,Other,+2348078273423,,,,,,,,,,,,,,,,,,,,,,,,,,,,,,,,,,,,,,,,,,,,,,,,,,,,,,,,,,,
TECHBASE CONSULTANT SERVICES,,,,,,,,,,TECHBASE CONSULTANT SERVICES ,,,2022-01-01,,,Techbase Staff ::: * myContacts ::: * starred,* Home,techbasengr@gmail.com,,,,,Mobile,+2348126909498,,,,,,,,,,,,,,,,,,,,,,,,,,,,,,,,,,,,,,,,,,,,,,,,,,,,,,,,,,,
TEHILLA,,OYEWOLE,,,,,,,,,BUSINESSMAN / BUSINESSWOMAN,,2018-01-11,,,KBI Ex Parents ::: * myContacts,* ,andrew.oyewole@pictltd-ng.com,,happinessoyewole@gmail.com,,,Other,+2348038690511,Mobile,+2348067502757,,,,,,,,,,,,,,,,,,"OPPOSITE JEHOVAH SHAMMAH PRAYER MINISTRIES, AJIBADE NG
NG","OPPOSITE JEHOVAH SHAMMAH PRAYER MINISTRIES, AJIBADE NG",,,,,NG,,,,,,,,,,,,,,,,,,,,,,,,,,,,,,,,,
TEMIDAYO EMMANUEL OLAGUNJU,,,,,,,,,,,,,,,,* myContacts,* Other,emmanueld1topthings@gmail.com,,,,,Mobile,+2347033454994,Other,+2347033454994,,,,,,,,,,,,,,,,,,,,,,,,,,,,,,,,,,,,,,,,,,,,,,,,,,,,,,,,,
TEMILOLUWA,,ADEDEJI,,,,,,,,,,,2022-03-06,,,RCCG ::: * myContacts,* ,temmydave001@gmail.com,,,,,Mobile,+2348060335135,,,,,,,,,,,,,,,,,,,,,,,,,,,,,,,,,,,,,,,,,,,,,,,,,,,,,,,,,,,
TEMILOLUWA JOSEPH,,,,,,,,,,,,,2024-06-20,,,RCCG ::: * myContacts,* Home,abijo356@gmail.com,,,,,Mobile,+2349061759083,Other,+2349061759083,,,,,,,,,,,,,,,,,,Nigeria,,,,,,Nigeria,,,,,,,,,,,,,,,,,,,,,,,,,,,,,,,,,
TEMITOPE AFOLABI AWOYEMI,,,,,,,,,,,,,,,,Relatives ::: * myContacts,,,,,,,Pager,+2349077537451,Other,+2349077537451,,,,,,,,,,,,,,,,,,,,,,,,,,,,,,,,,,,,,,,,,,,,,,,,,,,,,,,,,
TEMITOPE AWWAL,,,,,,,,,,,,,,,,RCCG ::: * myContacts,,,,,,,Other,+2348023270814,,,,,,,,,,,,,,,,,,,,,,,,,,,,,,,,,,,,,,,,,,,,,,,,,,,,,,,,,,,
TEMITOPE AYODELE,,,,,,,,,,,,,,Primary 1 and Primary 4,,KBI Ex Parents ::: * myContacts,* Home,tiwadunni@gmail.com,,,,,Mobile,+2348038159958,Other,+2348038159958,,,,,,,,,,,,,,,,,Home,Nigeria,,,,,,Nigeria,,,,,,,,,,,,,,,,,,,,,,,,,,,,,,,,,
TEMITOPE,BLESSING,ADEMOLA,,,,,,,,,,,1997-06-20,,,KBI Ex Staff ::: * myContacts,* Home,temitopeademola43@gmail.com,,,,,Mobile,+234 811 220 7146,Other,+2347037233020,,,,,,,,,,,,,,,,,,,,,,,,,,,,,,,,,,,,,,,,,,,,,,,,,,,,,,,,,
TEMITOPE GBADIYAN,,,,,,,,,,,,,,,,RCCG ::: * myContacts,* Other,gbadeyantemitope3@gmail.com,,,,,Mobile,+2348161863809,Other,+2348161863809,,,,,,,,,,,,,,,,,,,,,,,,,,,,,,,,,,,,,,,,,,,,,,,,,,,,,,,,,
TEMITOPE,OLAYOKE,MURITALA,,,,,,,,,,,1987-08-08,,,KBI Staff ::: * myContacts,,,,,,,Mobile,+2347064486665,Other,+2347064486665,,,,,,,,,,,,,,,,,,,,,,,,,,,,,,,,,,,,,,,,,,,,,,,,,,,,,,,,,
TEMITOPE SAMUEL,,,,,,,,,,,,,2019-09-12,,,RCCG ::: * myContacts,,,,,,,Mobile,+2348034298779,Work,+2348158615985,Other,+2348034298779,,,,,,,,,,,,,,,,,,,,,,,,,,,,,,,,,,,,,,,,,,,,,,,,,,,,,,,
TEMITOPE VICTORIA ODIMAYOMI,,,,,,,,,,,,,,,,* myContacts,* Home,odimayomivictoriatemitope385@gmail.com,,,,,Mobile,+2348116722212,Other,+2348116722212,,,,,,,,,,,,,,,,,,,,,,,,,,,,,,,,,,,,,,,,,,,,,,,,,,,,,,,,,
TEMPLE,,NWOBODO,,,,,,,,,,,2024-02-14,,,RCCG ::: * myContacts,,,,,,,Mobile,+2348132327527,,,,,,,,,,,,,,,,,,,,Nigeria,,,,,,Nigeria,,,,,,,,,,,,,,,,,,,,,,,,,,,,,,,,,
TERAN VENTURES ,,CAC REGISTRATION,,,,,,,,Terans Venture,,,,,,Businesses ::: * myContacts,,,,,,,Mobile,+234 708 616 1953 ::: +234 806 641 4985,,,,,,,,,,,,,,,,,,,,,,,,,,,,,,,,,,,,,,,,,,,,,,,,,,,,,,,,,,,
TESTIMONY & ZION,,UDENSON,,,,,,,,,,,,,,KBI Parents ::: * myContacts,* ,udenspaul411@gmail.com,,,,,,0703 561 6480 ::: 0816 828 4759,,,,,,,,,,,,,,,,,,,,,,,,,,,,,,,,,,,,,,,,,,,,,,,,,,ZION,2024-04-07,TESTIMONY,2023-03-05,,,,,,
TESTIMONY ADEWOLE,,,,,,,,,,,BUSINESSWOMAN,,2016-02-25,,,KBI Ex Parents ::: * myContacts,,,,,,,Work,+2347061070310 ::: +2347061070310,Other,+2348035195320,,,,,,,,,,,,,,,,,,,,,,,,,,,,,,,,,,,,,,,,,,,,,,,,,,,,,,,,,
TESTIMONY UDENSON,,,,,,,,,,,,,,,,* myContacts,* Other,udenspaul411@gmail.com,,,,,Other,+2347035616480,,,,,,,,,,,,,,,,,,,,,,,,,,,,,,,,,,,,,,,,,,,,,,,,,,,,,,,,,,,
The Publishing Company Of Nigeria,,,,,,,,,,,,,,,,* myContacts,,,,,,,Other,+2349061254734,,,,,,,,,,,,,,,,,,,,,,,,,,,,,,,,,,,,,,,,,,,,,,,,,,,,,,,,,,,
Theophile Alban Dounmene,,,,,,,,,,,,,,,,* myContacts,* Other,dounmenetheophile@gmail.com,,,,,Mobile,+237695640869,Other,237695640869,,,,,,,,,,,,,,,,,,,,,,,,,,,,,,,,,,,,,,,,,,,,,,,,,,,,,,,,,
THEOPHILUS OFORI,,,,,,,,,,,,,,,,* myContacts,* Other,theophiluso812@gmail.com,,,,,Other,2330547023137,,,,,,,,,,,,,,,,,,,,,,,,,,,,,,,,,,,,,,,,,,,,,,,,,,,,,,,,,,,
Therestella Obosu Tei-Kwabla,,,,,,,,,,,,,,,,* myContacts,* Other,thersyslink25@gmail.com,,,,,Other,2330243815997,,,,,,,,,,,,,,,,,,,,,,,,,,,,,,,,,,,,,,,,,,,,,,,,,,,,,,,,,,,
Thomas Akinyemi,,,,,,,,,,,,,,,,* myContacts,,,,,,,Other,+2348067719910,,,,,,,,,,,,,,,,,,,,,,,,,,,,,,,,,,,,,,,,,,,,,,,,,,,,,,,,,,,
THOMAS,,OLUWATOBI,,,,,,,,,,, --04-04,,,RCCG ::: * myContacts,,,,,,,Other,+2348146454754,,,,,,,,,,,,,,,,,,,,,,,,,,,,,,,,,,,,,,,,,,,,,,,,,,,,,,,,,,,
"THOMAS, DAVID & DANIEL AKINYEMI",,,,,,,,,,,,,,,,KBI Parents ::: * myContacts,,,,,,,Mobile,+2348067719910,Work,+2348036198336 ::: +2348036198336,Other,+2348067719910,,,,,,,,,,,,,,,,,,,,,,,,,,,,,,,,,,,,,,,,,,,,,,THOMAS,2014-06-19,DAVID,2016-11-23,DANIEL,2022-06-08,,,,
TIARAOLUWA,SARAH,OLALERE,,,,,,,,,,,2022-08-23,,,KBI Parents ::: * myContacts,* ,olalere3000@gmail.com,,,,,Other,+2349054200000 ::: +2347034878344,,,,,,,,,,,,,,,,,,,,,,,,,,,,,,,,,,,,,,,,,,,,,,,,,,,,,,,,,,,
TIJESUNIMI AKANJI,,,,,,,,,,,,, --12-17,,,Techbase Customers Ex ::: * myContacts,,,,,,,Mobile,+2348026262754,Other,+2348026262754,,,,,,,,,,,,,,,,,,,,,,,,,,,,,,,,,,,,,,,,,,,,,,,,,,,,,,,,,
TIMILEHIN AKINLAJA ASANIYAN,,,,,,,,,,,,, --07-30,,,School University of Ibadan Students ::: * myContacts,* Home,asaotim.deagle@yahoo.com,,,,,Mobile,+2347033222273,Home,+2348182990439,Work,+2347080491186 ::: +2347080491186,Other,+2347080491186,,,,,,,,,,,,,,,,,,,,,,,,,,,,,,,,,,,,,,,,,,,,,,,,,,,,,
TIMILEHIN SAMUEL SUBULOYE,,,,,,,,,,,,,,,,RCCG ::: * myContacts,* Home,samtimmyt@gmail.com,,,,,Mobile,+2349037255208,Other,+2349037255208,,,,,,,,,,,,,,,,,,,,,,,,,,,,,,,,,,,,,,,,,,,,,,,,,,,,,,,,,
TIMILEYIN JIMOH,,,,,,,,,,,,,1994-02-21,,,KBI Ex Staff ::: * myContacts,,,,,,,Mobile,+2348111496612,Other,+2348111496612,,,,,,,,,,,,,,,,,,,,,,,,,,,,,,,,,,,,,,,,,,,,,,,,,,,,,,,,,
TINUKE,ZAINAB,YISAU,,,,,,,,TESCOM ZONE 4 OFFICE OROGUN,PS/TG Personal Assistant,,,,https://lh3.googleusercontent.com/contacts/AG6tpzEO_PR9UXHHMMMGFCMYYActv9C-IFF9gt6ZciXv1jrLcZ4hIwMy,TESCOM ::: * myContacts,* Home,tinukeyisau@gmail.com,,,,,Mobile,+2348034186913,,,,,,,,,,,,,,,,,,,,"124 Ibadan, Nigeria",124,Ibadan,,,,Nigeria,,,,,,,,,,,,,,,,,,,,,,,,,,,,,,,,,
TITILAYO,,OWOPETU-ADENUGA ,,,,,,,,,,,,,,* myContacts,* Home,titfun2002@gmail.com,,,,,Other,+2348025676570 ::: +234 805 543 7238,Mobile,+234 816 339 9310,,,,,,,,,,,,,,,,,Home,Nigeria,,,,,,Nigeria,,,,,,,,,,,,,,,,,,,,,,,,,,,,,,,,Photo,https://lh3.googleusercontent.com/contacts/ABsqplt1tgSG8dWL0SWnSIJclNsUbaa6-_0gtCZ8w28hm0wK6JqEcgOd
TITILOPE,,FESTUS,,,,,,,,,,,,,https://lh3.googleusercontent.com/contacts/AG6tpzFWHwswFbX43DtJ8ZCIJ2j0na4WxvfWvjrYHrDZUbzRazjpdF3U,RCCG ::: * myContacts,* Home,festustitilope123@gmail.com,,,,,Mobile,+2348075573069,,,,,,,,,,,,,,,,,,,,,,,,,,,,,,,,,,,,,,,,,,,,,,,,,,,,,,,,,,,
TITILOPE ,GRACE,AWOJOLU,,,,,,,,,,,2024-10-23,,,RCCG ::: * myContacts,* ,titi444grace@gmail.com,,titilopeawojolu@gmail.com,,,Mobile,+2349164131575,,,,,,,,,,,,,,,,,,,,"Opp Old Mr Biggs Apata Ibadan, Oyo state
NG","Opp Old Mr Biggs Apata Ibadan, Oyo state",,,,,NG,,,,,,,,,,,,,,,,,,,,,,,,,,,,,,,,,
TITILOPE ,ROHEEMOT ,KAREEM ,,,,,,,,,,,2018-08-21,,https://lh3.googleusercontent.com/contacts/AG6tpzGiwjWNxcbywCxgwFoXjRDkDq_KXrLPMKO4Gl3waXKNB8gTNeix,Relatives ::: * myContacts,,,,,,,Mobile,+2348144528888,Work,+2348082458638,,,,,,,,,,,,,,,,,,,,,,,,,,,,,,,,,,,,,,,,,,,,,,,,,,,,,,,,,
TITUS,,OGUNSEYE,,,,DR,,,,,,,,,https://lh3.googleusercontent.com/contacts/AG6tpzE-aIv171rLGslMQPUW3ZqYl08IwymSfT50l4siMc9f_MFS5IK5,School University of Ibadan Staff ::: * myContacts,* Home,tseyetaofik@gmail.com,,tseyetaofik@yahoo.com,,,Other,+2348033351305,Mobile,+234 813 233 5952,,,,,,,,,,,,,,,,,,,,,,,,,,,,,,,,,,,,,,,,,,,,,,,,,,,,,,,,,
‎TJ CHINA,,,,,,,,,,‎,,,,,,Scholarship Processing ::: * myContacts,,,,,,,Mobile,+8615205605540,Other,+8615205605540,,,,,,,,,,,,,,,,,,,,,,,,,,,,,,,,,,,,,,,,,,,,,,,,,,,,,,,,,
TOBILOBA ADEKUNLE,,,,,,,,,,,,,,,,* myContacts,,,,,,,Mobile,+2348163826696,Other,+2348163826696,,,,,,,,,,,,,,,,,,,,,,,,,,,,,,,,,,,,,,,,,,,,,,,,,,,,,,,,,
TOBILOBA ADENIYI,,,,,,,,,,,,,,,,RCCG ::: * myContacts,,,,,,,Pager,+2348144270960,Other,+2348144270960,,,,,,,,,,,,,,,,,,,,,,,,,,,,,,,,,,,,,,,,,,,,,,,,,,,,,,,,,
TOBILOBA,EMMANUEL,AWOYEMI,,,,,,,,,,,1996-12-30,,,* family ::: * myContacts ::: * starred,* Home,awoyemitobi37@gmail.com,,,,,Mobile,+2347066228745 ::: +2347068674610 ::: 09016151042 ::: +1 (765) 543-2201,Other,0773491278,,,,,,,,,,,,,,,,,,,,,,,,,,,,,,,,,,,,,,,,,,,,,,,,Anniversary,2025-06-21,,,,,,,,
TOKA FAITH ZIGANUBARI,,,,,,,,,,,,,,,,* myContacts,* Other,faithtoka253@gmail.com,,,,,Other,+2347014987237,,,,,,,,,,,,,,,,,,,,,,,,,,,,,,,,,,,,,,,,,,,,,,,,,,,,,,,,,,,
TOKUNBOH OLADAPO NEE OKUNNUGA,,,,,,,,,,BAPTIST MODEL HIGH SCHOOL IKOLA,ICT DIRECTOR,,,,,Techbase Customers ::: * myContacts,* Home,chaphytox15@gmail.com,,,,,Mobile,+2348051455216,Other,+2348051455216,,,,,,,,,,,,,,,,,,,,,,,,,,,,,,,,,,,,,,,,,,,,,,,,,,,,,,,,,
TOLULOPE ADEDEJI,,,,,,,,,,,,,2020-02-12,,,RCCG ::: * myContacts,,,,,,,Mobile,+2348034952540,Other,+2348034952540,,,,,,,,,,,,,,,,,,,,,,,,,,,,,,,,,,,,,,,,,,,,,,,,,,,,,,,,Photo,https://lh3.googleusercontent.com/contacts/ABsqplvDojyAgAWRmazYYVxpBRqbf5ya_q1EgnqCb4Lh0anp7GW9uCmW
TOLULOPE ADELEKE,,,,,,,,,,,,,,,,RCCG ::: * myContacts,,,,,,,Mobile,+2349093693164,Other,+2349093693164,,,,,,,,,,,,,,,,,,,,,,,,,,,,,,,,,,,,,,,,,,,,,,,,,,,,,,,,,
TOLULOPE,TOBILOBA,IDOWU,,,,,,,,,,,2025-04-22,,,RCCG ::: * myContacts,* Home,idowutolulope245@gmail.com,,,,,Mobile,+2348163559721,,,,,,,,,,,,,,,,,,,,Nigeria,,,,,,Nigeria,,,,,,,,,,,,,,,,,,,,,,,,,,,,,,,,,
TOLUWALASE AWOYEMI,,,,,,,,,,,,,,,,Relatives ::: * myContacts,,,,,,,Other,+2348103720555,,,,,,,,,,,,,,,,,,,,,,,,,,,,,,,,,,,,,,,,,,,,,,,,,,,,,,,,,,,
TOLUWALOLA,,DAVID,,,,,,,,CAC Odi Igbala,Pastor,,,,,TESCOM ::: * myContacts,* Home,herdehborwerleh@gmail.com,,,,,Mobile,+2347042657170,,,,,,,,,,,,,,,,,,,,"Road 2 Pasocare Avenue, 351110 Ondo, Nigeria","Road 2 Pasocare Avenue, 351110 Ondo, Nigeria",,,,,,,,,,,,,,,,,,,,,,,,,,,,,,,,,,,,,,
TOLUWALOPE,SAMUEL,OLUWAFEMI,,,,,,,,,,,2018-10-10,,https://lh3.googleusercontent.com/contacts/AG6tpzHMGJTOW6fkzhE1ZG2L1zX_88EErLl6BZJPJ4JFW3ivWLbck1Bf,* myContacts,,,,,,,Mobile,+2348164166940,,,,,,,,,,,,,,,,,,,,,,,,,,,,,,,,,,,,,,,,,,,,,,,,,,,,,,,,,,,
TOLUWANIMI & TENINLANIMI,E & SAMUEL,OLORUNDARE,,,,,,,,,,,,,https://lh3.googleusercontent.com/contacts/AG6tpzH-UfRlnjU8Jt-BCM3qOkHcOcTDEeMKmMmb4HG6O7mcAaPQEWzs,KBI Ex Parents ::: * myContacts,* Home,isydareisy@gmail.com,Work,tolorundarejane@gmail.com,,,Work,+2348036508096,Mobile,+2348062774738,,,,,,,,,,,,,,,,,,,,,,,,,,,,,,,,,,,,,,,,,,,,,,,,TOLUWANIMI,2015-12-03,TENINLANIMI,2018-04-04,,,,,,
TOLUWANIMI AKINTADE,,,,,,,,,,,,,,,,RCCG ::: * myContacts,,,,,,,Other,+2349035233432,,,,,,,,,,,,,,,,,,,,,,,,,,,,,,,,,,,,,,,,,,,,,,,,,,,,,,,,,,,
TOLUWANIMI,,ORIOWO,,,,,,,,,,,2021-04-19,,https://lh3.googleusercontent.com/contacts/AG6tpzHvGReH5TO-EQIgiprHFl475HeWEJL-57yj3eztEE2MZ4AoW2Mn,* myContacts,,,,,,,Mobile,+2348060641664,,,,,,,,,,,,,,,,,,,,,,,,,,,,,,,,,,,,,,,,,,,,,,,,,,,,,,,,,,,
Tomi ICAN GIG Ibitoye,,,,,,,,,,,,,,,,* myContacts,* Home,prettyluv_tom@ymail.com,,,,,Mobile,+2347068922886,Other,+2347068922886,,,,,,,,,,,,,,,,,,,,,,,,,,,,,,,,,,,,,,,,,,,,,,,,,,,,,,,,,
TOMILOLA PRECIOUS ADEDEJI,,,,,,,,,,,,,1999-09-21,,,RCCG ::: * myContacts,* Home,prechytomi@gmail.com,,,,,Mobile,+2349134343861,Other,+2349134343861,,,,,,,,,,,,,,,,,,,,,,,,,,,,,,,,,,,,,,,,,,,,,,,,,,,,,,,,,
TONY,,ADAH,,,,,,,,,,,2024-06-14,,,RCCG ::: * myContacts,,,,,,,Mobile,+2349127876187,,,,,,,,,,,,,,,,,,,,Nigeria,,,,,,Nigeria,,,,,,,,,,,,,,,,,,,,,,,,,,,,,,,,,
TONY ,,OBIAKWU,,,,,,,,,,,2021-12-22,,,RCCG ::: * myContacts,,,,,,,Mobile,+2347037087281,,,,,,,,,,,,,,,,,,,,,,,,,,,,,,,,,,,,,,,,,,,,,,,,,,,,,,,,,,,
TONYE TARIERE,,,,,,,,,,,,,,,,RCCG ::: * myContacts,,,,,,,Mobile,+2348108503083,Other,+2348108503083,,,,,,,,,,,,,,,,,,,,,,,,,,,,,,,,,,,,,,,,,,,,,,,,,,,,,,,,,
TOSIN,,ADEYEMO,,,,,,,,AMO FROZEN FOODS,,,,,,Businesses ::: * myContacts,* Home,adeyemotosin2019@gmail.com,,,,,Mobile,+2347065879818,,,,,,,,,,,,,,,,,,,,Nigeria,,,,,,Nigeria,,,,,,,,,,,,,,,,,,,,,,,,,,,,,,,,,
TOSIN AWOYEMI,,,,,,,,,,,,,,,,Relatives ::: * myContacts,,,,,,,Other,+2349032198989,,,,,,,,,,,,,,,,,,,,,,,,,,,,,,,,,,,,,,,,,,,,,,,,,,,,,,,,,,,
TOTALCARE,,,,,,,,,,TOTAL HEALTHCARE DIAGNOSTICS,,,,,,Businesses ::: * myContacts,* Home,company@totalcarediagnostics.com,,,,,Mobile,+234 803 056 1355,Work,+234 809 730 6019,Home,+234 809 730 6018,,,,,,,,,,,,,,,Home,"7 Arulogun Close, Awosika Avenue, Bodija, Ibadan","7 Arulogun Close, Awosika Avenue",Ibadan,,,,,Bodija,Work,"7 Oshuntokun Avenue, Bodija, Ibadan",7 Oshuntokun Avenue,Ibadan,,,,,Bodija,Other,"Apata Ayeraye House, Yemetu Road, Ibadan","Apata Ayeraye House, Yemetu",Ibadan,,,,,Road,,,,,,,,,,,,,,
TOYIN OYINLEKE,,,,,,,,,,,,,,,,* myContacts,,,,,,,Other,+2347039913720,,,,,,,,,,,,,,,,,,,,,,,,,,,,,,,,,,,,,,,,,,,,,,,,,,,,,,,,,,,
Tryphena Yaa Brayie Adomako-Mensah,,,,,,,,,,,,,,,,* myContacts,* Other,tryphenamensah@ymail.com,,,,,Other,233550252779,,,,,,,,,,,,,,,,,,,,,,,,,,,,,,,,,,,,,,,,,,,,,,,,,,,,,,,,,,,
TUNDE,,OYEBOLA,,,,,,,,,,,,,https://lh3.googleusercontent.com/contacts/AG6tpzFbKmLJLCPxq9zHS_ah0HgLAqzQn3XQusU00U22nZzlL0iKjRp4,School University of Ibadan Students ::: * myContacts,* Home,oyebolatunde85@gmail.com,,,,,Mobile,+2348062338111,,,,,,,,,,,,,,,,,,,,Nigeria,,,,,,Nigeria,,,,,,,,,,,,,,,,,,,,,,,,,,,,,,,,,
TUNJI,,ARIBASOYE,,,,,,,,,,,,,,* myContacts,* Home,aribasoyeadetunji@gmail.com,,,,,Mobile,+2348067604157 ::: +2349011111660,,,,,,,,,,,,,,,,,,,,,,,,,,,,,,,,,,,,,,,,,,,,,,,,,,,,,,,,,,,
UCHECHUKWUGAEMEZU REGINA OKORO,,,,,,,,,,,,,,,,* myContacts,* Other,reginaokoro26@gmail.com,,,,,Other,+2348169588512,,,,,,,,,,,,,,,,,,,,,,,,,,,,,,,,,,,,,,,,,,,,,,,,,,,,,,,,,,,
Ugochi Onwuzurigbo,,,,,,,,,,,,,,,,* myContacts,* Other,ugochi_cindy@yahoo.com,,,,,Other,+2348066310997,,,,,,,,,,,,,,,,,,,,,,,,,,,,,,,,,,,,,,,,,,,,,,,,,,,,,,,,,,,
UGOCHUKWU & OSINACHI DOMINION & KINGDAVID OSIGWE,,,,,,,,,,,,,,,,KBI Parents ::: * myContacts,* Other,osigweangela020@gmail.com,,,,,Mobile,+2347030844242,Other,+2347030844242,,,,,,,,,,,,,,,,,,,,,,,,,,,,,,,,,,,,,,,,,,,,,,,,OSINACHI,2016-08-23,UGOCHUKWU,2022-05-26,,,,,,
UI TRANSCRIPT HELPLINE,,,,,,,,,,,,,,,,* myContacts,,,,,,,Pager,+2348020841489,,,,,,,,,,,,,,,,,,,,,,,,,,,,,,,,,,,,,,,,,,,,,,,,,,,,,,,,,,,
Uk,,Teaching Qts,,,,,,,,,,,,,,* myContacts,,,,,,,,+2348003892500,Mobile,+448003892500,,,,,,,,,,,,,,,,,,Nigeria,,,,,,Nigeria,,,,,,,,,,,,,,,,,,,,,,,,,,,,,,,,,
UMAR & AYISHA,IREBAMI & GOLD,KONNEH,,,,,,,,,,,,,,KBI Parents ::: * myContacts,* ,DOLAPO1409@YAHOO.COM,,,,,Other,+2349026280971,,0810 377 6444,,,,,,,,,,,,,,,,,,,,,,,,,,,,,,,,,,,,,,,,,,,,,,,,AYISHA,2017-10-08,UMAR,2021-10-10,,,,,,
Umar Sabiu,,,,,,,,,,,,,,,,* myContacts,* Other,omarsabiu679@gmail.com,,,,,Other,+2348062315857,,,,,,,,,,,,,,,,,,,,,,,,,,,,,,,,,,,,,,,,,,,,,,,,,,,,,,,,,,,
UNIFORM MATERIALS GBAGI,,,,,,,,,,,,,,,,Businesses ::: * myContacts,,,,,,,Work,+2349012277192,Mobile,+2347059933885,Other,+2347059933885,,,,,,,,,,,,,,,Home,NG,,,,,,NG,,,,,,,,,,,,,,,,,,,,,,,,,,,,,,,,,
Ursula Birago-Yeboah,,,,,,,,,,,,,,,,* myContacts,* Other,uaybirago@gmail.com,,,,,Other,233265897040,,,,,,,,,,,,,,,,,,,,,,,,,,,,,,,,,,,,,,,,,,,,,,,,,,,,,,,,,,,
Uyoata Unwene,,,,,,,,,,,,,,,,* myContacts,* Other,uuyoata@gmail.com,,,,,Other,+2347011485181,,,,,,,,,,,,,,,,,,,,,,,,,,,,,,,,,,,,,,,,,,,,,,,,,,,,,,,,,,,
Vanessa Wemekor,,,,,,,,,,,,,,,,* myContacts,* Other,vanessawemekor77@gmail.com,,,,,Other,233207224269,,,,,,,,,,,,,,,,,,,,,,,,,,,,,,,,,,,,,,,,,,,,,,,,,,,,,,,,,,,
VICTOR ALABI,,,,,,,,,,,,, --03-01,,,RCCG ::: * myContacts,,,,,,,Other,+2348133358396,,,,,,,,,,,,,,,,,,,,,,,,,,,,,,,,,,,,,,,,,,,,,,,,,,,,,,,,,,,
VICTOR,JOHN,OLALEYE,,,,,,,,,,,2024-01-01,,,RCCG ::: * myContacts,,,,,,,Mobile,+2347063075721,,,,,,,,,,,,,,,,,,,,Nigeria,,,,,,Nigeria,,,,,,,,,,,,,,,,,,,,,,,,,,,,,,,,,
Victor M. Paasewe,,,,,,,,,,,,,,,,* myContacts,* Other,vmpaasewe18@gmail.com,,,,,Other,231770549961,,,,,,,,,,,,,,,,,,,,,,,,,,,,,,,,,,,,,,,,,,,,,,,,,,,,,,,,,,,
VICTOR MANASSEH,,,,,,,,,,,,,2019-03-28,,,RCCG ::: * myContacts,,,,,,,Work,+2349049426997 ::: +2349049426997,Other,+2349049426997,,,,,,,,,,,,,,,,,,,,,,,,,,,,,,,,,,,,,,,,,,,,,,,,,,,,,,,,,
VICTOR NEHEMIAH ABOGYE,,,,,,,,,,CORPERS CLO,,,,,,RCCG ::: * myContacts,,,,,,,Mobile,+2349031216652,Other,+2349031216652,,,,,,,,,,,,,,,,,Home,NG,,,,,,NG,,,,,,,,,,,,,,,,,,,,,,,,,,,,,,,,,
VICTOR OYIGA,,,,,,,,,,,,,,,,Techbase Staff ::: * myContacts,* Home,victoroyiga01@gmail.com,,,,,Mobile,+234 707 609 8866 ::: +2348120790470,Other,+2348120790470,,,,,,,,,,,,,,,,,,Nigeria,,,,,,Nigeria,,,,,,,,,,,,,,,,,,,,,,,,,,,,,,,,,
Victoria Isaac,,,,,,,,,,,,,,,,* myContacts,* Other,isaacvictoria842@gmail.com,,,,,Other,+2349098538765,,,,,,,,,,,,,,,,,,,,,,,,,,,,,,,,,,,,,,,,,,,,,,,,,,,,,,,,,,,
VICTORIA,PHYSICS REGISTER OFFICE,AJIBOYE,,,,,,,,PHYSICS REGISTER OFFICE ,,,,,https://lh3.googleusercontent.com/contacts/AG6tpzHofoG1fVJAxwlcnZzG1fRLrHF_SIVq_ODznCLe7W5OK4O7Ndno,School University of Ibadan Staff ::: * myContacts,* Home,princessvicboye360@gmail.com,,,,,Mobile,+234 803 381 9076,,,,,,,,,,,,,,,,,,,,,,,,,,,,,,,,,,,,,,,,,,,,,,,,,,,,,,,,,,,
VICTORY OMONYE,,,,,,,,,,,,,,The mum of Enaholo Samuel of BMHS Isolo ,,Techbase Customers Ex ::: * myContacts,,,,,,,Mobile,+2347010507745,Other,+2347010507745,,,,,,,,,,,,,,,,,,,,,,,,,,,,,,,,,,,,,,,,,,,,,,,,,,,,,,,,,
VIRTUE ORICHA,,,,,,,,,,,,,,,,* myContacts,,,,,,,Other,+2347064696768,,,,,,,,,,,,,,,,,,,,,,,,,,,,,,,,,,,,,,,,,,,,,,,,,,,,,,,,,,,
Voicemail,,,,,,,,,,,,,,,,* myContacts,,,,,,,Mobile,100,,,,,,,,,,,,,,,,,,,,,,,,,,,,,,,,,,,,,,,,,,,,,,,,,,,,,,,,,,,
VULCANIZER AKINGBILE,,,,,,,,,,,,,,,,* myContacts,,,,,,,Mobile,+2347061854674,Other,+2347061854674,,,,,,,,,,,,,,,,,,,,,,,,,,,,,,,,,,,,,,,,,,,,,,,,,,,,,,,,,
Waladji Sharion Makonjim,,,,,,,,,,,,,,,,* myContacts,* Other,waladji91@yahoo.com,,,,,Other,237673574427,,,,,,,,,,,,,,,,,,,,,,,,,,,,,,,,,,,,,,,,,,,,,,,,,,,,,,,,,,,
WALE NAZIRITE ABOYEJI,,,,,,,,,,NIGERIA IMMIGRATION SERVICE,,,,,,Scholarship Processing ::: * myContacts,,,,,,,Mobile,+2348035756491,Other,+2348035756491,,,,,,,,,,,,,,,,,,,,,,,,,,,,,,,,,,,,,,,,,,,,,,,,,,,,,,,,,
Wasil Ibrahim Hassan,,,,,,,,,,,,,,,,* myContacts,* Other,hassaniwasil@gmail.com,,,,,Other,+2348164679752,,,,,,,,,,,,,,,,,,,,,,,,,,,,,,,,,,,,,,,,,,,,,,,,,,,,,,,,,,,
WASILAT OMOLARA ADIGUN,,,,,,,,,,,,,2024-04-07,,,KBI Ex Staff ::: * myContacts,,,,,,,Mobile,+2349035967740,Other,+2349035967740,,,,,,,,,,,,,,,,,,,,,,,,,,,,,,,,,,,,,,,,,,,,,,,,,,,,,,,,,
WASIU,,SHOLA TAIWO,,,,,,,,,,,,,,Relatives ::: * myContacts,,,,,,,Mobile,+2347013355537,,,,,,,,,,,,,,,,,,,,Nigeria,,,,,,Nigeria,,,,,,,,,,,,,,,,,,,,,,,,,,,,,,,,,
Wendy Aba Etruba Adabie,,,,,,,,,,,,,,,,* myContacts,* Other,wendyadabie@gmail.com,,,,,Other,2330242659573,,,,,,,,,,,,,,,,,,,,,,,,,,,,,,,,,,,,,,,,,,,,,,,,,,,,,,,,,,,
WISDOM CHIJIOKE ORJI,,,,,,,,,,,,,,,,School University of Ibadan Students ::: * myContacts,,,,,,,Mobile,+2348061207508,Other,+2348061207508,,,,,,,,,,,,,,,,,,,,,,,,,,,,,,,,,,,,,,,,,,,,,,,,,,,,,,,,,
WISDOM JOSEPH,,,,,,,,,,,,,2003-08-25,,,RCCG ::: * myContacts,* Home,josewisdom03@gmail.com,,,,,Other,+2349022559222,Mobile,+2348081051904,,,,,,,,,,,,,,,,,,,,,,,,,,,,,,,,,,,,,,,,,,,,,,,,,,,,,,,,Photo,https://lh3.googleusercontent.com/contacts/ABsqpltV_-i-3qEi_RTzIqBAbbJEGhvYCXLUhjPQdtWXGX40djswix_Q
WISDOM OLOWO-BOLA,,,,,,,,,,,,,,,,RCCG ::: * myContacts,,,,,,,Mobile,+2348024708007,Other,+2348024708007,,,,,,,,,,,,,,,,,,Nigeria,,,,,,Nigeria,,,,,,,,,,,,,,,,,,,,,,,,,,,,,,,,,
WONSEBOLATAN,,,,,,,,,,,,,,,,* myContacts,,,,,,,Work,+2347013892125,Other,+234 916 935 9342,,,,,,,,,,,,,,,,,,,,,,,,,,,,,,,,,,,,,,,,,,,,,,,,,,,,,,,,,
Wowi Ayomide Gastab,,,,,,,,,,,,,,,,* myContacts,,,,,,,Mobile,+2348109752338,Other,+2348109752338,,,,,,,,,,,,,,,,,,,,,,,,,,,,,,,,,,,,,,,,,,,,,,,,,,,,,,,,,
Wunmi Hassan-Bello,,,,,,,,,,,,,,,,* myContacts,* Other,wunmihb@gmail.com,,,,,Other,+2347061293864,,,,,,,,,,,,,,,,,,,,,,,,,,,,,,,,,,,,,,,,,,,,,,,,,,,,,,,,,,,
WURAOLA,LYDIA,OLUYEMI,,,,,,,,,,,2000-07-04,,https://lh3.googleusercontent.com/contacts/AG6tpzGyH6lqUI1u2DlRPMqKsyY5bMCkXmdCpUOuhpdH4KNKHNSkvB4t,KBI Staff ::: * family ::: * myContacts ::: * starred,* ,wuraolaoluyemi@gmail.com,,,,,Work,+2348148626938,Mobile,+234 705 759 9954 ::: +234 812 975 8874,Other,6474824019,,,,,,,,,,,,,,,,,,,,,,,,,,,,,,,,,,,,,,,,,,,,,,,,,,,,,,,
Yadirichi Oyibo,,,,,,,,,,,,,,,,* myContacts,* Other,yadirichioyibo@gmail.com,,,,,Other,+2349039161300,,,,,,,,,,,,,,,,,,,,,,,,,,,,,,,,,,,,,,,,,,,,,,,,,,,,,,,,,,,
Yahuza Sani Hudu,,,,,,,,,,,,,,,,* myContacts,* Other,ysanihudu@gmail.com,,,,,Other,+2348146036089,,,,,,,,,,,,,,,,,,,,,,,,,,,,,,,,,,,,,,,,,,,,,,,,,,,,,,,,,,,
Yao Kouwonou,,,,,,,,,,,,,,,,* myContacts,* Other,kouwonouyao7@gmail.com,,,,,Other,22892034964,,,,,,,,,,,,,,,,,,,,,,,,,,,,,,,,,,,,,,,,,,,,,,,,,,,,,,,,,,,
YAPPI CM7 (Frank),,,,,,,,,,,,,,,,* myContacts,,,,,,,Mobile,+2347015511755,,,,,,,,,,,,,,,,,,,,,,,,,,,,,,,,,,,,,,,,,,,,,,,,,,,,,,,,,,,
YEMI,,PHILLIPS,,,,,,,,,,,2021-08-30,,,RCCG ::: * myContacts,,,,,,,Mobile,+2348103656567,,,,,,,,,,,,,,,,,,,,,,,,,,,,,,,,,,,,,,,,,,,,,,,,,,,,,,,,,,,
YEMISI AWOYEMI,,,,,,,,,,,,,,,,Relatives ::: * myContacts,,,,,,,Other,+2348037017541,,,,,,,,,,,,,,,,,,,,,,,,,,,,,,,,,,,,,,,,,,,,,,,,,,,,,,,,,,,
YETUNDE CAROLINE AYODELE,,,,,,,,,,,,,2024-10-15,,,RCCG ::: * myContacts,* Home,ayodeleholuwanifemi@gmail.com,,,,,Mobile,+2348161290246,Other,+2348161290246,,,,,,,,,,,,,,,,,,,,,,,,,,,,,,,,,,,,,,,,,,,,,,,,,,,,,,,,,
YINKA REWIRE,,,,,,,,,,,,,,,,* myContacts,,,,,,,Mobile,+2348079371756,,,,,,,,,,,,,,,,,,,,,,,,,,,,,,,,,,,,,,,,,,,,,,,,,,,,,,,,,,,
YUSUF COKER,,,,,,,,,,Knowledge Base International School,,,1995-02-16,,,KBI Ex Staff ::: * myContacts,* Other,cokeryusuf09@gmail.com,,,,,Mobile,+2349073008482,Other,+2349073008482,,,,,,,,,,,,,,,,,,,,,,,,,,,,,,,,,,,,,,,,,,,,,,,,,,,,,,,,,
Yves Frederic Ndjoh,,,,,,,,,,,,,,,,* myContacts,* Other,fredyndjoh@yahoo.fr,,,,,Other,237698674868,,,,,,,,,,,,,,,,,,,,,,,,,,,,,,,,,,,,,,,,,,,,,,,,,,,,,,,,,,,
ZAINAB,BUKOLA,AFOLABI,,,,,,,,,,,2001-05-05,"Tertiary Institution Attended: Ladoke Akintola University of Technology 
Course of Study: Pure and Applied Chemistry 
Emergency Contact/Next of Kin (Name & Phone Number): Adeyemi Moromoke,  08034187675
Any Medical Information We Should Be Aware Of: None",,KBI Staff ::: * myContacts,* ,mayzeh05@gmail.com,,,,,,0701 478 5500,,,,,,,,,,,,,,,,,,,,"62 Kajola Estate
Moniya
Ibadan
Oyo
NG",62 Kajola Estate,Ibadan,,Oyo,,NG,Moniya,,,,,,,,,,,,,,,,,,,,,,,,,,,,,,,,
ZAINAB ENIOLA HAMMED,,,,,,,,,,,,,2020-06-29,,,KBI Parents ::: * myContacts,,,,,,,Mobile,+2349072017412,Other,+2349072017412,,,,,,,,,,,,,,,,,,,,,,,,,,,,,,,,,,,,,,,,,,,,,,,,,,,,,,,,,
ZENITH,AYOKUNNUMI,EDEM,,,,,,,,,BUSINESSWOMAN,,2021-01-05,,,KBI Parents ::: * myContacts,* ,eniolashade48@gmail.com,,,,,Other,+2348068126535,,,,,,,,,,,,,,,,,,,Other,"ORI-ENI, APAPA WAYMONIYA
NG","ORI-ENI, APAPA WAYMONIYA",,,,,NG,,,,,,,,,,,,,,,,,,,,,,,,,,,,,,,,,
ZION & MICHELLE,AYANFE & OREOFE,AKANDE,,,,,,,,,,,,,,KBI Parents ::: * myContacts,* Home,akandeoluwafunmibi2020@gmail.com,,,,,Mobile,+234 703 914 3999,Work,+234 805 963 9091,Home,+234 903 725 6797,,0903 224 8721,,,,,,,,,,,,,,,,,,,,,,,,,,,,,,,,,,,,,,,,,,,,ZION,2022-08-19,MICHELLE,2024-05-02,,,,,,
ZION AYOMIDE EWARAWON,,,,,,,,,,,,, --02-26,,,KBI Ex Parents ::: * myContacts,,,,,,,Mobile,+2348137955955,Other,+2348137955955,,,,,,,,,,,,,,,,,,,,,,,,,,,,,,,,,,,,,,,,,,,,,,,,,,,,,,,,,
ZION,,EGBEDELE,,,,,,,,,BOOK PUBLISHER / LECTURER,,2018-12-14,,,KBI Ex Parents ::: * myContacts,* Home,egbedele.olusegun@gmail.com,,otele.glory@gmail.com,,,Other,+2347031999225 ::: +2348169057795,,,,,,,,,,,,,,,,,,,Home,"APAPA AKINSOLA VILLAGEMONIYA
NG",APAPA AKINSOLA VILLAGEMONIYA,,,,,NG,,,,,,,,,,,,,,,,,,,,,,,,,,,,,,,,Photo,https://lh3.googleusercontent.com/contacts/ABsqplvUOOPNkwyGjeg6XNy0kIMQoz9OkZABN5wBRpQsLYJF9h-cBiyg
ZION,,OLUWASESAN,,,,,,,,,PHONE ENGINEER,,2022-10-20,,,KBI Parents ::: * myContacts,* ,femioluwasesan2001@gmail.com,,,,,Other,+2349117238841 ::: +2349035106104,,0907 400 7460,,,,,,,,,,,,,,,,,,,,,,,,,,,,,,,,,,,,,,,,,,,,,,,,,,,,,,,,,
ZITA,,CHIALO,,,,,,,,,,,2024-05-31,,,RCCG ::: * myContacts,,,,,,,Mobile,+2347037085709,,,,,,,,,,,,,,,,,,,,Nigeria,,,,,,Nigeria,,,,,,,,,,,,,,,,,,,,,,,,,,,,,,,,,
ZONGO Stéphane,,,,,,,,,,,,,,,,* myContacts,* Other,stephanezongo20@gmail.com,,,,,Other,22655102722,,,,,,,,,,,,,,,,,,,,,,,,,,,,,,,,,,,,,,,,,,,,,,,,,,,,,,,,,,,